{
"type": "FeatureCollection",
"name": "animation_tracks",
"crs": { "type": "name", "properties": { "name": "urn:ogc:def:crs:OGC:1.3:CRS84" } },
"features": [
{ "type": "Feature", "properties": { "id": "U5ODQ", "name": null, "AnimationOrder": 1.0, "animationGroup": "", "uuid": 1, "type": null, "initial": false, "triggers": [ ] }, "geometry": { "type": "LineString", "coordinates": [ [ 139.75457, 35.656791 ], [ 139.751008, 35.657087 ], [ 139.750621, 35.65693 ], [ 139.750257, 35.656529 ], [ 139.749913, 35.654263 ], [ 139.749377, 35.653984 ], [ 139.748883, 35.653827 ], [ 139.74824, 35.653949 ], [ 139.747188, 35.654228 ], [ 139.74618, 35.654611 ], [ 139.745729, 35.654873 ], [ 139.745171, 35.654943 ], [ 139.744034, 35.654995 ] ] } },
{ "type": "Feature", "properties": { "id": "M4MzQ", "name": null, "AnimationOrder": 1.0, "animationGroup": "Tokyo", "uuid": 2, "type": null, "initial": false, "triggers": [ ] }, "geometry": { "type": "LineString", "coordinates": [ [ 139.701462, 35.683584 ], [ 139.702299, 35.680899 ], [ 139.7035, 35.680255 ], [ 139.704316, 35.680255 ], [ 139.705238, 35.680481 ], [ 139.705968, 35.680899 ], [ 139.706311, 35.681109 ], [ 139.707642, 35.681231 ], [ 139.709337, 35.681231 ], [ 139.711032, 35.680795 ], [ 139.712405, 35.680464 ], [ 139.714272, 35.680045 ], [ 139.71586, 35.679505 ], [ 139.717362, 35.679488 ], [ 139.718542, 35.679348 ], [ 139.719551, 35.678808 ], [ 139.720387, 35.678111 ], [ 139.722104, 35.675182 ], [ 139.722791, 35.674433 ], [ 139.723434, 35.674119 ], [ 139.7241, 35.672847 ], [ 139.724507, 35.671975 ], [ 139.724679, 35.671731 ], [ 139.726202, 35.671225 ], [ 139.726589, 35.670772 ], [ 139.727468, 35.667164 ], [ 139.727726, 35.666867 ], [ 139.731181, 35.664374 ], [ 139.732189, 35.663503 ], [ 139.732704, 35.662649 ], [ 139.732919, 35.661533 ], [ 139.732468, 35.659493 ], [ 139.732318, 35.6589 ], [ 139.732511, 35.658098 ], [ 139.733305, 35.657192 ], [ 139.73455, 35.656843 ], [ 139.736245, 35.656442 ], [ 139.739635, 35.655814 ], [ 139.741502, 35.655291 ], [ 139.742317, 35.655152 ], [ 139.74412, 35.655065 ] ] } },
{ "type": "Feature", "properties": { "id": "M2Mjc", "name": null, "AnimationOrder": 3.0, "animationGroup": null, "uuid": 3, "type": "Shinkansen", "initial": false, "triggers": [ 4 ] }, "geometry": { "type": "LineString", "coordinates": [ [ 139.012853126740055, 36.322367755475533 ], [ 139.011211, 36.338636 ], [ 139.006405, 36.347071 ], [ 138.998165, 36.358269 ], [ 138.994217, 36.364766 ], [ 138.975163, 36.487557 ], [ 138.971214, 36.517224 ], [ 138.970528, 36.528812 ], [ 138.967266, 36.579006 ], [ 138.969154, 36.587001 ], [ 138.967609, 36.592238 ], [ 138.965893, 36.600094 ], [ 138.965893, 36.608225 ], [ 138.981171, 36.673789 ], [ 138.964691, 36.760479 ], [ 138.962803, 36.78303 ], [ 138.958683, 36.792653 ], [ 138.951473, 36.802687 ], [ 138.927784, 36.820966 ], [ 138.860149, 36.870558 ], [ 138.850021, 36.879071 ], [ 138.844185, 36.885662 ], [ 138.833885, 36.901313 ], [ 138.819122, 36.925469 ], [ 138.810711, 36.933702 ], [ 138.795433, 36.95387 ], [ 138.791142, 36.961826 ], [ 138.787537, 36.97225 ], [ 138.788052, 36.980889 ], [ 138.791485, 36.988431 ], [ 138.859634, 37.090377 ], [ 138.867016, 37.097771 ], [ 138.90358, 37.130898 ], [ 138.913193, 37.139109 ], [ 138.918686, 37.147319 ], [ 138.921947, 37.155802 ], [ 138.923321, 37.173312 ], [ 138.923664, 37.18822 ], [ 138.921604, 37.197245 ], [ 138.916283, 37.205312 ], [ 138.90049, 37.229235 ], [ 138.843327, 37.316796 ], [ 138.841095, 37.322803 ], [ 138.839035, 37.33113 ], [ 138.838863, 37.336726 ], [ 138.844185, 37.375068 ], [ 138.851051, 37.440383 ], [ 138.868732, 37.485756 ], [ 138.914394, 37.5956 ], [ 138.931389, 37.633538 ], [ 138.937912, 37.645908 ], [ 138.971729, 37.713159 ], [ 138.975163, 37.724293 ], [ 138.982544, 37.768001 ], [ 138.989325, 37.803952 ], [ 138.992243, 37.815276 ], [ 139.005547, 37.847477 ], [ 139.010096, 37.858795 ], [ 139.014645, 37.86923 ], [ 139.017477, 37.876073 ], [ 139.022799, 37.88278 ], [ 139.027519, 37.888199 ], [ 139.034901, 37.897072 ], [ 139.04151, 37.902761 ], [ 139.04593, 37.9063 ], [ 139.04829, 37.907604 ], [ 139.051917, 37.909144 ], [ 139.057946, 37.911277 ], [ 139.061165, 37.912378 ] ] } },
{ "type": "Feature", "properties": { "id": "cwMzY", "name": null, "AnimationOrder": null, "animationGroup": null, "uuid": 4, "type": null, "initial": false, "triggers": [ 121 ] }, "geometry": { "type": "LineString", "coordinates": [ [ 139.061337, 37.912581 ], [ 139.059577, 37.916339 ], [ 139.058762, 37.917084 ], [ 139.056358, 37.918337 ], [ 139.057302, 37.919386 ], [ 139.061294, 37.922568 ], [ 139.06374, 37.925006 ], [ 139.065371, 37.926021 ], [ 139.064898, 37.926563 ], [ 139.070177, 37.933638 ], [ 139.070692, 37.935059 ], [ 139.070306, 37.938275 ], [ 139.069061, 37.938207 ] ] } },
{ "type": "Feature", "properties": { "id": "Y1NDI", "name": null, "AnimationOrder": null, "animationGroup": null, "uuid": 5, "type": null, "initial": false, "triggers": [ ] }, "geometry": { "type": "LineString", "coordinates": [ [ 140.993396, 43.197558 ], [ 140.995102, 43.194477 ], [ 140.996904, 43.193413 ], [ 140.998964, 43.193225 ], [ 141.000681, 43.19285 ], [ 141.00214, 43.191035 ], [ 141.005316, 43.188469 ], [ 141.00729, 43.186967 ], [ 141.012697, 43.183525 ], [ 141.014585, 43.183275 ], [ 141.017504, 43.183588 ], [ 141.02746, 43.180834 ], [ 141.029606, 43.180521 ], [ 141.03364, 43.181523 ], [ 141.035442, 43.181523 ], [ 141.037159, 43.180459 ], [ 141.039133, 43.178956 ], [ 141.041536, 43.178831 ], [ 141.044455, 43.179332 ], [ 141.047974, 43.179958 ], [ 141.052608, 43.179582 ], [ 141.055355, 43.179457 ], [ 141.057415, 43.178956 ], [ 141.059303, 43.178018 ], [ 141.063509, 43.176954 ], [ 141.070032, 43.175514 ], [ 141.07132, 43.174137 ], [ 141.073294, 43.172948 ], [ 141.07604, 43.172509 ], [ 141.078358, 43.171758 ], [ 141.083508, 43.171696 ], [ 141.087456, 43.171257 ], [ 141.090031, 43.170632 ], [ 141.092348, 43.169192 ], [ 141.102819, 43.165373 ], [ 141.104021, 43.16506 ], [ 141.107798, 43.163808 ], [ 141.112604, 43.162493 ], [ 141.114922, 43.160427 ], [ 141.118355, 43.159238 ], [ 141.122475, 43.156545 ], [ 141.12359, 43.156232 ], [ 141.126852, 43.154354 ], [ 141.129169, 43.153916 ], [ 141.13286, 43.152475 ], [ 141.136808, 43.152413 ], [ 141.140499, 43.151974 ], [ 141.14316, 43.151035 ], [ 141.144791, 43.150346 ], [ 141.148739, 43.147716 ], [ 141.150799, 43.147153 ], [ 141.153631, 43.1459 ], [ 141.159725, 43.143583 ], [ 141.1623, 43.142393 ], [ 141.165133, 43.140013 ], [ 141.192427, 43.133374 ], [ 141.203499, 43.132059 ], [ 141.206846, 43.131934 ], [ 141.210279, 43.13231 ], [ 141.214828, 43.132685 ], [ 141.217833, 43.131433 ], [ 141.222982, 43.128175 ], [ 141.225471, 43.126797 ], [ 141.231909, 43.125043 ], [ 141.236286, 43.123978 ], [ 141.241608, 43.121723 ], [ 141.245384, 43.11928 ], [ 141.25886, 43.110946 ], [ 141.277313, 43.099855 ], [ 141.298428, 43.087006 ], [ 141.307354, 43.081615 ], [ 141.334305, 43.06964 ], [ 141.340313, 43.067195 ], [ 141.344862, 43.066944 ], [ 141.350012, 43.068449 ] ] } },
{ "type": "Feature", "properties": { "id": "U1Mzg", "name": null, "AnimationOrder": 1.0, "animationGroup": "Tokyo", "uuid": 6, "type": null, "initial": false, "triggers": [ 26 ] }, "geometry": { "type": "LineString", "coordinates": [ [ 139.697953, 35.658124 ], [ 139.696569, 35.657732 ], [ 139.695282, 35.65741 ], [ 139.693812, 35.657253 ], [ 139.691334, 35.657148 ], [ 139.689263, 35.657061 ], [ 139.688662, 35.657139 ], [ 139.687514, 35.657558 ], [ 139.68569, 35.658299 ], [ 139.684939, 35.658534 ], [ 139.684317, 35.658717 ], [ 139.681345, 35.659258 ], [ 139.679435, 35.659589 ], [ 139.677247, 35.659798 ], [ 139.675101, 35.660138 ], [ 139.672987, 35.66053 ], [ 139.670917, 35.660888 ], [ 139.667011, 35.661594 ], [ 139.665177, 35.661881 ], [ 139.66198, 35.662465 ], [ 139.661175, 35.66257 ], [ 139.660081, 35.662579 ], [ 139.655789, 35.662649 ], [ 139.65521, 35.662692 ], [ 139.654362, 35.663006 ], [ 139.65315, 35.663729 ], [ 139.652678, 35.664252 ], [ 139.652249, 35.664906 ], [ 139.651476, 35.666327 ], [ 139.650682, 35.667748 ], [ 139.650511, 35.668506 ] ] } },
{ "type": "Feature", "properties": { "id": "c4NjE", "name": null, "AnimationOrder": 1.0, "animationGroup": "Tokyo", "uuid": 7, "type": null, "initial": false, "triggers": [ 19 ] }, "geometry": { "type": "LineString", "coordinates": [ [ 139.6505, 35.668567 ], [ 139.650242, 35.669883 ], [ 139.650006, 35.671051 ], [ 139.649631, 35.671722 ], [ 139.64888, 35.672289 ], [ 139.643955, 35.67567 ], [ 139.643505, 35.675941 ], [ 139.642807, 35.676368 ], [ 139.641852, 35.676646 ], [ 139.641016, 35.676812 ], [ 139.635522, 35.678738 ], [ 139.632411, 35.679897 ], [ 139.630544, 35.680533 ], [ 139.627411, 35.681736 ], [ 139.626821, 35.681858 ], [ 139.626489, 35.681928 ], [ 139.625416, 35.682111 ], [ 139.622401, 35.682477 ], [ 139.619172, 35.682878 ], [ 139.61767, 35.68313 ], [ 139.61562, 35.683305 ], [ 139.613925, 35.683357 ], [ 139.611179, 35.68354 ], [ 139.61017, 35.683836 ], [ 139.607863, 35.684612 ], [ 139.605278, 35.685492 ], [ 139.60163, 35.68686 ], [ 139.600933, 35.687226 ], [ 139.599806, 35.687871 ], [ 139.597896, 35.688986 ], [ 139.597242, 35.689344 ], [ 139.596051, 35.68984 ], [ 139.594538, 35.690354 ], [ 139.592521, 35.691025 ], [ 139.591384, 35.691409 ], [ 139.588573, 35.692385 ], [ 139.587575, 35.692768 ], [ 139.586985, 35.693169 ], [ 139.585569, 35.694798 ], [ 139.584013, 35.696558 ], [ 139.583262, 35.697194 ], [ 139.582736, 35.697621 ], [ 139.58205, 35.698632 ], [ 139.581707, 35.699381 ], [ 139.581556, 35.700183 ], [ 139.581438, 35.700645 ], [ 139.580977, 35.701385 ], [ 139.580204, 35.702474 ], [ 139.580022, 35.702614 ] ] } },
{ "type": "Feature", "properties": { "id": "U0MTU", "name": "Initial Haneda", "AnimationOrder": 1.0, "animationGroup": null, "uuid": 8, "type": null, "initial": true, "triggers": [ 129, 2, 6, 7, 27, 28, 29, 30, 31, 39, 40, 41, 58, 67, 68, 71, 73, 74, 75, 76, 77, 78, 80, 81, 84, 85, 86, 89, 90, 93, 94, 98, 106, 116, 125 ] }, "geometry": { "type": "LineString", "coordinates": [ [ 139.766693, 35.545217 ], [ 139.75708, 35.546474 ], [ 139.753132, 35.548953 ], [ 139.752316, 35.549337 ], [ 139.748325, 35.549756 ], [ 139.740772, 35.552096 ], [ 139.739571, 35.552549 ], [ 139.737983, 35.552899 ], [ 139.73103, 35.553562 ], [ 139.730086, 35.554086 ], [ 139.723649, 35.56023 ], [ 139.728842, 35.567701 ], [ 139.732189, 35.572449 ], [ 139.73515, 35.578732 ], [ 139.735622, 35.581873 ], [ 139.735193, 35.5847 ], [ 139.735579, 35.587806 ], [ 139.735923, 35.591715 ], [ 139.738412, 35.596984 ], [ 139.741716, 35.604382 ], [ 139.743347, 35.60658 ], [ 139.743047, 35.608813 ], [ 139.741201, 35.618407 ], [ 139.740729, 35.619803 ], [ 139.739399, 35.622035 ], [ 139.739399, 35.623361 ], [ 139.739313, 35.624861 ], [ 139.738498, 35.625663 ], [ 139.738283, 35.626954 ], [ 139.738283, 35.628838 ] ] } },
{ "type": "Feature", "properties": { "id": "QwNzU", "name": null, "AnimationOrder": null, "animationGroup": null, "uuid": 9, "type": null, "initial": false, "triggers": [ ] }, "geometry": { "type": "LineString", "coordinates": [ [ 141.683292, 42.80088 ], [ 141.683378, 42.79792 ], [ 141.682606, 42.795905 ], [ 141.68149, 42.79433 ], [ 141.68046, 42.792503 ], [ 141.68046, 42.790425 ], [ 141.680546, 42.788976 ], [ 141.681147, 42.78759 ], [ 141.678057, 42.786646 ] ] } },
{ "type": "Feature", "properties": { "id": "Y0NDI", "name": null, "AnimationOrder": 4.0, "animationGroup": "Hokkaido ", "uuid": 13, "type": null, "initial": false, "triggers": [ 209 ] }, "geometry": { "type": "LineString", "coordinates": [ [ 141.458237947327945, 43.042504088515436 ], [ 141.453706, 43.043598 ], [ 141.455015, 43.043449 ], [ 141.456227, 43.043386 ], [ 141.457332, 43.04341 ], [ 141.458395, 43.043512 ], [ 141.459907, 43.043857 ], [ 141.463491, 43.045088 ], [ 141.467396, 43.046538 ], [ 141.470615, 43.047691 ], [ 141.476183, 43.049729 ], [ 141.47747, 43.050435 ], [ 141.478543, 43.051266 ], [ 141.479788, 43.052583 ], [ 141.480539, 43.05412 ], [ 141.482513, 43.059105 ], [ 141.483221, 43.060548 ], [ 141.483865, 43.061802 ], [ 141.485496, 43.063746 ], [ 141.488886, 43.06674 ], [ 141.493349, 43.07069 ], [ 141.494744, 43.071427 ], [ 141.496267, 43.072086 ], [ 141.49895, 43.072932 ], [ 141.502898, 43.074186 ], [ 141.503949, 43.074687 ], [ 141.508648, 43.077885 ], [ 141.523046, 43.087758 ], [ 141.5415, 43.100482 ], [ 141.54974, 43.106999 ], [ 141.557293, 43.110759 ], [ 141.562614, 43.113265 ], [ 141.565361, 43.113766 ], [ 141.570511, 43.112638 ], [ 141.579437, 43.115019 ], [ 141.59523, 43.115395 ], [ 141.598148, 43.116899 ], [ 141.603642, 43.127048 ], [ 141.631279, 43.13945 ], [ 141.6366, 43.13945 ], [ 141.64072, 43.141203 ], [ 141.650162, 43.148969 ], [ 141.730328, 43.189533 ], [ 141.736507, 43.193163 ], [ 141.744747, 43.197543 ], [ 141.74921, 43.199295 ], [ 141.777706, 43.213684 ], [ 141.791439, 43.242952 ], [ 141.853237, 43.300946 ], [ 141.909885, 43.494215 ], [ 141.91864, 43.524157 ], [ 141.907053, 43.535172 ], [ 141.898384, 43.543322 ], [ 141.897268, 43.546557 ], [ 141.898384, 43.550477 ], [ 141.904907, 43.563352 ], [ 141.969795, 43.697914 ], [ 141.973915, 43.700396 ], [ 142.077255, 43.732282 ], [ 142.191925, 43.733027 ], [ 142.197247, 43.735011 ], [ 142.243423, 43.758697 ], [ 142.248573, 43.759317 ], [ 142.25338, 43.758449 ], [ 142.263165, 43.756217 ], [ 142.267799, 43.757457 ], [ 142.270031, 43.759317 ], [ 142.274022, 43.769575 ], [ 142.274408, 43.772395 ], [ 142.274966, 43.773666 ], [ 142.276125, 43.775463 ], [ 142.278872, 43.777415 ], [ 142.28591, 43.782807 ], [ 142.290802, 43.785223 ], [ 142.292819, 43.786246 ], [ 142.296767, 43.789282 ], [ 142.299128, 43.790025 ], [ 142.301702, 43.79018 ], [ 142.306252, 43.789685 ], [ 142.307539, 43.789623 ], [ 142.310886, 43.789871 ], [ 142.318826, 43.791079 ], [ 142.321401, 43.790738 ], [ 142.325006, 43.789623 ], [ 142.325521, 43.789375 ], [ 142.326851, 43.788322 ], [ 142.333846, 43.781412 ], [ 142.336378, 43.778655 ], [ 142.347751, 43.766538 ], [ 142.348952, 43.765918 ], [ 142.35393, 43.764524 ], [ 142.355561, 43.763811 ], [ 142.357707, 43.762943 ] ] } },
{ "type": "Feature", "properties": { "id": "k1MzM", "name": null, "AnimationOrder": 3.0, "animationGroup": "Hokkaido ", "uuid": 14, "type": null, "initial": false, "triggers": [ 13, -16 ] }, "geometry": { "type": "LineString", "coordinates": [ [ 141.633682, 42.651889 ], [ 141.694794, 42.672592 ], [ 141.70063, 42.674863 ], [ 141.715393, 42.68559 ], [ 141.732388, 42.7001 ], [ 141.734962, 42.704011 ], [ 141.736164, 42.708173 ], [ 141.730843, 42.744365 ], [ 141.729813, 42.751172 ], [ 141.715951, 42.773668 ], [ 141.701961, 42.78548 ], [ 141.684494, 42.800376 ], [ 141.675739, 42.807933 ], [ 141.651535, 42.828425 ], [ 141.643467, 42.835003 ], [ 141.622653, 42.852467 ], [ 141.6048, 42.867472 ], [ 141.586647, 42.88282 ], [ 141.579051, 42.889014 ], [ 141.577334, 42.890398 ], [ 141.575875, 42.892316 ], [ 141.57506, 42.894171 ], [ 141.573687, 42.913472 ], [ 141.572056, 42.940716 ], [ 141.571369, 42.948256 ], [ 141.567421, 42.966724 ], [ 141.563559, 42.974323 ], [ 141.562357, 42.984935 ], [ 141.561241, 42.987007 ], [ 141.552057, 42.993599 ], [ 141.548796, 42.994415 ], [ 141.540298, 42.995043 ], [ 141.532123, 42.997742 ], [ 141.526029, 42.999673 ], [ 141.523991, 43.000128 ], [ 141.517296, 43.000128 ], [ 141.515257, 43.000394 ], [ 141.512554, 43.001477 ], [ 141.508327, 43.003627 ], [ 141.500752, 43.007581 ], [ 141.494143, 43.011065 ], [ 141.491997, 43.012493 ], [ 141.489186, 43.014532 ], [ 141.48777, 43.015521 ], [ 141.487341, 43.015929 ], [ 141.48629, 43.016964 ], [ 141.485088, 43.018643 ], [ 141.484337, 43.019788 ], [ 141.483929, 43.020886 ], [ 141.483629, 43.022988 ], [ 141.483307, 43.025608 ], [ 141.482556, 43.031098 ], [ 141.482105, 43.032541 ], [ 141.481311, 43.033906 ], [ 141.480281, 43.035113 ], [ 141.479316, 43.035898 ], [ 141.477878, 43.03687 ], [ 141.476226, 43.037701 ], [ 141.474187, 43.03836 ], [ 141.471698, 43.038956 ], [ 141.458237768364228, 43.04233576416123 ] ] } },
{ "type": "Feature", "properties": { "id": "AwMzk", "name": null, "AnimationOrder": 4.0, "animationGroup": null, "uuid": 15, "type": "Shinkansen", "initial": false, "triggers": [ ] }, "geometry": { "type": "LineString", "coordinates": [ [ 140.458746, 37.759112 ], [ 140.458767, 37.762946 ], [ 140.458982, 37.764676 ], [ 140.459476, 37.767187 ], [ 140.460227, 37.769443 ], [ 140.461428, 37.772547 ], [ 140.461857, 37.773666 ], [ 140.464003, 37.777296 ], [ 140.467951, 37.783672 ], [ 140.473337, 37.792219 ], [ 140.480139, 37.803121 ], [ 140.487328, 37.814429 ], [ 140.492671, 37.822599 ], [ 140.497928, 37.830294 ], [ 140.50458, 37.838733 ], [ 140.523977, 37.864148 ], [ 140.537882, 37.88156 ], [ 140.551271, 37.89775 ], [ 140.610752, 37.968696 ], [ 140.643024, 38.006578 ], [ 140.647144, 38.010907 ], [ 140.74276, 38.082554 ], [ 140.869188, 38.176671 ], [ 140.872364, 38.17991 ], [ 140.87657, 38.186252 ], [ 140.879145, 38.192053 ], [ 140.881205, 38.199204 ], [ 140.882835, 38.205746 ], [ 140.88275, 38.216267 ], [ 140.885239, 38.226044 ], [ 140.886869, 38.232045 ], [ 140.888929, 38.234203 ], [ 140.893135, 38.236697 ], [ 140.893993, 38.238315 ], [ 140.893993, 38.241416 ], [ 140.893221, 38.24418 ], [ 140.892363, 38.246876 ], [ 140.890217, 38.249505 ], [ 140.886011, 38.252471 ], [ 140.883179, 38.254695 ], [ 140.882149, 38.257391 ], [ 140.882149, 38.260154 ], [ 140.882277, 38.260592 ], [ 140.893178, 38.268477 ], [ 140.894852, 38.26905 ], [ 140.906911, 38.270128 ], [ 140.9091, 38.270633 ], [ 140.912747, 38.27188 ], [ 140.916653, 38.274238 ], [ 140.930042, 38.282256 ], [ 140.932488, 38.284547 ], [ 140.94708, 38.298256 ], [ 140.948625, 38.299098 ], [ 140.953259, 38.300378 ], [ 140.957251, 38.301287 ], [ 140.958838, 38.30159 ], [ 140.960598, 38.301422 ], [ 140.961928, 38.301085 ], [ 140.963216, 38.300512 ], [ 140.964804, 38.299671 ], [ 140.966177, 38.2993 ], [ 140.967636, 38.299031 ], [ 140.96961, 38.298829 ], [ 140.971627, 38.298896 ], [ 140.97476, 38.299165 ], [ 140.994415, 38.300917 ], [ 141.005058, 38.304015 ], [ 141.006346, 38.304756 ], [ 141.007762, 38.305901 ], [ 141.008663, 38.306911 ], [ 141.009307, 38.308191 ], [ 141.009607, 38.309706 ], [ 141.00965, 38.311424 ], [ 141.00965, 38.313545 ], [ 141.009307, 38.31634 ], [ 141.009178, 38.318259 ], [ 141.009436, 38.319774 ], [ 141.010637, 38.32139 ], [ 141.012311, 38.322569 ], [ 141.022568, 38.327417 ], [ 141.023984, 38.328629 ], [ 141.025143, 38.329975 ], [ 141.026731, 38.331659 ], [ 141.028275, 38.332871 ], [ 141.031194, 38.334722 ], [ 141.033812, 38.336371 ], [ 141.035056, 38.337415 ], [ 141.035872, 38.338829 ], [ 141.036429, 38.340209 ], [ 141.036869, 38.341387 ], [ 141.037186, 38.342565 ], [ 141.037384, 38.343979 ], [ 141.037652, 38.345392 ], [ 141.037958, 38.346103 ], [ 141.038425, 38.346722 ], [ 141.040217, 38.349019 ], [ 141.041569, 38.350188 ], [ 141.042062, 38.351173 ], [ 141.042212, 38.352384 ], [ 141.042674, 38.355001 ], [ 141.043253, 38.35575 ], [ 141.044025, 38.356221 ], [ 141.045742, 38.357003 ], [ 141.046665, 38.35734 ], [ 141.047426, 38.357542 ], [ 141.0519, 38.358198 ], [ 141.052372, 38.358375 ], [ 141.0572, 38.361479 ], [ 141.058037, 38.362354 ], [ 141.058928, 38.363784 ], [ 141.059743, 38.365525 ], [ 141.059679, 38.366316 ] ] } },
{ "type": "Feature", "properties": { "id": "c1MDU", "name": null, "AnimationOrder": null, "animationGroup": null, "uuid": 16, "type": null, "initial": false, "triggers": [ ] }, "geometry": { "type": "LineString", "coordinates": [ [ 141.131272, 42.495992 ], [ 141.132088, 42.496719 ], [ 141.134963, 42.496403 ], [ 141.137152, 42.497036 ], [ 141.137624, 42.496719 ], [ 141.137538, 42.49634 ], [ 141.136508, 42.49539 ], [ 141.136765, 42.495011 ], [ 141.139297, 42.496909 ], [ 141.138697, 42.49808 ], [ 141.138697, 42.499694 ], [ 141.138611, 42.501117 ], [ 141.139855, 42.501086 ], [ 141.141164, 42.501727 ], [ 141.141776, 42.502241 ], [ 141.142001, 42.502241 ], [ 141.142076, 42.502051 ], [ 141.141829, 42.501821 ], [ 141.141411, 42.501481 ], [ 141.1411, 42.501038 ], [ 141.141196, 42.50035 ], [ 141.141379, 42.499828 ], [ 141.141336, 42.49933 ], [ 141.141218, 42.498309 ], [ 141.141261, 42.49717 ], [ 141.141368, 42.496514 ], [ 141.141347, 42.496205 ], [ 141.141347, 42.496015 ], [ 141.141518, 42.495818 ], [ 141.142377, 42.49528 ], [ 141.142849, 42.494845 ], [ 141.142613, 42.494536 ], [ 141.142462, 42.493017 ], [ 141.142623, 42.492914 ], [ 141.142688, 42.492756 ], [ 141.142784, 42.492202 ], [ 141.142945, 42.491973 ], [ 141.143278, 42.49202 ], [ 141.143192, 42.492218 ] ] } },
{ "type": "Feature", "properties": { "id": "M0NDE", "name": null, "AnimationOrder": 3.0, "animationGroup": "Hokkaido ", "uuid": 17, "type": null, "initial": false, "triggers": [ ] }, "geometry": { "type": "LineString", "coordinates": [ [ 141.632298, 42.651353 ], [ 141.628436, 42.650074 ], [ 141.626955, 42.649696 ], [ 141.616387, 42.646239 ], [ 141.601453, 42.641283 ], [ 141.580124, 42.633959 ], [ 141.545792, 42.622434 ], [ 141.515708, 42.612233 ], [ 141.480088, 42.600135 ], [ 141.432152, 42.584054 ], [ 141.37619, 42.564839 ], [ 141.352673, 42.550235 ], [ 141.319885, 42.530061 ], [ 141.285982, 42.508932 ], [ 141.265383, 42.496023 ], [ 141.214914, 42.464626 ], [ 141.209764, 42.461713 ], [ 141.208284, 42.461349 ], [ 141.204894, 42.461365 ], [ 141.199443, 42.461444 ], [ 141.197126, 42.460922 ], [ 141.194916, 42.459893 ], [ 141.189229, 42.456743 ], [ 141.180754, 42.452088 ], [ 141.180743, 42.452112 ], [ 141.180534, 42.452314 ], [ 141.180641, 42.452448 ], [ 141.180448, 42.452587 ], [ 141.18004, 42.452385 ], [ 141.177932, 42.454558 ], [ 141.177063, 42.455729 ], [ 141.177707, 42.460795 ], [ 141.177235, 42.462347 ], [ 141.178093, 42.464594 ], [ 141.177149, 42.465386 ], [ 141.174617, 42.465607 ], [ 141.172214, 42.465038 ], [ 141.16024, 42.469248 ], [ 141.158996, 42.471021 ], [ 141.15715, 42.471685 ], [ 141.154747, 42.470704 ], [ 141.152987, 42.470039 ], [ 141.150069, 42.470103 ], [ 141.14831, 42.470736 ], [ 141.147752, 42.472287 ], [ 141.147945, 42.473759 ], [ 141.143203, 42.4755 ], [ 141.141787, 42.475848 ], [ 141.135843, 42.476418 ], [ 141.134727, 42.47656 ], [ 141.133096, 42.477304 ], [ 141.132045, 42.477747 ], [ 141.130307, 42.477779 ], [ 141.129255, 42.478016 ], [ 141.128397, 42.478681 ], [ 141.127024, 42.481751 ], [ 141.12653, 42.48259 ], [ 141.125414, 42.484314 ], [ 141.125414, 42.4849 ], [ 141.125844, 42.485533 ], [ 141.130178, 42.488666 ], [ 141.130393, 42.489299 ], [ 141.131573, 42.495185 ], [ 141.131122, 42.495754 ], [ 141.130114, 42.496023 ], [ 141.126294, 42.494504 ], [ 141.125286, 42.494726 ], [ 141.124084, 42.495422 ], [ 141.121316, 42.496735 ], [ 141.118441, 42.499061 ], [ 141.116681, 42.499535 ], [ 141.114793, 42.499741 ], [ 141.111531, 42.500121 ], [ 141.110737, 42.500485 ], [ 141.110115, 42.501102 ], [ 141.109385, 42.504693 ], [ 141.108806, 42.505563 ], [ 141.108506, 42.50648 ], [ 141.108828, 42.507287 ], [ 141.109858, 42.507746 ], [ 141.111188, 42.507714 ], [ 141.11181, 42.507588 ], [ 141.112432, 42.507619 ], [ 141.113012, 42.507793 ], [ 141.113677, 42.50811 ], [ 141.114793, 42.511099 ], [ 141.114643, 42.513503 ], [ 141.114106, 42.513994 ], [ 141.113269, 42.514357 ], [ 141.112497, 42.514373 ], [ 141.111252, 42.514231 ], [ 141.109514, 42.51461 ], [ 141.10872, 42.515006 ], [ 141.108313, 42.515639 ], [ 141.108313, 42.516382 ], [ 141.108441, 42.517141 ], [ 141.108441, 42.517536 ], [ 141.108205, 42.517568 ], [ 141.107969, 42.517995 ], [ 141.10754, 42.518248 ] ] } },
{ "type": "Feature", "properties": { "id": "g0MTk", "name": null, "AnimationOrder": 2.0, "animationGroup": null, "uuid": 19, "type": null, "initial": false, "triggers": [ ] }, "geometry": { "type": "LineString", "coordinates": [ [ 139.580624604765177, 35.703249985870201 ], [ 139.580269, 35.703241 ], [ 139.560957, 35.702683 ], [ 139.543705, 35.702091 ], [ 139.524651, 35.701499 ], [ 139.506969, 35.70108 ], [ 139.480362, 35.700244 ], [ 139.446716, 35.699338 ], [ 139.429207, 35.69878 ], [ 139.422598, 35.698432 ], [ 139.413671, 35.698013 ], [ 139.410152, 35.698571 ], [ 139.393673, 35.70345 ], [ 139.384317, 35.706447 ], [ 139.375648, 35.709026 ], [ 139.360886, 35.713486 ], [ 139.345779, 35.717946 ], [ 139.34329, 35.721361 ], [ 139.333591, 35.734808 ], [ 139.327755, 35.742263 ], [ 139.315825, 35.758563 ], [ 139.306984, 35.770751 ], [ 139.30398, 35.774929 ], [ 139.301491, 35.776739 ], [ 139.297028, 35.779037 ], [ 139.28484, 35.784608 ], [ 139.27248, 35.790056 ], [ 139.270291, 35.790961 ], [ 139.269004, 35.791083 ], [ 139.265034, 35.790143 ], [ 139.263039, 35.78976 ], [ 139.261, 35.790282 ], [ 139.259713, 35.790421 ], [ 139.258361, 35.790526 ], [ 139.258447, 35.790561 ], [ 139.252932, 35.790857 ], [ 139.251752, 35.790996 ], [ 139.247332, 35.791692 ], [ 139.245744, 35.791657 ], [ 139.244049, 35.791274 ], [ 139.242568, 35.790613 ], [ 139.238985, 35.788646 ], [ 139.236817, 35.787428 ], [ 139.235251, 35.786679 ], [ 139.233985, 35.786192 ], [ 139.232633, 35.786244 ], [ 139.23141, 35.786801 ], [ 139.229994, 35.78795 ], [ 139.229028, 35.789342 ], [ 139.228621, 35.791709 ], [ 139.228148, 35.792771 ], [ 139.226711, 35.794459 ], [ 139.225166, 35.796774 ], [ 139.223771, 35.798114 ], [ 139.219136, 35.801665 ], [ 139.215918, 35.804345 ], [ 139.214909, 35.805215 ], [ 139.213643, 35.806729 ], [ 139.212291, 35.807773 ], [ 139.211025, 35.808295 ], [ 139.209759, 35.80826 ], [ 139.207914, 35.807912 ], [ 139.207635, 35.807703 ], [ 139.206219, 35.806468 ], [ 139.204974, 35.806137 ], [ 139.203472, 35.805876 ], [ 139.201798, 35.805389 ], [ 139.196842, 35.80518 ], [ 139.19373, 35.805859 ], [ 139.189954, 35.806781 ], [ 139.188774, 35.806781 ], [ 139.187293, 35.806242 ], [ 139.186049, 35.805563 ], [ 139.185255, 35.804606 ], [ 139.184825, 35.803057 ], [ 139.184482, 35.802239 ], [ 139.183731, 35.801699 ], [ 139.182401, 35.801473 ], [ 139.183538, 35.801386 ], [ 139.183044, 35.801282 ], [ 139.182894, 35.799837 ], [ 139.182143, 35.799681 ], [ 139.180255, 35.799768 ], [ 139.17856, 35.799019 ], [ 139.177916, 35.798602 ], [ 139.177229, 35.798602 ], [ 139.176264, 35.798863 ], [ 139.175792, 35.799106 ], [ 139.175255, 35.799715 ], [ 139.174826, 35.800377 ], [ 139.17474, 35.801143 ], [ 139.174697, 35.801891 ], [ 139.174526, 35.802117 ], [ 139.173882, 35.802326 ], [ 139.17311, 35.802204 ], [ 139.17253, 35.801752 ], [ 139.172122, 35.801003 ], [ 139.171607, 35.800394 ], [ 139.170985, 35.800046 ], [ 139.169869, 35.799733 ], [ 139.169333, 35.799228 ], [ 139.169033, 35.798671 ], [ 139.16899, 35.798254 ], [ 139.168453, 35.797888 ], [ 139.168174, 35.797697 ], [ 139.167831, 35.797679 ], [ 139.167359, 35.797296 ], [ 139.166543, 35.797157 ], [ 139.165707, 35.797175 ], [ 139.164655, 35.797105 ], [ 139.162896, 35.796583 ], [ 139.162595, 35.796618 ], [ 139.161351, 35.796078 ], [ 139.159977, 35.79479 ], [ 139.158411, 35.792963 ], [ 139.157853, 35.792475 ], [ 139.156523, 35.791622 ], [ 139.153647, 35.789734 ] ] } },
{ "type": "Feature", "properties": { "id": "QwMjc", "name": null, "AnimationOrder": 3.0, "animationGroup": "Omiya", "uuid": 23, "type": null, "initial": false, "triggers": [ ] }, "geometry": { "type": "LineString", "coordinates": [ [ 139.617560039581292, 35.920966418636937 ], [ 139.616854, 35.923098 ], [ 139.616125, 35.927581 ], [ 139.615395, 35.929544 ], [ 139.614515, 35.930795 ], [ 139.612992, 35.931855 ], [ 139.611361, 35.932446 ], [ 139.609644, 35.932585 ], [ 139.608035, 35.932185 ], [ 139.606168, 35.931543 ], [ 139.596984, 35.928346 ], [ 139.588938, 35.925513 ], [ 139.579797, 35.922333 ], [ 139.564927, 35.917016 ], [ 139.56027, 35.915261 ], [ 139.554005, 35.910395 ], [ 139.546194, 35.904416 ], [ 139.543962, 35.90379 ], [ 139.52508, 35.903651 ], [ 139.522333, 35.903651 ], [ 139.519415, 35.903304 ], [ 139.489975, 35.900592 ], [ 139.487486, 35.901427 ], [ 139.485254, 35.904486 ], [ 139.483109, 35.907058 ] ] } },
{ "type": "Feature", "properties": { "id": "UxMzE", "name": null, "AnimationOrder": 2.0, "animationGroup": null, "uuid": 26, "type": null, "initial": false, "triggers": [ ] }, "geometry": { "type": "LineString", "coordinates": [ [ 139.650264, 35.668349 ], [ 139.643655, 35.666257 ], [ 139.641681, 35.666118 ], [ 139.632025, 35.667547 ], [ 139.623356, 35.668907 ], [ 139.615803, 35.669883 ], [ 139.610224, 35.67079 ], [ 139.60825, 35.670685 ], [ 139.600782, 35.668175 ], [ 139.585075, 35.662317 ], [ 139.581814, 35.661062 ], [ 139.575291, 35.657924 ], [ 139.566965, 35.654228 ], [ 139.558554, 35.650252 ], [ 139.555979, 35.649485 ], [ 139.551687, 35.649764 ], [ 139.544821, 35.651787 ], [ 139.535508, 35.654611 ], [ 139.53023, 35.657087 ], [ 139.523106, 35.66026 ], [ 139.516668, 35.663224 ], [ 139.510875, 35.66427 ], [ 139.504352, 35.66556 ], [ 139.502978, 35.666083 ], [ 139.495082, 35.668942 ], [ 139.492764, 35.669813 ], [ 139.479933, 35.672324 ], [ 139.475384, 35.672916 ], [ 139.471736, 35.672393 ], [ 139.469976, 35.671626 ], [ 139.468946, 35.670232 ], [ 139.468517, 35.668558 ], [ 139.467101, 35.66413 ], [ 139.4665, 35.662178 ], [ 139.464827, 35.660992 ], [ 139.462123, 35.66026 ], [ 139.45796, 35.659632 ], [ 139.452682, 35.658796 ], [ 139.451652, 35.657854 ], [ 139.450707, 35.655134 ], [ 139.449463, 35.651822 ], [ 139.448218, 35.651159 ], [ 139.446974, 35.650741 ], [ 139.445558, 35.650671 ], [ 139.437833, 35.652414 ], [ 139.433885, 35.65618 ], [ 139.433241, 35.656843 ], [ 139.430795, 35.657645 ], [ 139.415302, 35.661446 ], [ 139.413328, 35.662213 ], [ 139.411483, 35.663119 ], [ 139.409895, 35.663503 ], [ 139.405646, 35.664026 ], [ 139.399381, 35.661132 ], [ 139.398136, 35.6604 ], [ 139.39187, 35.654716 ], [ 139.390497, 35.653356 ], [ 139.381785, 35.649032 ], [ 139.38024, 35.647567 ], [ 139.375134, 35.643243 ], [ 139.374018, 35.642719 ], [ 139.365993, 35.642789 ], [ 139.358182, 35.642964 ], [ 139.354105, 35.644707 ], [ 139.348783, 35.64673 ], [ 139.347239, 35.646695 ], [ 139.345608, 35.646346 ], [ 139.343333, 35.644777 ], [ 139.342346, 35.643975 ], [ 139.340544, 35.643626 ], [ 139.338441, 35.64401 ], [ 139.336853, 35.644359 ], [ 139.332991, 35.645509 ], [ 139.330244, 35.645649 ], [ 139.323893, 35.644254 ], [ 139.321017, 35.644428 ], [ 139.313078, 35.644777 ], [ 139.310675, 35.644498 ], [ 139.307799, 35.643487 ], [ 139.297414, 35.640592 ], [ 139.295826, 35.640348 ], [ 139.293208, 35.640662 ], [ 139.288659, 35.641673 ], [ 139.28587, 35.641499 ], [ 139.283895, 35.642092 ], [ 139.281793, 35.641673 ], [ 139.27424, 35.640104 ], [ 139.272265, 35.639092 ], [ 139.27175, 35.638081 ], [ 139.271922, 35.636511 ], [ 139.269991, 35.632605 ] ] } },
{ "type": "Feature", "properties": { "id": "gxNTM", "name": null, "AnimationOrder": 1.0, "animationGroup": "Tokyo", "uuid": 27, "type": null, "initial": false, "triggers": [ 26 ] }, "geometry": { "type": "LineString", "coordinates": [ [ 139.700775, 35.689058 ], [ 139.6982, 35.688273 ], [ 139.695625, 35.687279 ], [ 139.69393, 35.686233 ], [ 139.69172, 35.684664 ], [ 139.689446, 35.683077 ], [ 139.686635, 35.681403 ], [ 139.684446, 35.680025 ], [ 139.682429, 35.679223 ], [ 139.67994, 35.678176 ], [ 139.676785, 35.677287 ], [ 139.674425, 35.676241 ], [ 139.672644, 35.675543 ], [ 139.669962, 35.674636 ], [ 139.667044, 35.673694 ], [ 139.667215, 35.673764 ], [ 139.667301, 35.673526 ], [ 139.666915, 35.673648 ], [ 139.658718, 35.670894 ], [ 139.650393, 35.668419 ] ] } },
{ "type": "Feature", "properties": { "id": "YyMzI", "name": null, "AnimationOrder": 1.0, "animationGroup": "Tokyo", "uuid": 28, "type": null, "initial": false, "triggers": [ ] }, "geometry": { "type": "LineString", "coordinates": [ [ 139.702588, 35.658419 ], [ 139.703318, 35.657669 ], [ 139.704509, 35.656796 ], [ 139.705077, 35.656482 ], [ 139.705507, 35.655802 ], [ 139.705925, 35.655218 ], [ 139.706644, 35.654572 ], [ 139.707019, 35.654058 ], [ 139.707094, 35.653473 ], [ 139.706697, 35.652662 ], [ 139.706097, 35.651825 ], [ 139.705421, 35.650821 ], [ 139.704884, 35.64994 ], [ 139.704605, 35.649295 ], [ 139.70409, 35.648745 ], [ 139.703254, 35.648161 ], [ 139.701923, 35.64721 ], [ 139.700947, 35.646172 ], [ 139.700464, 35.645518 ], [ 139.699402, 35.644759 ], [ 139.698415, 35.643956 ], [ 139.696827, 35.642491 ], [ 139.69511, 35.641322 ], [ 139.693426, 35.640336 ], [ 139.692246, 35.639097 ], [ 139.690937, 35.637553 ], [ 139.689724, 35.635974 ], [ 139.688855, 35.634779 ], [ 139.687697, 35.632946 ], [ 139.686602, 35.631081 ], [ 139.685326, 35.628926 ], [ 139.684714, 35.627888 ], [ 139.684027, 35.626658 ], [ 139.683266, 35.625401 ], [ 139.682364, 35.624336 ], [ 139.681195, 35.623036 ], [ 139.679918, 35.62164 ], [ 139.67876, 35.620357 ], [ 139.676667, 35.618054 ], [ 139.676195, 35.617521 ], [ 139.676228, 35.617744 ], [ 139.673223, 35.614465 ], [ 139.671421, 35.612441 ], [ 139.669619, 35.609301 ], [ 139.66876, 35.607557 ], [ 139.669275, 35.607557 ], [ 139.664673, 35.605934 ], [ 139.662913, 35.605376 ], [ 139.662291, 35.60528 ], [ 139.661776, 35.605271 ], [ 139.661261, 35.605341 ], [ 139.660767, 35.605446 ], [ 139.653804, 35.607033 ], [ 139.650671, 35.607784 ], [ 139.648032, 35.608368 ], [ 139.646358, 35.608804 ], [ 139.645039, 35.609083 ], [ 139.643902, 35.609432 ], [ 139.643054, 35.609825 ], [ 139.63976, 35.611465 ], [ 139.638913, 35.611936 ], [ 139.637314, 35.612677 ], [ 139.636445, 35.612764 ], [ 139.635522, 35.612677 ], [ 139.634728, 35.612363 ], [ 139.633688, 35.611979 ], [ 139.632722, 35.611883 ], [ 139.632046, 35.611936 ], [ 139.631166, 35.612154 ], [ 139.630158, 35.612459 ], [ 139.629171, 35.612721 ], [ 139.628731, 35.612721 ], [ 139.628087, 35.612642 ], [ 139.62768, 35.612441 ], [ 139.627143, 35.612093 ], [ 139.626832, 35.611822 ] ] } },
{ "type": "Feature", "properties": { "id": "I0Nzk", "name": null, "AnimationOrder": 1.0, "animationGroup": "Tokyo", "uuid": 29, "type": null, "initial": false, "triggers": [ ] }, "geometry": { "type": "LineString", "coordinates": [ [ 139.626832, 35.611822 ], [ 139.627143, 35.612093 ], [ 139.62768, 35.612441 ], [ 139.628087, 35.612642 ], [ 139.628731, 35.612721 ], [ 139.629171, 35.612721 ], [ 139.630158, 35.612459 ], [ 139.631166, 35.612154 ], [ 139.632046, 35.611936 ], [ 139.632722, 35.611883 ], [ 139.633688, 35.611979 ], [ 139.634728, 35.612363 ], [ 139.635522, 35.612677 ], [ 139.636445, 35.612764 ], [ 139.637314, 35.612677 ], [ 139.638913, 35.611936 ], [ 139.63976, 35.611465 ], [ 139.643054, 35.609825 ], [ 139.643902, 35.609432 ], [ 139.645039, 35.609083 ], [ 139.646358, 35.608804 ], [ 139.648032, 35.608368 ], [ 139.650671, 35.607784 ], [ 139.653804, 35.607033 ], [ 139.660767, 35.605446 ], [ 139.661261, 35.605341 ], [ 139.661776, 35.605271 ], [ 139.662291, 35.60528 ], [ 139.662913, 35.605376 ], [ 139.664673, 35.605934 ], [ 139.669275, 35.607557 ] ] } },
{ "type": "Feature", "properties": { "id": "A5NzA", "name": null, "AnimationOrder": 1.0, "animationGroup": "Tokyo", "uuid": 30, "type": null, "initial": false, "triggers": [ ] }, "geometry": { "type": "LineString", "coordinates": [ [ 139.700346, 35.659667 ], [ 139.69717, 35.65883 ], [ 139.696054, 35.657366 ], [ 139.693651, 35.653739 ], [ 139.687557, 35.651996 ], [ 139.684639, 35.650601 ], [ 139.671421, 35.643487 ], [ 139.669533, 35.642092 ], [ 139.667902, 35.639441 ], [ 139.665413, 35.636372 ], [ 139.664576, 35.6355 ], [ 139.663353, 35.634628 ], [ 139.661293, 35.633372 ], [ 139.658203, 35.631489 ], [ 139.655027, 35.630652 ], [ 139.65381, 35.630451 ], [ 139.652817, 35.630442 ], [ 139.651594, 35.630782 ], [ 139.650441, 35.631218 ], [ 139.649647, 35.631537 ], [ 139.648644, 35.631728 ], [ 139.64675, 35.631776 ], [ 139.645414, 35.631707 ], [ 139.645243, 35.631977 ], [ 139.641724, 35.630931 ], [ 139.640007, 35.630442 ], [ 139.637518, 35.628698 ], [ 139.634171, 35.626884 ], [ 139.633055, 35.62528 ], [ 139.631424, 35.62214 ], [ 139.630308, 35.619279 ], [ 139.62842, 35.613759 ], [ 139.628184, 35.613209 ], [ 139.627969, 35.612851 ], [ 139.627272, 35.612189 ], [ 139.6268, 35.611805 ] ] } },
{ "type": "Feature", "properties": { "id": "Q2NTY", "name": null, "AnimationOrder": 1.0, "animationGroup": "Tokyo", "uuid": 31, "type": null, "initial": false, "triggers": [ ] }, "geometry": { "type": "LineString", "coordinates": [ [ 139.700346, 35.659667 ], [ 139.69717, 35.65883 ], [ 139.696054, 35.657366 ], [ 139.693651, 35.653739 ], [ 139.687557, 35.651996 ], [ 139.684639, 35.650601 ], [ 139.671421, 35.643487 ], [ 139.669533, 35.642092 ], [ 139.667902, 35.639441 ], [ 139.665413, 35.636372 ], [ 139.664576, 35.6355 ], [ 139.663353, 35.634628 ], [ 139.661293, 35.633372 ], [ 139.658203, 35.631489 ], [ 139.655027, 35.630652 ], [ 139.65381, 35.630451 ], [ 139.652817, 35.630442 ], [ 139.651594, 35.630782 ], [ 139.650441, 35.631218 ], [ 139.649647, 35.631537 ], [ 139.648644, 35.631728 ], [ 139.64675, 35.631776 ], [ 139.645414, 35.631707 ] ] } },
{ "type": "Feature", "properties": { "id": "g4NDQ", "name": null, "AnimationOrder": 2.0, "animationGroup": "Narita", "uuid": 32, "type": null, "initial": false, "triggers": [ ] }, "geometry": { "type": "LineString", "coordinates": [ [ 140.032597, 35.681143 ], [ 140.046501, 35.668593 ], [ 140.058174, 35.659946 ], [ 140.068474, 35.652693 ], [ 140.072422, 35.651856 ], [ 140.081692, 35.65088 ], [ 140.084782, 35.648648 ], [ 140.09757, 35.630233 ], [ 140.104609, 35.621233 ], [ 140.111647, 35.613767 ], [ 140.113621, 35.613069 ], [ 140.116539, 35.61293 ], [ 140.130272, 35.62214 ], [ 140.153961, 35.639581 ], [ 140.156879, 35.65618 ], [ 140.158296, 35.659214 ], [ 140.160441, 35.661097 ], [ 140.169325, 35.66427 ], [ 140.183229, 35.672916 ], [ 140.187864, 35.678076 ], [ 140.190783, 35.679191 ], [ 140.196447, 35.681074 ], [ 140.203571, 35.689509 ], [ 140.204601, 35.69418 ], [ 140.206146, 35.696828 ], [ 140.218763, 35.708329 ], [ 140.226402, 35.709862 ], [ 140.218763, 35.708329 ], [ 140.206146, 35.696828 ], [ 140.204601, 35.69418 ], [ 140.203571, 35.689509 ], [ 140.196447, 35.681074 ], [ 140.190783, 35.679191 ], [ 140.187864, 35.678076 ], [ 140.183229, 35.672916 ], [ 140.169325, 35.66427 ], [ 140.160441, 35.661097 ], [ 140.158296, 35.659214 ], [ 140.156879, 35.65618 ], [ 140.153961, 35.639581 ], [ 140.130272, 35.62214 ], [ 140.116539, 35.61293 ], [ 140.113621, 35.613069 ] ] } },
{ "type": "Feature", "properties": { "id": "U0ODU", "name": null, "AnimationOrder": 2.0, "animationGroup": "Narita", "uuid": 34, "type": null, "initial": false, "triggers": [ 100 ] }, "geometry": { "type": "LineString", "coordinates": [ [ 140.03289125172742, 35.681460393648102 ], [ 140.03294, 35.681422 ], [ 140.037231, 35.682398 ], [ 140.043926, 35.685884 ], [ 140.048904, 35.685884 ], [ 140.063152, 35.685884 ], [ 140.077572, 35.688951 ], [ 140.084953, 35.696062 ], [ 140.090618, 35.702196 ], [ 140.09903, 35.707911 ], [ 140.108643, 35.71251 ], [ 140.114136, 35.714741 ], [ 140.12598, 35.715298 ], [ 140.146065, 35.717389 ], [ 140.151215, 35.720734 ], [ 140.156708, 35.721709 ], [ 140.177479, 35.727005 ], [ 140.186749, 35.735644 ], [ 140.201168, 35.739825 ], [ 140.207863, 35.735644 ], [ 140.215073, 35.730071 ], [ 140.226231, 35.725054 ], [ 140.244942, 35.726447 ], [ 140.252151, 35.731046 ], [ 140.268116, 35.734808 ], [ 140.270176, 35.73662 ], [ 140.274811, 35.745955 ], [ 140.280819, 35.752921 ], [ 140.284767, 35.757239 ], [ 140.295753, 35.76114 ], [ 140.30056, 35.764901 ], [ 140.305195, 35.767965 ], [ 140.307341, 35.770437 ] ] } },
{ "type": "Feature", "properties": { "id": "gzNDk", "name": null, "AnimationOrder": null, "animationGroup": null, "uuid": 36, "type": null, "initial": false, "triggers": [ ] }, "geometry": { "type": "LineString", "coordinates": [ [ 140.455184, 36.375945 ], [ 140.456879, 36.375504 ], [ 140.45748, 36.375262 ], [ 140.458585, 36.375323 ], [ 140.458596, 36.375487 ], [ 140.459239, 36.375548 ] ] } },
{ "type": "Feature", "properties": { "id": "Q2MDk", "name": null, "AnimationOrder": null, "animationGroup": null, "uuid": 37, "type": null, "initial": false, "triggers": [ 36 ] }, "geometry": { "type": "LineString", "coordinates": [ [ 140.47617, 36.37128 ], [ 140.476105, 36.371902 ], [ 140.47529, 36.372334 ], [ 140.473015, 36.375133 ], [ 140.466793, 36.377603 ], [ 140.465269, 36.378398 ], [ 140.459669, 36.380074 ], [ 140.459261, 36.379348 ], [ 140.458381, 36.378847 ], [ 140.458939, 36.377327 ], [ 140.459411, 36.375582 ] ] } },
{ "type": "Feature", "properties": { "id": "AwMDA", "name": null, "AnimationOrder": 1.0, "animationGroup": "Tokyo", "uuid": 39, "type": null, "initial": false, "triggers": [ ] }, "geometry": { "type": "LineString", "coordinates": [ [ 139.767594, 35.681492 ], [ 139.767938, 35.68456 ], [ 139.770942, 35.691879 ], [ 139.772701, 35.696131 ], [ 139.773388, 35.69878 ], [ 139.774632, 35.706482 ], [ 139.774804, 35.709061 ], [ 139.774761, 35.711082 ], [ 139.776092, 35.712929 ] ] } },
{ "type": "Feature", "properties": { "id": "c5Nzc", "name": null, "AnimationOrder": 1.0, "animationGroup": "Tokyo", "uuid": 40, "type": null, "initial": false, "triggers": [ ] }, "geometry": { "type": "LineString", "coordinates": [ [ 139.734077, 35.607592 ], [ 139.728026, 35.608255 ], [ 139.726396, 35.608743 ], [ 139.724636, 35.609441 ], [ 139.71983, 35.609092 ], [ 139.718242, 35.609022 ], [ 139.71837, 35.608848 ] ] } },
{ "type": "Feature", "properties": { "id": "gyMjE", "name": null, "AnimationOrder": 1.0, "animationGroup": "Tokyo", "uuid": 41, "type": null, "initial": false, "triggers": [ ] }, "geometry": { "type": "LineString", "coordinates": [ [ 139.737339, 35.618617 ], [ 139.736609, 35.616349 ], [ 139.73588, 35.612546 ], [ 139.735065, 35.607627 ] ] } },
{ "type": "Feature", "properties": { "id": "EyMzI", "name": null, "AnimationOrder": 3.0, "animationGroup": null, "uuid": 42, "type": "Shinkansen", "initial": false, "triggers": [ 138 ] }, "geometry": { "type": "LineString", "coordinates": [ [ 135.493011, 34.731597 ], [ 135.472412, 34.724119 ], [ 135.463657, 34.722991 ], [ 135.456791, 34.725953 ], [ 135.44632, 34.745421 ], [ 135.439625, 34.755294 ], [ 135.432243, 34.761358 ], [ 135.422287, 34.76573 ], [ 135.409069, 34.769397 ], [ 135.384521, 34.767422 ], [ 135.356712, 34.764602 ], [ 135.342636, 34.765589 ], [ 135.330105, 34.766576 ], [ 135.320492, 34.765448 ], [ 135.31105, 34.762628 ], [ 135.235519, 34.737945 ], [ 135.224018, 34.731315 ], [ 135.206509, 34.714525 ], [ 135.193806, 34.705776 ], [ 135.186253, 34.704223 ], [ 135.16325, 34.699707 ], [ 135.144882, 34.696743 ], [ 135.124798, 34.691521 ], [ 135.093899, 34.684323 ], [ 135.064201, 34.678111 ], [ 135.04343, 34.673594 ], [ 135.004635, 34.665123 ], [ 134.992447, 34.665123 ], [ 134.972706, 34.666252 ], [ 134.953651, 34.667806 ], [ 134.94112, 34.670488 ], [ 134.932709, 34.675147 ], [ 134.904728, 34.697026 ], [ 134.883957, 34.707328 ], [ 134.863186, 34.722567 ], [ 134.808254, 34.760089 ], [ 134.785252, 34.777716 ], [ 134.762592, 34.793929 ], [ 134.743023, 34.81183 ], [ 134.726372, 34.821836 ], [ 134.711952, 34.824091 ], [ 134.672127, 34.828812 ], [ 134.639683, 34.831207 ], [ 134.63213, 34.831137 ], [ 134.623375, 34.830221 ], [ 134.601402, 34.828248 ], [ 134.587841, 34.828741 ], [ 134.568787, 34.829657 ], [ 134.557457, 34.830009 ], [ 134.549732, 34.828953 ], [ 134.526215, 34.821202 ], [ 134.51746, 34.819581 ], [ 134.497976, 34.818031 ], [ 134.490595, 34.817256 ], [ 134.469652, 34.818525 ], [ 134.459352, 34.819229 ], [ 134.452572, 34.818595 ], [ 134.444761, 34.817115 ], [ 134.436092, 34.813592 ], [ 134.42811, 34.809787 ], [ 134.415064, 34.802528 ], [ 134.399185, 34.794211 ], [ 134.392662, 34.790757 ], [ 134.380817, 34.785118 ], [ 134.374981, 34.783426 ], [ 134.3573, 34.779619 ], [ 134.350262, 34.779337 ], [ 134.323225, 34.778139 ], [ 134.311895, 34.777857 ], [ 134.305801, 34.77687 ], [ 134.294472, 34.773627 ], [ 134.249496, 34.759455 ], [ 134.236879, 34.755294 ], [ 134.230013, 34.753743 ], [ 134.222116, 34.753108 ], [ 134.203663, 34.752121 ], [ 134.187698, 34.750992 ], [ 134.182119, 34.750499 ], [ 134.176111, 34.749088 ], [ 134.16873, 34.746267 ], [ 134.161863, 34.743728 ], [ 134.139118, 34.734841 ], [ 134.130449, 34.731808 ], [ 134.12178, 34.729622 ], [ 134.090624, 34.722497 ], [ 134.061184, 34.715512 ], [ 134.050713, 34.712196 ], [ 134.036551, 34.707469 ], [ 134.027882, 34.703447 ], [ 134.008226, 34.692862 ], [ 133.999643, 34.689051 ], [ 133.991747, 34.68651 ], [ 133.937759, 34.68157 ], [ 133.928919, 34.680511 ], [ 133.924627, 34.678041 ], [ 133.922396, 34.675076 ], [ 133.920336, 34.670417 ], [ 133.918533, 34.66717 ], [ 133.91613, 34.663993 ], [ 133.911468021495068, 34.661181329080328 ] ] } },
{ "type": "Feature", "properties": { "id": "k5NTE", "name": null, "AnimationOrder": null, "animationGroup": null, "uuid": 44, "type": null, "initial": false, "triggers": [ 118 ] }, "geometry": { "type": "LineString", "coordinates": [ [ 134.052622, 34.338766 ], [ 134.052794, 34.337649 ], [ 134.053009, 34.336851 ], [ 134.053159, 34.336071 ], [ 134.052622, 34.335256 ], [ 134.052086, 34.334387 ], [ 134.051292, 34.333288 ], [ 134.050884, 34.332508 ], [ 134.050992, 34.331426 ], [ 134.051313, 34.330026 ], [ 134.051142, 34.329246 ] ] } },
{ "type": "Feature", "properties": { "id": "kyNTA", "name": null, "AnimationOrder": null, "animationGroup": null, "uuid": 45, "type": null, "initial": false, "triggers": [ ] }, "geometry": { "type": "LineString", "coordinates": [ [ 134.023547, 34.344527 ], [ 134.027581, 34.343109 ], [ 134.029942, 34.34162 ], [ 134.032001, 34.340415 ], [ 134.037409, 34.33928 ] ] } },
{ "type": "Feature", "properties": { "id": "czMjM", "name": null, "AnimationOrder": null, "animationGroup": null, "uuid": 46, "type": null, "initial": false, "triggers": [ ] }, "geometry": { "type": "LineString", "coordinates": [ [ 134.048803, 34.350752 ], [ 134.048567, 34.348164 ], [ 134.048181, 34.345753 ], [ 134.04773, 34.342119 ], [ 134.043889, 34.342899 ], [ 134.043632, 34.342899 ], [ 134.037602, 34.343821 ], [ 134.03228, 34.344601 ], [ 134.028547, 34.344778 ], [ 134.024212, 34.344672 ], [ 134.021809, 34.344849 ], [ 134.018955, 34.344371 ], [ 134.0152, 34.344495 ], [ 134.015393, 34.345801 ], [ 134.015307, 34.347964 ], [ 134.012089, 34.348567 ], [ 134.008698, 34.348886 ], [ 134.005566, 34.350162 ], [ 134.002776, 34.350729 ], [ 134.002004, 34.350765 ], [ 134.002604, 34.352892 ], [ 134.002819, 34.353849 ], [ 134.004278, 34.353849 ], [ 134.004364, 34.35275 ] ] } },
{ "type": "Feature", "properties": { "id": "QwNjY", "name": null, "AnimationOrder": null, "animationGroup": null, "uuid": 47, "type": null, "initial": false, "triggers": [ ] }, "geometry": { "type": "LineString", "coordinates": [ [ 134.133577, 34.355118 ], [ 134.136457, 34.356575 ], [ 134.136624, 34.356673 ], [ 134.137085, 34.356801 ], [ 134.139832, 34.35809 ] ] } },
{ "type": "Feature", "properties": { "id": "M4MTc", "name": null, "AnimationOrder": null, "animationGroup": null, "uuid": 48, "type": null, "initial": false, "triggers": [ 65 ] }, "geometry": { "type": "LineString", "coordinates": [ [ 134.052805, 34.33905 ], [ 134.053009, 34.339604 ], [ 134.053921, 34.339573 ], [ 134.054462, 34.339746 ], [ 134.054752, 34.339892 ], [ 134.055004, 34.340162 ], [ 134.055299, 34.340614 ], [ 134.055562, 34.34104 ], [ 134.055862, 34.341341 ], [ 134.056292, 34.341567 ], [ 134.056646, 34.341634 ], [ 134.058239, 34.34162 ], [ 134.058706, 34.341682 ], [ 134.058829, 34.341709 ], [ 134.059247, 34.341709 ], [ 134.059709, 34.341691 ], [ 134.061023, 34.341456 ], [ 134.061736, 34.341323 ], [ 134.062101, 34.341173 ], [ 134.062514, 34.340947 ], [ 134.062895, 34.340716 ], [ 134.06326, 34.340521 ], [ 134.063995, 34.34026 ], [ 134.065014, 34.339905 ], [ 134.065647, 34.339808 ], [ 134.066645, 34.339701 ], [ 134.067353, 34.339644 ], [ 134.067927, 34.339626 ], [ 134.068437, 34.339768 ], [ 134.068785, 34.339963 ], [ 134.069257, 34.340353 ], [ 134.069381, 34.340442 ], [ 134.06988, 34.340725 ], [ 134.070813, 34.341128 ], [ 134.071215, 34.341186 ], [ 134.073093, 34.341168 ], [ 134.074922, 34.341177 ], [ 134.076515, 34.341168 ], [ 134.083403, 34.3409 ], [ 134.08704, 34.340723 ], [ 134.087974, 34.340625 ], [ 134.08969, 34.340413 ], [ 134.092394, 34.340147 ], [ 134.093617, 34.339916 ], [ 134.093961, 34.339907 ], [ 134.100409, 34.34192 ], [ 134.103241, 34.341784 ], [ 134.105752, 34.341429 ], [ 134.107876, 34.34072 ], [ 134.108648, 34.340578 ], [ 134.109721, 34.340578 ], [ 134.113047, 34.340844 ], [ 134.114141, 34.341057 ], [ 134.120193, 34.344017 ], [ 134.121094, 34.344496 ], [ 134.121673, 34.344531 ] ] } },
{ "type": "Feature", "properties": { "id": "M1MTQ", "name": null, "AnimationOrder": null, "animationGroup": null, "uuid": 49, "type": null, "initial": false, "triggers": [ ] }, "geometry": { "type": "LineString", "coordinates": [ [ 133.804593, 34.026985 ], [ 133.801289, 34.028764 ], [ 133.800602, 34.028942 ], [ 133.797469, 34.028622 ], [ 133.791246, 34.027234 ], [ 133.785281, 34.022679 ], [ 133.785152, 34.019654 ], [ 133.785367, 34.017518 ], [ 133.786354, 34.015347 ], [ 133.785238, 34.012713 ], [ 133.785367, 34.010898 ], [ 133.787341, 34.006983 ], [ 133.790216, 34.00143 ], [ 133.791504, 34.000291 ], [ 133.793521, 33.998938 ], [ 133.794208, 33.997585 ], [ 133.794036, 33.996232 ], [ 133.792791, 33.994844 ], [ 133.790216, 33.993669 ], [ 133.7885, 33.992103 ], [ 133.787642, 33.989112 ], [ 133.786998, 33.98662 ], [ 133.78541, 33.983522 ], [ 133.784981, 33.980175 ], [ 133.785281, 33.977612 ], [ 133.783393, 33.975226 ], [ 133.781633, 33.974015 ], [ 133.780432, 33.972449 ], [ 133.776526, 33.970704 ], [ 133.774981, 33.970454 ], [ 133.768244, 33.971273 ], [ 133.761978, 33.970739 ], [ 133.758202, 33.969137 ], [ 133.755455, 33.966644 ], [ 133.754725, 33.963617 ], [ 133.754468, 33.95653 ], [ 133.755326, 33.93986 ], [ 133.755155, 33.937117 ], [ 133.754339, 33.935549 ], [ 133.758502, 33.929991 ], [ 133.759489, 33.928602 ], [ 133.760133, 33.926001 ], [ 133.758674, 33.9234 ], [ 133.758588, 33.921369 ], [ 133.757043, 33.919111 ], [ 133.756142, 33.917022 ], [ 133.757386, 33.912889 ], [ 133.757386, 33.911 ], [ 133.757558, 33.908933 ], [ 133.755798, 33.906296 ], [ 133.754253, 33.903338 ], [ 133.754382, 33.901342 ], [ 133.755713, 33.898812 ], [ 133.756399, 33.897743 ], [ 133.756785, 33.894535 ], [ 133.757815, 33.891612 ], [ 133.759832, 33.888868 ], [ 133.760948, 33.887478 ], [ 133.761206, 33.884555 ], [ 133.760862, 33.883236 ], [ 133.761764, 33.879528 ], [ 133.766699, 33.876819 ], [ 133.767986, 33.876242 ], [ 133.769488, 33.874958 ], [ 133.770347, 33.874174 ], [ 133.771935, 33.87396 ], [ 133.772149, 33.874673 ], [ 133.77172, 33.875208 ], [ 133.771892, 33.875992 ], [ 133.771892, 33.876812 ], [ 133.773952, 33.879914 ], [ 133.77481, 33.879522 ], [ 133.776698, 33.879486 ], [ 133.77717, 33.880128 ], [ 133.778028, 33.880341 ], [ 133.779144, 33.881482 ], [ 133.781247, 33.881161 ], [ 133.78129, 33.881518 ], [ 133.780475, 33.881946 ], [ 133.779745, 33.882908 ], [ 133.779745, 33.884655 ], [ 133.778458, 33.88551 ], [ 133.777814, 33.88551 ], [ 133.777814, 33.886116 ], [ 133.778415, 33.886116 ], [ 133.780432, 33.884726 ], [ 133.780689, 33.882801 ], [ 133.78202, 33.883371 ], [ 133.782406, 33.883871 ], [ 133.781891, 33.885225 ], [ 133.782063, 33.885867 ], [ 133.78262, 33.885225 ], [ 133.784723, 33.883977 ], [ 133.786869, 33.884298 ], [ 133.788028, 33.883764 ], [ 133.799486, 33.885439 ], [ 133.800988, 33.88633 ], [ 133.801975, 33.886544 ], [ 133.802705, 33.887293 ], [ 133.805151, 33.887364 ], [ 133.80558, 33.886401 ], [ 133.806181, 33.885189 ], [ 133.806181, 33.887435 ], [ 133.809829, 33.887934 ], [ 133.811245, 33.889609 ], [ 133.812232, 33.890429 ], [ 133.814378, 33.891035 ], [ 133.815022, 33.890251 ], [ 133.816695, 33.890465 ], [ 133.818626, 33.887364 ], [ 133.820515, 33.885475 ], [ 133.821716, 33.88273 ], [ 133.822231, 33.880662 ], [ 133.824077, 33.879379 ], [ 133.826265, 33.879201 ], [ 133.828025, 33.87699 ], [ 133.827853, 33.878096 ], [ 133.826566, 33.879771 ], [ 133.822703, 33.880734 ], [ 133.821716, 33.883764 ], [ 133.819656, 33.886936 ], [ 133.81794, 33.889039 ], [ 133.817039, 33.891 ], [ 133.817382, 33.891463 ], [ 133.816996, 33.892247 ], [ 133.815794, 33.894599 ], [ 133.81382, 33.896025 ], [ 133.816137, 33.900872 ], [ 133.814678, 33.902369 ], [ 133.81382, 33.903759 ], [ 133.812103, 33.905719 ], [ 133.813627, 33.905634 ], [ 133.816824, 33.906329 ], [ 133.81824, 33.907184 ], [ 133.818648, 33.907665 ], [ 133.81882, 33.907736 ], [ 133.81897, 33.90852 ], [ 133.818626, 33.909055 ] ] } },
{ "type": "Feature", "properties": { "id": "Y3NTE", "name": null, "AnimationOrder": null, "animationGroup": null, "uuid": 53, "type": null, "initial": false, "triggers": [ ] }, "geometry": { "type": "LineString", "coordinates": [ [ 135.94579, 33.627925 ], [ 135.945886, 33.628229 ], [ 135.946981, 33.628023 ], [ 135.947571, 33.628622 ], [ 135.947871, 33.628479 ], [ 135.94888, 33.629203 ], [ 135.949041, 33.629203 ], [ 135.948987, 33.630302 ], [ 135.949137, 33.630535 ], [ 135.949985, 33.630571 ], [ 135.950006, 33.630803 ], [ 135.950913, 33.630584 ], [ 135.951304, 33.630281 ], [ 135.951004, 33.630111 ], [ 135.95095, 33.629812 ], [ 135.950205, 33.628963 ], [ 135.950725, 33.628493 ] ] } },
{ "type": "Feature", "properties": { "id": "A5MjQ", "name": null, "AnimationOrder": 4.0, "animationGroup": null, "uuid": 56, "type": null, "initial": false, "triggers": [ ] }, "geometry": { "type": "LineString", "coordinates": [ [ 135.191574, 34.232162 ], [ 135.192604, 34.224423 ], [ 135.189085, 34.213416 ], [ 135.186939, 34.208303 ], [ 135.186768, 34.201627 ], [ 135.188742, 34.198572 ], [ 135.189085, 34.196371 ], [ 135.187626, 34.191256 ], [ 135.187454, 34.188131 ], [ 135.187883, 34.187633 ], [ 135.18754, 34.187846 ], [ 135.187712, 34.180884 ], [ 135.188313, 34.178577 ], [ 135.189943, 34.17719 ], [ 135.194578, 34.176764 ], [ 135.205307, 34.176337 ], [ 135.207539, 34.17513 ], [ 135.209255, 34.172217 ], [ 135.210199, 34.169943 ], [ 135.210972, 34.165822 ], [ 135.211058, 34.161558 ], [ 135.213032, 34.158858 ], [ 135.214319, 34.156705 ], [ 135.214405, 34.154452 ], [ 135.214748, 34.151325 ], [ 135.214748, 34.149975 ], [ 135.213976, 34.147914 ], [ 135.212002, 34.145924 ], [ 135.207195, 34.145 ], [ 135.201015, 34.143009 ], [ 135.198269, 34.142356 ], [ 135.194407, 34.142014 ], [ 135.187368, 34.142085 ], [ 135.184021, 34.142014 ], [ 135.180931, 34.140166 ], [ 135.177841, 34.139527 ], [ 135.173807, 34.136612 ], [ 135.171146, 34.13384 ], [ 135.170631, 34.130286 ], [ 135.168657, 34.128651 ], [ 135.159473, 34.125523 ], [ 135.155697, 34.123959 ], [ 135.154066, 34.120831 ], [ 135.153208, 34.116778 ], [ 135.153723, 34.113223 ], [ 135.152693, 34.110877 ], [ 135.148916, 34.109597 ], [ 135.144968, 34.108673 ], [ 135.142307, 34.10846 ], [ 135.135183, 34.108104 ], [ 135.122051, 34.104975 ], [ 135.11776, 34.10206 ], [ 135.1157, 34.100069 ], [ 135.114326, 34.096158 ], [ 135.113125, 34.092175 ], [ 135.114927, 34.089117 ], [ 135.117931, 34.087125 ], [ 135.124798, 34.085916 ], [ 135.137758, 34.084209 ], [ 135.142994, 34.082787 ], [ 135.145311, 34.081933 ], [ 135.14986, 34.082076 ], [ 135.154495, 34.081578 ], [ 135.162649, 34.079515 ], [ 135.170546, 34.077879 ], [ 135.176725, 34.077097 ], [ 135.185137, 34.073469 ], [ 135.1896, 34.07169 ], [ 135.19784, 34.065146 ], [ 135.199471, 34.061233 ], [ 135.196724, 34.057177 ], [ 135.192089, 34.051201 ], [ 135.189943, 34.04807 ], [ 135.189428, 34.045864 ], [ 135.190115, 34.043231 ], [ 135.188055, 34.039816 ], [ 135.184793, 34.035902 ], [ 135.179558, 34.031845 ], [ 135.179729, 34.031936 ], [ 135.170202, 34.01642 ], [ 135.166597, 34.013786 ], [ 135.163422, 34.013003 ], [ 135.16119, 34.012647 ], [ 135.159903, 34.010961 ], [ 135.159559, 34.007615 ], [ 135.152435, 34.002774 ], [ 135.153294, 33.983408 ], [ 135.152521, 33.982197 ], [ 135.148916, 33.980417 ], [ 135.146341, 33.978138 ], [ 135.142393, 33.973794 ], [ 135.130978, 33.970731 ], [ 135.127888, 33.969449 ], [ 135.125742, 33.965817 ], [ 135.125742, 33.960546 ], [ 135.130291, 33.948365 ], [ 135.132866, 33.942808 ], [ 135.134239, 33.941098 ], [ 135.136557, 33.935826 ], [ 135.142307, 33.932406 ], [ 135.14411, 33.930126 ], [ 135.14514, 33.926563 ], [ 135.150547, 33.908818 ], [ 135.152521, 33.907393 ], [ 135.155611, 33.906965 ], [ 135.158787, 33.907892 ], [ 135.171232, 33.91117 ], [ 135.175953, 33.910885 ], [ 135.185652, 33.910743 ], [ 135.187368, 33.909602 ], [ 135.189257, 33.907322 ], [ 135.19166, 33.906466 ], [ 135.195694, 33.906823 ], [ 135.198355, 33.908034 ], [ 135.200157, 33.908676 ], [ 135.203676, 33.908034 ], [ 135.20668, 33.905967 ], [ 135.209341, 33.903259 ], [ 135.210028, 33.900336 ], [ 135.207453, 33.897485 ], [ 135.204449, 33.894563 ], [ 135.204191, 33.892068 ], [ 135.205908, 33.889145 ], [ 135.206852, 33.883869 ], [ 135.210285, 33.87895 ], [ 135.216465, 33.873674 ], [ 135.219727, 33.871392 ], [ 135.224361, 33.870037 ], [ 135.225906, 33.868397 ], [ 135.226851, 33.86255 ], [ 135.228653, 33.860411 ], [ 135.231657, 33.859412 ], [ 135.232944, 33.857772 ], [ 135.233374, 33.856132 ], [ 135.231915, 33.854492 ], [ 135.228996, 33.852637 ], [ 135.226765, 33.849428 ], [ 135.225048, 33.846218 ], [ 135.224361, 33.841725 ], [ 135.222301, 33.834592 ], [ 135.224447, 33.826316 ], [ 135.222988, 33.824105 ], [ 135.219898, 33.821965 ], [ 135.219727, 33.818112 ], [ 135.223846, 33.812761 ], [ 135.226507, 33.807124 ], [ 135.230627, 33.805268 ], [ 135.236206, 33.804626 ], [ 135.240498, 33.802557 ], [ 135.24127, 33.797133 ], [ 135.240498, 33.793065 ], [ 135.237408, 33.790353 ], [ 135.235004, 33.788854 ], [ 135.235262, 33.784929 ], [ 135.236721, 33.782074 ], [ 135.244532, 33.781003 ], [ 135.255175, 33.783358 ], [ 135.262899, 33.782787 ], [ 135.266848, 33.783073 ], [ 135.270367, 33.783001 ], [ 135.274658, 33.781217 ], [ 135.279465, 33.780432 ], [ 135.282383, 33.777849 ], [ 135.283241, 33.775422 ], [ 135.289936, 33.773137 ], [ 135.295429, 33.773708 ], [ 135.300579, 33.775422 ], [ 135.308132, 33.775993 ], [ 135.31517, 33.774851 ], [ 135.320148, 33.772138 ], [ 135.324097, 33.767426 ], [ 135.331821, 33.759573 ], [ 135.350018, 33.751719 ], [ 135.355511, 33.747006 ], [ 135.357227, 33.741294 ], [ 135.361004, 33.73658 ], [ 135.365467, 33.735438 ], [ 135.370617, 33.737723 ], [ 135.374565, 33.739722 ], [ 135.379887, 33.737474 ], [ 135.383835, 33.733295 ], [ 135.388813, 33.73001 ], [ 135.391903, 33.728867 ], [ 135.398598, 33.724724 ], [ 135.401516, 33.721153 ], [ 135.404263, 33.71901 ], [ 135.409069, 33.717581 ], [ 135.410099, 33.713724 ], [ 135.414562, 33.710581 ], [ 135.418682, 33.708438 ], [ 135.418682, 33.701722 ], [ 135.417995, 33.695863 ], [ 135.416279, 33.69029 ], [ 135.409927, 33.68243 ], [ 135.406666, 33.681144 ], [ 135.403233, 33.682716 ], [ 135.398083, 33.682573 ], [ 135.395851, 33.681144 ], [ 135.39053, 33.681286 ], [ 135.388813, 33.679286 ], [ 135.387096, 33.675712 ], [ 135.387096, 33.672139 ], [ 135.385551, 33.663419 ], [ 135.386238, 33.660274 ], [ 135.39259, 33.652697 ], [ 135.400143, 33.645262 ], [ 135.401344, 33.641687 ], [ 135.402889, 33.637112 ], [ 135.400486, 33.633966 ], [ 135.398941, 33.628531 ], [ 135.398941, 33.623812 ], [ 135.400143, 33.617519 ], [ 135.404091, 33.609652 ], [ 135.408211, 33.608937 ], [ 135.410442, 33.609795 ], [ 135.413361, 33.607792 ], [ 135.417652, 33.608221 ], [ 135.420227, 33.606362 ], [ 135.438251, 33.59692 ], [ 135.439281, 33.593916 ], [ 135.450954, 33.585903 ], [ 135.455418, 33.586476 ], [ 135.457649, 33.58576 ], [ 135.459023, 33.582613 ], [ 135.468121, 33.579465 ], [ 135.477219, 33.583593 ], [ 135.492153, 33.576173 ], [ 135.494385, 33.572739 ], [ 135.495071, 33.564582 ], [ 135.495071, 33.562292 ], [ 135.493011, 33.55399 ], [ 135.495243, 33.549124 ], [ 135.496101, 33.543827 ], [ 135.500736, 33.541107 ], [ 135.505543, 33.540964 ], [ 135.511551, 33.534808 ], [ 135.524082, 33.533806 ], [ 135.52906, 33.534951 ], [ 135.535755, 33.533949 ], [ 135.546055, 33.530513 ], [ 135.551033, 33.524356 ], [ 135.559101, 33.518199 ], [ 135.565968, 33.516767 ], [ 135.570946, 33.517784 ], [ 135.575066, 33.51691 ], [ 135.575581, 33.515192 ], [ 135.576954, 33.512901 ], [ 135.59, 33.509893 ], [ 135.591545, 33.508461 ], [ 135.601501, 33.507316 ], [ 135.60339, 33.509607 ], [ 135.605879, 33.511334 ], [ 135.608969, 33.509042 ], [ 135.611887, 33.509042 ], [ 135.617123, 33.506178 ], [ 135.621071, 33.507037 ], [ 135.626049, 33.511405 ], [ 135.629654, 33.511047 ], [ 135.636091, 33.50761 ], [ 135.639954, 33.506822 ], [ 135.64373, 33.502741 ], [ 135.649567, 33.501165 ], [ 135.654802, 33.500879 ], [ 135.658321, 33.501237 ], [ 135.660553, 33.498945 ], [ 135.662012, 33.496296 ], [ 135.668879, 33.493145 ], [ 135.674372, 33.490587 ], [ 135.678406, 33.49028 ], [ 135.68347, 33.490638 ], [ 135.686731, 33.490924 ], [ 135.691881, 33.489922 ], [ 135.696602, 33.491569 ], [ 135.698919, 33.494362 ], [ 135.701923, 33.494577 ], [ 135.705271, 33.490853 ], [ 135.71085, 33.48806 ], [ 135.71866, 33.48806 ], [ 135.726042, 33.491641 ], [ 135.729733, 33.49293 ], [ 135.732479, 33.491855 ], [ 135.735912, 33.490996 ], [ 135.739431, 33.492428 ], [ 135.742865, 33.491855 ], [ 135.747671, 33.493789 ], [ 135.754623, 33.494434 ], [ 135.759344, 33.493145 ], [ 135.769386, 33.486985 ], [ 135.770588, 33.480037 ], [ 135.774622, 33.478891 ], [ 135.776081, 33.476671 ], [ 135.77754, 33.473376 ], [ 135.780373, 33.474235 ], [ 135.781746, 33.475668 ], [ 135.781724, 33.475577 ], [ 135.782368, 33.47649 ], [ 135.783098, 33.477726 ], [ 135.784771, 33.479051 ], [ 135.786402, 33.480143 ], [ 135.79078, 33.486214 ], [ 135.792282, 33.487234 ], [ 135.793762, 33.488631 ], [ 135.794621, 33.48967 ], [ 135.794621, 33.490905 ], [ 135.794299, 33.491979 ], [ 135.795543, 33.494629 ], [ 135.796423, 33.497834 ], [ 135.796809, 33.499266 ], [ 135.797431, 33.5 ], [ 135.798397, 33.500681 ], [ 135.799835, 33.500788 ], [ 135.801444, 33.500716 ], [ 135.802667, 33.501092 ], [ 135.803504, 33.502238 ], [ 135.80374, 33.503348 ], [ 135.804985, 33.504297 ], [ 135.806251, 33.504386 ], [ 135.810392, 33.503187 ], [ 135.811872, 33.503652 ], [ 135.815563, 33.507161 ], [ 135.815756, 33.507304 ], [ 135.817559, 33.51169 ], [ 135.818546, 33.512675 ], [ 135.82052, 33.513946 ], [ 135.821121, 33.514608 ], [ 135.821207, 33.516004 ], [ 135.820777, 33.519333 ], [ 135.82067, 33.520407 ], [ 135.821142, 33.521481 ], [ 135.822966, 33.522663 ], [ 135.827065, 33.52388 ], [ 135.830348, 33.525168 ], [ 135.832794, 33.5249 ], [ 135.834768, 33.524023 ], [ 135.83775, 33.522859 ], [ 135.839295, 33.521982 ], [ 135.840797, 33.520407 ], [ 135.842192, 33.519154 ], [ 135.843565, 33.519047 ], [ 135.849874, 33.523164 ], [ 135.851204, 33.523271 ], [ 135.853307, 33.522913 ], [ 135.854938, 33.523271 ], [ 135.857835, 33.525186 ], [ 135.859272, 33.527048 ], [ 135.86056, 33.527549 ], [ 135.862706, 33.527674 ], [ 135.865602, 33.529374 ], [ 135.865967, 33.530967 ], [ 135.866697, 33.53315 ], [ 135.868199, 33.536515 ], [ 135.868714, 33.537803 ], [ 135.869637, 33.540523 ], [ 135.869207, 33.542331 ], [ 135.868521, 33.544102 ], [ 135.868735, 33.545194 ], [ 135.870001, 33.54641 ], [ 135.87146, 33.54684 ], [ 135.874078, 33.546929 ], [ 135.875452, 33.547842 ], [ 135.876095, 33.549989 ], [ 135.88043, 33.552566 ], [ 135.884399, 33.552852 ], [ 135.889828, 33.555983 ], [ 135.891502, 33.558595 ], [ 135.893884, 33.560295 ], [ 135.895901, 33.562066 ], [ 135.897853, 33.562298 ], [ 135.900707, 33.563461 ], [ 135.903089, 33.563016 ], [ 135.904441, 33.563499 ], [ 135.905836, 33.565646 ], [ 135.907745, 33.566254 ], [ 135.90884, 33.566612 ], [ 135.910749, 33.568866 ], [ 135.913045, 33.569975 ], [ 135.91517, 33.571925 ], [ 135.91723, 33.573892 ], [ 135.918968, 33.575985 ], [ 135.91944, 33.577631 ], [ 135.922294, 33.582406 ], [ 135.923581, 33.585036 ], [ 135.923517, 33.587164 ], [ 135.923989, 33.58838 ], [ 135.92577, 33.589668 ], [ 135.927422, 33.590991 ], [ 135.928216, 33.593209 ], [ 135.927958, 33.598037 ], [ 135.928216, 33.600165 ], [ 135.925384, 33.605423 ], [ 135.92489, 33.608141 ], [ 135.924911, 33.609535 ], [ 135.925512, 33.610304 ], [ 135.928345, 33.612021 ], [ 135.930061, 33.612342 ], [ 135.932593, 33.614291 ], [ 135.935426, 33.616544 ], [ 135.93622, 33.619315 ], [ 135.93725, 33.620084 ], [ 135.938966, 33.620927 ], [ 135.940018, 33.622086 ], [ 135.940447, 33.62391 ], [ 135.940447, 33.62568 ], [ 135.941498, 33.628093 ], [ 135.942142, 33.628379 ], [ 135.942464, 33.628075 ], [ 135.94329, 33.62896 ], [ 135.942442, 33.629246 ], [ 135.941691, 33.629827 ], [ 135.937507, 33.630997 ], [ 135.93667, 33.631185 ], [ 135.935565, 33.632865 ], [ 135.933226, 33.635234 ], [ 135.931842, 33.638112 ], [ 135.931596, 33.638961 ], [ 135.93195, 33.639613 ], [ 135.934771, 33.641579 ], [ 135.935158, 33.642348 ], [ 135.935555, 33.644055 ], [ 135.935909, 33.644627 ], [ 135.937325, 33.645878 ], [ 135.937067, 33.646083 ], [ 135.936702, 33.645887 ], [ 135.937014, 33.645449 ], [ 135.936016, 33.644636 ], [ 135.935447, 33.644055 ], [ 135.933881, 33.644305 ], [ 135.933151, 33.644448 ], [ 135.932926, 33.644448 ], [ 135.932432, 33.644806 ], [ 135.931145, 33.645315 ], [ 135.929611, 33.646539 ], [ 135.928656, 33.646968 ], [ 135.927465, 33.647495 ], [ 135.927111, 33.648452 ], [ 135.927283, 33.649872 ], [ 135.927551, 33.6525 ], [ 135.927508, 33.653536 ], [ 135.927175, 33.653858 ], [ 135.926789, 33.653893 ], [ 135.926092, 33.653679 ], [ 135.923399, 33.652642 ], [ 135.921596, 33.652651 ], [ 135.920427, 33.652794 ], [ 135.919172, 33.652553 ], [ 135.917305, 33.653089 ], [ 135.915631, 33.653992 ], [ 135.914977, 33.654867 ], [ 135.914869, 33.655019 ], [ 135.914698, 33.656997 ], [ 135.912638, 33.65957 ], [ 135.910406, 33.662394 ], [ 135.909677, 33.662715 ], [ 135.908604, 33.663751 ], [ 135.907617, 33.66586 ], [ 135.904999, 33.666861 ], [ 135.902606, 33.668809 ], [ 135.901297, 33.670659 ], [ 135.901308, 33.670735 ], [ 135.900697, 33.671718 ], [ 135.900267, 33.671986 ], [ 135.899044, 33.671861 ], [ 135.897574, 33.67222 ], [ 135.896094, 33.671997 ], [ 135.895182, 33.67222 ], [ 135.894238, 33.67231 ], [ 135.894173, 33.672069 ], [ 135.894989, 33.672059 ], [ 135.896394, 33.67155 ], [ 135.897467, 33.67155 ], [ 135.897381, 33.671327 ], [ 135.896394, 33.671336 ], [ 135.895761, 33.671086 ], [ 135.895396, 33.671381 ], [ 135.894796, 33.671604 ], [ 135.893648, 33.671836 ], [ 135.892693, 33.672185 ], [ 135.892725, 33.671935 ], [ 135.893497, 33.671819 ], [ 135.894474, 33.671229 ], [ 135.894892, 33.670747 ], [ 135.894656, 33.670586 ], [ 135.893691, 33.671309 ], [ 135.892746, 33.671372 ], [ 135.891513, 33.672167 ], [ 135.890762, 33.672185 ], [ 135.889442, 33.67272 ], [ 135.889066, 33.672721 ], [ 135.889356, 33.672614 ] ] } },
{ "type": "Feature", "properties": { "id": "A2NTA", "name": null, "AnimationOrder": null, "animationGroup": null, "uuid": 57, "type": null, "initial": false, "triggers": [ 139 ] }, "geometry": { "type": "LineString", "coordinates": [ [ 135.190439122989318, 34.23207089843374 ], [ 135.187712, 34.242083 ], [ 135.180588, 34.241586 ], [ 135.174065, 34.241444 ], [ 135.166683, 34.236616 ], [ 135.162907, 34.234487 ], [ 135.159473, 34.226747 ], [ 135.156984, 34.224546 ], [ 135.147715, 34.219078 ], [ 135.146341, 34.217019 ] ] } },
{ "type": "Feature", "properties": { "id": "I4ODY", "name": null, "AnimationOrder": 1.0, "animationGroup": "Tokyo", "uuid": 58, "type": null, "initial": false, "triggers": [ ] }, "geometry": { "type": "LineString", "coordinates": [ [ 139.734077, 35.704117 ], [ 139.736524, 35.70335 ], [ 139.739356, 35.703385 ], [ 139.742317, 35.703106 ], [ 139.745064, 35.702269 ], [ 139.743648, 35.701502 ], [ 139.743948, 35.700805 ], [ 139.744463, 35.701607 ], [ 139.746737, 35.702513 ], [ 139.752874, 35.702064 ], [ 139.754934, 35.701855 ], [ 139.761028, 35.701297 ], [ 139.763088, 35.700181 ], [ 139.766607, 35.699414 ], [ 139.772615, 35.698159 ], [ 139.784546, 35.697461 ], [ 139.786177, 35.697391 ], [ 139.792528, 35.695996 ], [ 139.797335, 35.695787 ], [ 139.814415, 35.696833 ] ] } },
{ "type": "Feature", "properties": { "id": "IzMDE", "name": null, "AnimationOrder": 4.0, "animationGroup": null, "uuid": 60, "type": null, "initial": false, "triggers": [ ] }, "geometry": { "type": "LineString", "coordinates": [ [ 133.823740489804948, 34.193952872911787 ], [ 133.82163, 34.191872 ], [ 133.823433, 34.18905 ], [ 133.82618, 34.186438 ], [ 133.829827, 34.18555 ], [ 133.834205, 34.184626 ], [ 133.83605, 34.18388 ], [ 133.838282, 34.180932 ], [ 133.841586, 34.177735 ], [ 133.845019, 34.176385 ], [ 133.857744, 34.172529 ], [ 133.859181, 34.171464 ], [ 133.859975, 34.170238 ], [ 133.860126, 34.168479 ], [ 133.859482, 34.166827 ], [ 133.858366, 34.164678 ], [ 133.853474, 34.158247 ], [ 133.850985, 34.156613 ], [ 133.846822, 34.154267 ], [ 133.844161, 34.151158 ], [ 133.843281, 34.150447 ], [ 133.8412, 34.148991 ], [ 133.839955, 34.14732 ], [ 133.836994, 34.144531 ], [ 133.835621, 34.143553 ], [ 133.826737, 34.138169 ], [ 133.824506, 34.137761 ], [ 133.82148, 34.13721 ], [ 133.820128, 34.136161 ], [ 133.819678, 34.134526 ], [ 133.820922, 34.129799 ], [ 133.820686, 34.128573 ], [ 133.818755, 34.126405 ], [ 133.818455, 34.125107 ], [ 133.819056, 34.123828 ], [ 133.82045, 34.12205 ], [ 133.820536, 34.120575 ], [ 133.820279, 34.119491 ], [ 133.81927, 34.118585 ], [ 133.816524, 34.117874 ], [ 133.814335, 34.117429 ], [ 133.812447, 34.116452 ], [ 133.811202, 34.115243 ], [ 133.810601, 34.11391 ], [ 133.80955, 34.111848 ], [ 133.807704, 34.110461 ], [ 133.805237, 34.109733 ], [ 133.804336, 34.109182 ], [ 133.803692, 34.108328 ], [ 133.803413, 34.107511 ], [ 133.803606, 34.105022 ], [ 133.802705, 34.103546 ], [ 133.802447, 34.102533 ], [ 133.80249, 34.100986 ], [ 133.80352, 34.099066 ], [ 133.803756, 34.097004 ], [ 133.804164, 34.095671 ], [ 133.804486, 34.094088 ], [ 133.805838, 34.091066 ], [ 133.817768, 34.06349 ], [ 133.82, 34.058101 ], [ 133.820622, 34.057407 ], [ 133.822618, 34.056127 ], [ 133.823369, 34.054561 ], [ 133.824849, 34.05312 ], [ 133.825514, 34.051946 ], [ 133.825579, 34.050168 ], [ 133.826222, 34.048745 ], [ 133.82736, 34.047962 ], [ 133.828454, 34.046966 ], [ 133.828905, 34.045756 ], [ 133.829119, 34.043835 ], [ 133.829978, 34.042838 ], [ 133.831437, 34.042287 ], [ 133.837574, 34.041735 ], [ 133.838861, 34.041113 ], [ 133.839633, 34.040134 ], [ 133.840749, 34.039654 ], [ 133.843024, 34.039263 ], [ 133.845642, 34.039138 ], [ 133.847809, 34.039992 ], [ 133.853002, 34.042376 ], [ 133.854761, 34.042714 ], [ 133.860469, 34.043265 ], [ 133.863344, 34.04419 ], [ 133.864975, 34.043959 ], [ 133.866177, 34.043194 ], [ 133.866756, 34.042216 ], [ 133.86682, 34.040882 ], [ 133.86431, 34.036594 ], [ 133.863194, 34.034833 ], [ 133.861692, 34.033036 ], [ 133.860126, 34.032413 ] ] } },
{ "type": "Feature", "properties": { "id": "Q5NzM", "name": null, "AnimationOrder": 4.0, "animationGroup": null, "uuid": 61, "type": null, "initial": false, "triggers": [ 46, 127 ] }, "geometry": { "type": "LineString", "coordinates": [ [ 133.823398066937557, 34.314288148112198 ], [ 133.825407, 34.314076 ], [ 133.830814, 34.31209 ], [ 133.834934, 34.309962 ], [ 133.838282, 34.309679 ], [ 133.842831, 34.311594 ], [ 133.84901, 34.312871 ], [ 133.855276, 34.312942 ], [ 133.876133, 34.314644 ], [ 133.902569, 34.30904 ], [ 133.921366, 34.292369 ], [ 133.925142, 34.291162 ], [ 133.936901, 34.293929 ], [ 133.938446, 34.296484 ], [ 133.938789, 34.298754 ], [ 133.941793, 34.300882 ], [ 133.959818, 34.302585 ], [ 133.974237, 34.306983 ], [ 133.98385, 34.312658 ], [ 133.999472, 34.332446 ], [ 134.005823, 34.33507 ], [ 134.012003, 34.344642 ], [ 134.014492, 34.346557 ], [ 134.018612, 34.346699 ], [ 134.027452, 34.345919 ], [ 134.033117, 34.34684 ], [ 134.038353, 34.348258 ], [ 134.045906, 34.350456 ] ] } },
{ "type": "Feature", "properties": { "id": "Q1MDQ", "name": null, "AnimationOrder": null, "animationGroup": null, "uuid": 62, "type": null, "initial": false, "triggers": [ 64 ] }, "geometry": { "type": "LineString", "coordinates": [ [ 134.052796243351651, 34.33883424434984 ], [ 134.05273, 34.337513 ], [ 134.054103, 34.336845 ], [ 134.056034, 34.336627 ], [ 134.057236, 34.336414 ], [ 134.058437, 34.335634 ], [ 134.062901, 34.329252 ], [ 134.073109, 34.323417 ] ] } },
{ "type": "Feature", "properties": { "id": "cwMDc", "name": null, "AnimationOrder": null, "animationGroup": null, "uuid": 64, "type": null, "initial": false, "triggers": [ ] }, "geometry": { "type": "LineString", "coordinates": [ [ 134.073143322651788, 34.323870720110861 ], [ 134.080390364094228, 34.332000982741221 ], [ 134.086547, 34.332805 ], [ 134.092684, 34.333868 ], [ 134.107404, 34.336349 ], [ 134.109206, 34.336455 ], [ 134.115601, 34.337696 ], [ 134.116588, 34.338263 ], [ 134.117789, 34.339219 ], [ 134.119205, 34.340601 ], [ 134.121308, 34.341133 ], [ 134.123325, 34.341664 ], [ 134.128132, 34.341629 ], [ 134.132638, 34.341452 ], [ 134.134269, 34.340566 ], [ 134.137144, 34.338794 ], [ 134.139204, 34.337199 ], [ 134.142551, 34.336916 ], [ 134.146843, 34.336632 ], [ 134.148903, 34.336207 ], [ 134.154139, 34.333585 ], [ 134.160576, 34.328552 ], [ 134.164245, 34.3257 ], [ 134.166563, 34.323998 ], [ 134.16873, 34.322829 ], [ 134.17315, 34.321482 ] ] } },
{ "type": "Feature", "properties": { "id": "A4MDc", "name": null, "AnimationOrder": null, "animationGroup": null, "uuid": 65, "type": null, "initial": false, "triggers": [ ] }, "geometry": { "type": "LineString", "coordinates": [ [ 134.121428445469888, 34.34471705303158 ], [ 134.110045120940043, 34.343503393702697 ], [ 134.110858, 34.343897 ], [ 134.111395, 34.344499 ], [ 134.112403, 34.346111 ], [ 134.113154, 34.34884 ], [ 134.112682, 34.349371 ], [ 134.111803, 34.350328 ], [ 134.111459, 34.352666 ], [ 134.109914, 34.353534 ], [ 134.105988, 34.357945 ], [ 134.106588, 34.359061 ], [ 134.105108, 34.36108 ], [ 134.105194, 34.363046 ], [ 134.104657, 34.364074 ], [ 134.103906, 34.363968 ], [ 134.103885, 34.363507 ], [ 134.103906, 34.362267 ], [ 134.103928, 34.361488 ], [ 134.104035, 34.360584 ], [ 134.103863, 34.360053 ], [ 134.10264, 34.359628 ] ] } },
{ "type": "Feature", "properties": { "id": "YyNTg", "name": null, "AnimationOrder": 1.0, "animationGroup": "Tokyo", "uuid": 67, "type": null, "initial": false, "triggers": [ 126 ] }, "geometry": { "type": "LineString", "coordinates": [ [ 139.711504, 35.729757 ], [ 139.713264, 35.733415 ], [ 139.714251, 35.734321 ], [ 139.716439, 35.734704 ], [ 139.718757, 35.734286 ], [ 139.728842, 35.731499 ], [ 139.731116, 35.730872 ], [ 139.733176, 35.730872 ], [ 139.739356, 35.73345 ], [ 139.74721, 35.73655 ], [ 139.754162, 35.73972 ], [ 139.755278, 35.740382 ], [ 139.757295, 35.740312 ], [ 139.760728, 35.737943 ], [ 139.766994, 35.732579 ] ] } },
{ "type": "Feature", "properties": { "id": "E4MzQ", "name": null, "AnimationOrder": 1.0, "animationGroup": "Tokyo", "uuid": 68, "type": null, "initial": false, "triggers": [ 126 ] }, "geometry": { "type": "LineString", "coordinates": [ [ 139.776263, 35.713033 ], [ 139.779954, 35.717737 ], [ 139.779568, 35.720281 ], [ 139.77725, 35.722615 ], [ 139.774418, 35.725263 ], [ 139.772229, 35.726865 ], [ 139.771113, 35.728503 ], [ 139.76905859999863, 35.731112718498125 ] ] } },
{ "type": "Feature", "properties": { "id": "IwMzQ", "name": null, "AnimationOrder": 1.0, "animationGroup": "Tokyo", "uuid": 71, "type": null, "initial": false, "triggers": [ ] }, "geometry": { "type": "LineString", "coordinates": [ [ 139.669082, 35.644106 ], [ 139.667848, 35.644123 ], [ 139.667591, 35.644141 ], [ 139.666282, 35.644594 ], [ 139.664297, 35.645379 ], [ 139.662774, 35.645989 ], [ 139.661679, 35.646207 ], [ 139.660842, 35.646094 ], [ 139.659888, 35.645963 ], [ 139.658976, 35.645727 ], [ 139.655478, 35.643984 ], [ 139.655199, 35.643914 ], [ 139.647399, 35.643199 ], [ 139.646831, 35.643216 ], [ 139.646401, 35.643522 ], [ 139.645082, 35.645588 ], [ 139.644706, 35.646477 ], [ 139.644781, 35.64714 ], [ 139.644996, 35.64782 ] ] } },
{ "type": "Feature", "properties": { "id": "A0NzY", "name": "2023-03-09 001", "AnimationOrder": 1.0, "animationGroup": "Tokyo", "uuid": 73, "type": null, "initial": false, "triggers": [ 122 ] }, "geometry": { "type": "LineString", "coordinates": [ [ 139.734185, 35.703947 ], [ 139.737763, 35.703232 ], [ 139.739426, 35.703341 ], [ 139.741019, 35.703533 ], [ 139.742602, 35.702992 ], [ 139.743943, 35.702827 ], [ 139.744635, 35.702761 ], [ 139.745418, 35.702151 ], [ 139.746995, 35.701123 ], [ 139.747488, 35.7008 ], [ 139.750181, 35.698062 ], [ 139.751222, 35.695883 ], [ 139.751823, 35.694401 ], [ 139.754505, 35.69291 ], [ 139.756608, 35.690905 ], [ 139.758775, 35.690111 ], [ 139.76017, 35.689484 ], [ 139.760771, 35.688769 ], [ 139.761211, 35.686616 ], [ 139.761779, 35.685717 ], [ 139.76326, 35.685264 ], [ 139.766468, 35.684618 ], [ 139.770834, 35.683659 ], [ 139.774407, 35.682247 ], [ 139.778248, 35.680686 ], [ 139.779493, 35.680241 ], [ 139.786069, 35.676455 ], [ 139.787389, 35.675949 ], [ 139.788848, 35.675742 ], [ 139.791756, 35.673989 ], [ 139.794642, 35.672445 ], [ 139.798923, 35.670675 ], [ 139.802313, 35.669594 ], [ 139.806218, 35.669437 ], [ 139.80976868356268, 35.669340763402047 ] ] } },
{ "type": "Feature", "properties": { "id": "E4MDI", "name": "2025-03-07 1", "AnimationOrder": 1.0, "animationGroup": "Tokyo", "uuid": 74, "type": null, "initial": false, "triggers": [ ] }, "geometry": { "type": "LineString", "coordinates": [ [ 139.734979, 35.704038 ], [ 139.738841, 35.703166 ], [ 139.741631, 35.703306 ], [ 139.745235, 35.702155 ], [ 139.748454, 35.69954 ], [ 139.750643, 35.697273 ], [ 139.751372, 35.69532 ] ] } },
{ "type": "Feature", "properties": { "id": "I2NTI", "name": "2025-03-07 2", "AnimationOrder": 1.0, "animationGroup": "Tokyo", "uuid": 75, "type": null, "initial": false, "triggers": [ ] }, "geometry": { "type": "LineString", "coordinates": [ [ 139.743444, 35.67368 ], [ 139.745557, 35.673942 ], [ 139.747059, 35.674064 ], [ 139.748422, 35.673732 ], [ 139.751641, 35.672511 ], [ 139.755009, 35.671073 ], [ 139.755814, 35.67109 ], [ 139.756705, 35.67143 ], [ 139.757262, 35.672311 ], [ 139.757917, 35.673322 ], [ 139.758378, 35.673732 ], [ 139.759837, 35.675232 ], [ 139.760245, 35.676218 ], [ 139.761071, 35.678624 ], [ 139.761769, 35.680333 ], [ 139.76238, 35.682356 ], [ 139.762852, 35.6839 ], [ 139.766457, 35.684667 ], [ 139.762423, 35.685495 ], [ 139.76135, 35.686289 ], [ 139.760921, 35.687893 ], [ 139.76046, 35.689236 ], [ 139.758775, 35.69009 ], [ 139.756544, 35.690927 ], [ 139.75458, 35.69288 ], [ 139.751791, 35.694484 ], [ 139.750139, 35.697989 ], [ 139.747478, 35.700778 ], [ 139.745997, 35.701746 ], [ 139.744366, 35.702731 ], [ 139.741116, 35.703498 ], [ 139.738004, 35.70321 ], [ 139.736094, 35.703559 ], [ 139.734174, 35.704004 ] ] } },
{ "type": "Feature", "properties": { "id": "AyMjI", "name": "2025-03-10 002", "AnimationOrder": 1.0, "animationGroup": "Tokyo", "uuid": 76, "type": null, "initial": false, "triggers": [ ] }, "geometry": { "type": "LineString", "coordinates": [ [ 139.705056, 35.713364 ], [ 139.703425, 35.713765 ], [ 139.702588, 35.713591 ], [ 139.701612, 35.713268 ], [ 139.700239, 35.712632 ], [ 139.69849, 35.712048 ], [ 139.696333, 35.711455 ], [ 139.694048, 35.711081 ], [ 139.692868, 35.710932 ], [ 139.69187, 35.710941 ], [ 139.690776, 35.711203 ], [ 139.690025, 35.711333 ], [ 139.689113, 35.711272 ], [ 139.68775, 35.711115 ], [ 139.686377, 35.710723 ], [ 139.685926, 35.710662 ], [ 139.682375, 35.709878 ], [ 139.679232, 35.708509 ], [ 139.677258, 35.70708 ], [ 139.676185, 35.706382 ], [ 139.675122, 35.706034 ], [ 139.665638, 35.705833 ] ] } },
{ "type": "Feature", "properties": { "id": "Y1MDg", "name": "2025-03-10 003", "AnimationOrder": 1.0, "animationGroup": "Tokyo", "uuid": 77, "type": null, "initial": false, "triggers": [ ] }, "geometry": { "type": "LineString", "coordinates": [ [ 139.734045, 35.703936 ], [ 139.733541, 35.704063 ], [ 139.73191, 35.70432 ], [ 139.730896, 35.70459 ], [ 139.730215, 35.704747 ], [ 139.72698, 35.704634 ], [ 139.725205, 35.705301 ], [ 139.723885, 35.705475 ], [ 139.72124, 35.705715 ], [ 139.720184, 35.705876 ], [ 139.719669, 35.706063 ], [ 139.718762, 35.706643 ], [ 139.717786, 35.707541 ], [ 139.717121, 35.708382 ], [ 139.716391, 35.709393 ], [ 139.7155, 35.709581 ], [ 139.713639, 35.709907 ], [ 139.712915, 35.710252 ], [ 139.711477, 35.711075 ], [ 139.710329, 35.711428 ], [ 139.707674, 35.711938 ], [ 139.707422, 35.712065 ], [ 139.705018, 35.713385 ], [ 139.703929, 35.712577 ], [ 139.704053, 35.712843 ], [ 139.704541, 35.713662 ], [ 139.704874, 35.714211 ], [ 139.704943, 35.714617 ], [ 139.704874, 35.715144 ], [ 139.704621, 35.715532 ], [ 139.70423, 35.715854 ], [ 139.703591, 35.716059 ], [ 139.702497, 35.716164 ], [ 139.700351, 35.716303 ], [ 139.698581, 35.716382 ], [ 139.697433, 35.716177 ], [ 139.695448, 35.715785 ], [ 139.694569, 35.715802 ], [ 139.693313, 35.715885 ], [ 139.691463, 35.715937 ], [ 139.689789, 35.715606 ], [ 139.687852, 35.715266 ], [ 139.686318, 35.715113 ], [ 139.684419, 35.714952 ], [ 139.683008, 35.71483 ], [ 139.682263, 35.714852 ], [ 139.681469, 35.714957 ], [ 139.679178, 35.715523 ], [ 139.677585, 35.715815 ], [ 139.676051, 35.71588 ], [ 139.675004, 35.715754 ], [ 139.673427, 35.715628 ], [ 139.672639, 35.71571 ] ] } },
{ "type": "Feature", "properties": { "id": "A4NzY", "name": "2025-03-10 Takedanobaba", "AnimationOrder": 1.0, "animationGroup": "Tokyo", "uuid": 78, "type": null, "initial": false, "triggers": [ ] }, "geometry": { "type": "LineString", "coordinates": [ [ 139.733799, 35.704126 ], [ 139.730644, 35.704562 ], [ 139.730237, 35.704806 ], [ 139.726803, 35.704754 ], [ 139.725087, 35.705416 ], [ 139.721031, 35.705887 ], [ 139.719422, 35.706183 ], [ 139.718564, 35.706985 ], [ 139.717298, 35.708188 ], [ 139.716461, 35.709461 ], [ 139.713585, 35.709984 ], [ 139.711354, 35.711082 ], [ 139.708457, 35.711849 ], [ 139.707255, 35.712128 ], [ 139.705195, 35.713243 ], [ 139.705045, 35.7134 ] ] } },
{ "type": "Feature", "properties": { "id": "I5MTg", "name": "Gotanda -> Takadanobaba", "AnimationOrder": 1.0, "animationGroup": "Tokyo", "uuid": 80, "type": null, "initial": false, "triggers": [ ] }, "geometry": { "type": "LineString", "coordinates": [ [ 139.703629, 35.712716 ], [ 139.702964, 35.71059 ], [ 139.700754, 35.704331 ], [ 139.700325, 35.70142 ], [ 139.700196, 35.700025 ], [ 139.699895, 35.698107 ], [ 139.699359, 35.696189 ], [ 139.69923, 35.695073 ], [ 139.700367, 35.691568 ], [ 139.700754, 35.689092 ], [ 139.701204, 35.68707 ], [ 139.702106, 35.683948 ], [ 139.702535, 35.683094 ], [ 139.703307, 35.68046 ], [ 139.704015, 35.677426 ], [ 139.703929, 35.675071 ], [ 139.70305, 35.672595 ], [ 139.702427, 35.67024 ], [ 139.701719, 35.664746 ], [ 139.701355, 35.661973 ], [ 139.701183, 35.659932 ], [ 139.701741, 35.658135 ], [ 139.703157, 35.65592 ], [ 139.70408, 35.65503 ], [ 139.705796, 35.653198 ], [ 139.70777, 35.650878 ], [ 139.708886, 35.648889 ], [ 139.710259, 35.646481 ], [ 139.711933, 35.643358 ], [ 139.713221, 35.64102 ], [ 139.714251, 35.638927 ], [ 139.714701, 35.638142 ], [ 139.715152, 35.6361 ], [ 139.71601, 35.632837 ], [ 139.716504, 35.631267 ], [ 139.717233, 35.630202 ], [ 139.719486, 35.628981 ], [ 139.721954, 35.627829 ], [ 139.723327, 35.626537 ] ] } },
{ "type": "Feature", "properties": { "id": "EyODA", "name": "Ikebukuro -> Mejiro", "AnimationOrder": 1.0, "animationGroup": "Tokyo", "uuid": 81, "type": null, "initial": false, "triggers": [ 132 ] }, "geometry": { "type": "LineString", "coordinates": [ [ 139.706526, 35.72125 ], [ 139.707749, 35.723691 ], [ 139.708757, 35.725507 ], [ 139.710925, 35.729547 ] ] } },
{ "type": "Feature", "properties": { "id": "c1ODI", "name": "Kudanshita -> Shibya", "AnimationOrder": 1.0, "animationGroup": "Tokyo", "uuid": 84, "type": null, "initial": false, "triggers": [ ] }, "geometry": { "type": "LineString", "coordinates": [ [ 139.751372, 35.695463 ], [ 139.745407, 35.693964 ], [ 139.744227, 35.693022 ], [ 139.743304, 35.69079 ], [ 139.742446, 35.688541 ], [ 139.741867, 35.687373 ], [ 139.741588, 35.685141 ], [ 139.74148, 35.683833 ], [ 139.741888, 35.681967 ], [ 139.741867, 35.680345 ], [ 139.741201, 35.679124 ], [ 139.739742, 35.678514 ], [ 139.739141, 35.678584 ], [ 139.736481, 35.678182 ], [ 139.733906, 35.676595 ], [ 139.732232, 35.675671 ], [ 139.730794, 35.674991 ], [ 139.729185, 35.674485 ], [ 139.723949, 35.672881 ], [ 139.721224, 35.671904 ], [ 139.717684, 35.670578 ], [ 139.716825, 35.670212 ], [ 139.715452, 35.668642 ], [ 139.712427, 35.665189 ], [ 139.71086, 35.663532 ], [ 139.708886, 35.662119 ], [ 139.70674, 35.660811 ], [ 139.70511, 35.66006 ], [ 139.703178, 35.659624 ], [ 139.701977, 35.659555 ] ] } },
{ "type": "Feature", "properties": { "id": "k3Nzk", "name": "Kudanshita -> Shinjuku", "AnimationOrder": 1.0, "animationGroup": "Tokyo", "uuid": 85, "type": null, "initial": false, "triggers": [ 202, 201, 210 ] }, "geometry": { "type": "LineString", "coordinates": [ [ 139.750514, 35.695272 ], [ 139.748218, 35.694818 ], [ 139.743905, 35.693511 ], [ 139.740579, 35.692395 ], [ 139.737575, 35.691575 ], [ 139.736009, 35.691209 ], [ 139.734828, 35.691 ], [ 139.733198, 35.691436 ], [ 139.731438, 35.691174 ], [ 139.729228, 35.691157 ], [ 139.72779, 35.691279 ], [ 139.726503, 35.691784 ], [ 139.724679, 35.692273 ], [ 139.722812, 35.692342 ], [ 139.719594, 35.691907 ], [ 139.717383, 35.691383 ], [ 139.715538, 35.691192 ], [ 139.712899, 35.691174 ], [ 139.710345, 35.691453 ], [ 139.7082, 35.691366 ], [ 139.706783, 35.690808 ], [ 139.706161, 35.690599 ], [ 139.704638, 35.689849 ], [ 139.702835, 35.68943 ], [ 139.700968, 35.689029 ] ] } },
{ "type": "Feature", "properties": { "id": "QzNjM", "name": "Nagahara -> Gotanda", "AnimationOrder": 1.0, "animationGroup": "Tokyo", "uuid": 86, "type": null, "initial": false, "triggers": [ ] }, "geometry": { "type": "LineString", "coordinates": [ [ 139.724132, 35.62515 ], [ 139.723837, 35.624556 ], [ 139.72367, 35.623954 ], [ 139.723467, 35.623575 ], [ 139.722544, 35.622576 ], [ 139.721192, 35.621119 ], [ 139.721031, 35.620635 ], [ 139.720387, 35.619308 ], [ 139.717383, 35.617877 ], [ 139.715667, 35.617011 ], [ 139.715195, 35.616306 ], [ 139.711847, 35.609744 ], [ 139.703264, 35.605114 ], [ 139.697728, 35.602217 ] ] } },
{ "type": "Feature", "properties": { "id": "A2MjY", "name": "Nagoya -> ShinOsaka", "AnimationOrder": 2.0, "animationGroup": null, "uuid": 87, "type": "Shinkansen", "initial": false, "triggers": [ 42, 91 ] }, "geometry": { "type": "LineString", "coordinates": [ [ 139.767208, 35.680643 ], [ 139.765277, 35.676806 ], [ 139.762917, 35.674713 ], [ 139.7609, 35.673144 ], [ 139.758239, 35.668469 ], [ 139.758368, 35.666167 ], [ 139.758797, 35.661876 ], [ 139.757767, 35.656748 ], [ 139.756823, 35.652979 ], [ 139.755321, 35.650049 ], [ 139.753089, 35.648025 ], [ 139.749184, 35.646176 ], [ 139.744205, 35.643524 ], [ 139.743347, 35.640767 ], [ 139.742961, 35.637661 ], [ 139.740815, 35.632496 ], [ 139.739313, 35.62925 ], [ 139.73897, 35.625621 ], [ 139.737639, 35.619757 ], [ 139.736352, 35.617907 ], [ 139.733863, 35.61672 ], [ 139.731288, 35.616266 ], [ 139.7294, 35.61501 ], [ 139.728026, 35.612496 ], [ 139.723864, 35.606537 ], [ 139.721889, 35.602347 ], [ 139.7194, 35.596552 ], [ 139.71571, 35.594247 ], [ 139.689703, 35.586845 ], [ 139.677258, 35.583213 ], [ 139.666958, 35.579791 ], [ 139.66464, 35.578394 ], [ 139.662924, 35.575321 ], [ 139.664984, 35.568964 ], [ 139.663696, 35.564912 ], [ 139.659748, 35.560511 ], [ 139.650478, 35.546957 ], [ 139.637432, 35.528578 ], [ 139.630394, 35.518653 ], [ 139.61709, 35.50677 ], [ 139.613485, 35.50409 ], [ 139.607801298268413, 35.500714755896233 ], [ 139.607584, 35.500614 ], [ 139.607563, 35.500629 ], [ 139.597607, 35.493357 ], [ 139.589539, 35.486225 ], [ 139.584217, 35.482169 ], [ 139.567394, 35.476155 ], [ 139.557095, 35.473358 ], [ 139.531174, 35.45769 ], [ 139.515209, 35.448736 ], [ 139.508858, 35.445238 ], [ 139.488087, 35.437962 ], [ 139.454098, 35.425506 ], [ 139.411182, 35.40619 ], [ 139.363909101280456, 35.387538974915635 ], [ 139.355564, 35.381687 ], [ 139.315052, 35.353255 ], [ 139.304237, 35.343729 ], [ 139.287758, 35.326355 ], [ 139.273853, 35.314303 ], [ 139.239006, 35.300567 ], [ 139.216347, 35.294959 ], [ 139.179955, 35.277715 ], [ 139.158325, 35.263832 ], [ 139.146309, 35.25107 ], [ 139.135323, 35.235893 ], [ 139.12365, 35.190989 ], [ 139.118156, 35.170774 ], [ 139.093437, 35.146622 ], [ 139.081078, 35.130891 ], [ 139.075584, 35.106164 ], [ 139.072838, 35.099982 ], [ 139.066658, 35.096609 ], [ 139.054298, 35.090707 ], [ 138.961258, 35.103354 ], [ 138.919716, 35.120495 ], [ 138.90358, 35.120495 ], [ 138.877487, 35.117405 ], [ 138.821869, 35.121338 ], [ 138.804016, 35.1337 ], [ 138.750458, 35.148588 ], [ 138.732262, 35.14943 ], [ 138.68351, 35.14297 ], [ 138.652954, 35.136509 ], [ 138.607292, 35.13061 ], [ 138.549957, 35.106164 ], [ 138.513565, 35.067937 ], [ 138.486099, 35.035879 ], [ 138.375549, 34.965251 ], [ 138.354607, 34.943009 ], [ 138.351517, 34.919071 ], [ 138.313065, 34.879628 ], [ 138.196678, 34.796704 ], [ 138.102608, 34.771345 ], [ 138.049393, 34.764573 ], [ 138.02948, 34.768806 ], [ 137.994118, 34.761186 ], [ 137.915154, 34.735219 ], [ 137.874985, 34.711503 ], [ 137.865715, 34.702467 ], [ 137.814903, 34.695971 ], [ 137.770958, 34.701619 ], [ 137.723923, 34.697383 ], [ 137.697144, 34.685803 ], [ 137.672768, 34.688063 ], [ 137.633286, 34.68616 ], [ 137.603245, 34.690115 ], [ 137.582989, 34.695336 ], [ 137.552433, 34.698301 ], [ 137.466259, 34.719045 ], [ 137.410984, 34.735834 ], [ 137.392101, 34.746824 ], [ 137.377167, 34.771797 ], [ 137.362576, 34.784636 ], [ 137.344208, 34.792962 ], [ 137.298203, 34.814342 ], [ 137.259064, 34.817577 ], [ 137.231426, 34.833643 ], [ 137.163105, 34.85929 ], [ 137.101135, 34.926064 ], [ 137.05925, 34.970549 ], [ 137.043114, 34.987432 ], [ 136.96003, 35.041304 ], [ 136.942177, 35.066328 ], [ 136.917458, 35.112137 ], [ 136.905785, 35.140801 ], [ 136.892052, 35.145688 ], [ 136.882095, 35.170121 ], [ 136.882095, 35.16802 ], [ 136.873169, 35.18234 ], [ 136.865616, 35.1902 ], [ 136.860809, 35.202271 ], [ 136.850853, 35.207604 ], [ 136.837807, 35.221075 ], [ 136.818924, 35.225846 ], [ 136.799355, 35.230616 ], [ 136.781845, 35.238472 ], [ 136.766052, 35.252499 ], [ 136.74305, 35.286154 ], [ 136.697044, 35.30634 ], [ 136.685028, 35.316712 ], [ 136.661682, 35.335489 ], [ 136.637993, 35.345857 ], [ 136.561775, 35.350901 ], [ 136.543922, 35.355944 ], [ 136.5271, 35.366029 ], [ 136.5065, 35.36967 ], [ 136.470108, 35.359305 ], [ 136.460495, 35.356784 ], [ 136.376724, 35.366869 ], [ 136.341705, 35.362107 ], [ 136.310463, 35.351461 ], [ 136.295013, 35.333248 ], [ 136.281967, 35.293164 ], [ 136.277504, 35.260073 ], [ 136.263084, 35.231177 ], [ 136.213303, 35.175601 ], [ 136.197853, 35.15454 ], [ 136.169014, 35.13479 ], [ 136.130905, 35.119425 ], [ 136.08078, 35.09863 ], [ 136.028252, 35.066584 ], [ 135.982933, 35.022149 ], [ 135.954781, 34.992325 ], [ 135.923882, 34.970935 ], [ 135.841484, 34.978816 ], [ 135.799599, 34.981068 ], [ 135.771103, 34.986134 ], [ 135.742264, 34.985852 ], [ 135.723381, 34.976846 ], [ 135.712395, 34.971216 ], [ 135.709305, 34.961926 ], [ 135.706215, 34.935178 ], [ 135.692482, 34.909266 ], [ 135.681839, 34.893207 ], [ 135.66227, 34.872073 ], [ 135.627937, 34.833735 ], [ 135.604248, 34.803842 ], [ 135.54348, 34.752209 ], [ 135.532665, 34.746098 ], [ 135.515671, 34.743557 ], [ 135.505199, 34.734948 ], [ 135.495157, 34.73195 ] ] } },
{ "type": "Feature", "properties": { "id": "M3MTE", "name": "Nihombashi -> Sengakuji", "AnimationOrder": 1.0, "animationGroup": "Tokyo", "uuid": 98, "type": null, "initial": false, "triggers": [ ] }, "geometry": { "type": "LineString", "coordinates": [ [ 139.775834, 35.681803 ], [ 139.771843, 35.675472 ], [ 139.770727, 35.673693 ], [ 139.767122, 35.669804 ], [ 139.765105, 35.668147 ], [ 139.763539, 35.667013 ], [ 139.762702, 35.666629 ], [ 139.761307, 35.666629 ], [ 139.760063, 35.666158 ], [ 139.75944, 35.665478 ], [ 139.755771, 35.660803 ], [ 139.755149, 35.660228 ], [ 139.75472, 35.656948 ], [ 139.753904, 35.651226 ], [ 139.753325, 35.649517 ], [ 139.752638, 35.648906 ], [ 139.7509, 35.648365 ], [ 139.749784, 35.648173 ], [ 139.748433, 35.647528 ], [ 139.746115, 35.646429 ], [ 139.744442, 35.645399 ], [ 139.743197, 35.64437 ], [ 139.742596, 35.643497 ], [ 139.741373, 35.641212 ], [ 139.740064, 35.638752 ] ] } },
{ "type": "Feature", "properties": { "id": "A1Nzk", "name": "Sengakuji -> Nakanobu", "AnimationOrder": 1.0, "animationGroup": "Tokyo", "uuid": 89, "type": null, "initial": false, "triggers": [ ] }, "geometry": { "type": "LineString", "coordinates": [ [ 139.739957, 35.639074 ], [ 139.739335, 35.637635 ], [ 139.738541, 35.635506 ], [ 139.738111, 35.634302 ], [ 139.73721, 35.633517 ], [ 139.736588, 35.633011 ], [ 139.735343, 35.632766 ], [ 139.733584, 35.632766 ], [ 139.732275, 35.632609 ], [ 139.731138, 35.632138 ], [ 139.730408, 35.631719 ], [ 139.729078, 35.630638 ], [ 139.727426, 35.629608 ], [ 139.726374, 35.628788 ], [ 139.724207, 35.627113 ], [ 139.722726, 35.626083 ], [ 139.721696, 35.62521 ], [ 139.720731, 35.6235 ], [ 139.71998, 35.621546 ], [ 139.718478, 35.618718 ], [ 139.716461, 35.614564 ], [ 139.715796, 35.612749 ], [ 139.714637, 35.60959 ], [ 139.713736, 35.60554 ] ] } },
{ "type": "Feature", "properties": { "id": "k4OTI", "name": "Shibuya -> ToritsuDaigaku", "AnimationOrder": 1.0, "animationGroup": "Tokyo", "uuid": 90, "type": null, "initial": false, "triggers": [ ] }, "geometry": { "type": "LineString", "coordinates": [ [ 139.702588, 35.658419 ], [ 139.703318, 35.657669 ], [ 139.704509, 35.656796 ], [ 139.705077, 35.656482 ], [ 139.705507, 35.655802 ], [ 139.705925, 35.655218 ], [ 139.706644, 35.654572 ], [ 139.707019, 35.654058 ], [ 139.707094, 35.653473 ], [ 139.706697, 35.652662 ], [ 139.706097, 35.651825 ], [ 139.705421, 35.650821 ], [ 139.704884, 35.64994 ], [ 139.704605, 35.649295 ], [ 139.70409, 35.648745 ], [ 139.703254, 35.648161 ], [ 139.701923, 35.64721 ], [ 139.700947, 35.646172 ], [ 139.700464, 35.645518 ], [ 139.699402, 35.644759 ], [ 139.698415, 35.643956 ], [ 139.696827, 35.642491 ], [ 139.69511, 35.641322 ], [ 139.693426, 35.640336 ], [ 139.692246, 35.639097 ], [ 139.690937, 35.637553 ], [ 139.689724, 35.635974 ], [ 139.688855, 35.634779 ], [ 139.687697, 35.632946 ], [ 139.686602, 35.631081 ], [ 139.685326, 35.628926 ], [ 139.684714, 35.627888 ], [ 139.684027, 35.626658 ], [ 139.683266, 35.625401 ], [ 139.682364, 35.624336 ], [ 139.681195, 35.623036 ], [ 139.679918, 35.62164 ], [ 139.67876, 35.620357 ], [ 139.676667, 35.618054 ], [ 139.676195, 35.617521 ] ] } },
{ "type": "Feature", "properties": { "id": "YxNjI", "name": "Shin-Osaka -> Tennoji", "AnimationOrder": 3.0, "animationGroup": null, "uuid": 91, "type": null, "initial": false, "triggers": [ 56, 57 ] }, "geometry": { "type": "LineString", "coordinates": [ [ 135.498376, 34.732761 ], [ 135.501294, 34.733502 ], [ 135.501466, 34.730255 ], [ 135.501981, 34.728067 ], [ 135.503182, 34.725032 ], [ 135.50344, 34.720444 ], [ 135.503569, 34.716915 ], [ 135.502882, 34.71275 ], [ 135.50211, 34.709502 ], [ 135.501423, 34.706114 ], [ 135.500586, 34.70478 ], [ 135.49726, 34.70335 ], [ 135.489235, 34.698605 ], [ 135.483398, 34.69564 ], [ 135.478764, 34.692109 ], [ 135.472412, 34.687096 ], [ 135.465975, 34.682223 ], [ 135.462198, 34.678268 ], [ 135.460482, 34.674313 ], [ 135.461855, 34.670005 ], [ 135.464258, 34.666685 ], [ 135.465889, 34.665979 ], [ 135.469151, 34.666403 ], [ 135.471811, 34.667533 ], [ 135.474558, 34.667604 ], [ 135.480137, 34.665697 ], [ 135.485888, 34.663224 ], [ 135.48769, 34.660396 ], [ 135.491252, 34.656756 ], [ 135.493784, 34.652557 ], [ 135.495887, 34.651286 ], [ 135.514855, 34.646761 ], [ 135.515285, 34.646751 ], [ 135.520091, 34.645302 ], [ 135.522323, 34.642936 ], [ 135.523825, 34.640639 ], [ 135.523825, 34.638272 ], [ 135.523653, 34.632231 ], [ 135.520821, 34.625659 ], [ 135.516658, 34.617709 ], [ 135.512366, 34.610782 ], [ 135.50653, 34.601947 ], [ 135.504942, 34.599862 ], [ 135.503654, 34.597211 ], [ 135.503139, 34.592899 ], [ 135.502281, 34.585298 ], [ 135.501208, 34.582364 ], [ 135.498719, 34.577874 ], [ 135.492926, 34.56656 ], [ 135.488977, 34.558251 ], [ 135.478377, 34.54979 ], [ 135.471811, 34.545157 ], [ 135.467906, 34.542333 ], [ 135.46576, 34.540458 ], [ 135.458894, 34.53204 ], [ 135.451427, 34.522772 ], [ 135.44147, 34.510546 ], [ 135.43263, 34.499795 ], [ 135.423875, 34.48794 ], [ 135.414305, 34.474702 ], [ 135.41306, 34.473074 ], [ 135.405722, 34.466171 ], [ 135.396838, 34.457462 ], [ 135.39392, 34.454877 ], [ 135.386024, 34.449495 ], [ 135.372505, 34.439793 ], [ 135.362377, 34.432143 ], [ 135.358944, 34.427751 ], [ 135.349975, 34.416523 ], [ 135.34122, 34.406569 ], [ 135.337014, 34.401326 ], [ 135.334611, 34.396932 ], [ 135.331306, 34.390803 ], [ 135.3265, 34.386229 ], [ 135.32032, 34.382194 ], [ 135.312252, 34.376807 ], [ 135.303841, 34.374894 ], [ 135.299206, 34.372413 ], [ 135.28616, 34.36497 ], [ 135.281439, 34.360291 ], [ 135.265903, 34.345899 ], [ 135.263414, 34.342708 ], [ 135.263414, 34.340368 ], [ 135.270796, 34.329163 ], [ 135.270109, 34.325901 ], [ 135.268908, 34.323844 ], [ 135.26968, 34.31888 ], [ 135.269938, 34.314695 ], [ 135.269251, 34.304196 ], [ 135.274143, 34.284898 ], [ 135.274315, 34.283124 ], [ 135.271826, 34.278796 ], [ 135.267792, 34.277164 ], [ 135.263414, 34.276667 ], [ 135.259552, 34.275886 ], [ 135.257149, 34.273616 ], [ 135.254145, 34.270919 ], [ 135.249767, 34.269641 ], [ 135.24642, 34.269287 ], [ 135.214663, 34.267087 ], [ 135.210886, 34.266235 ], [ 135.207109, 34.262544 ], [ 135.205822, 34.259274 ], [ 135.205135, 34.252891 ], [ 135.204191, 34.24991 ], [ 135.200844, 34.247496 ], [ 135.195522, 34.245863 ], [ 135.192003, 34.244373 ], [ 135.190372, 34.24274 ], [ 135.188999, 34.24061 ], [ 135.189857, 34.238054 ], [ 135.191059, 34.233652 ], [ 135.191488, 34.23209 ] ] } },
{ "type": "Feature", "properties": { "id": "c3NzM", "name": "Shinjuku -> Sasazuka", "AnimationOrder": 1.0, "animationGroup": "Tokyo", "uuid": 93, "type": null, "initial": false, "triggers": [ ] }, "geometry": { "type": "LineString", "coordinates": [ [ 139.700775, 35.689058 ], [ 139.6982, 35.688273 ], [ 139.695625, 35.687279 ], [ 139.69393, 35.686233 ], [ 139.69172, 35.684664 ], [ 139.689446, 35.683077 ], [ 139.686635, 35.681403 ], [ 139.684446, 35.680025 ], [ 139.682429, 35.679223 ], [ 139.67994, 35.678176 ], [ 139.676785, 35.677287 ], [ 139.674425, 35.676241 ], [ 139.672644, 35.675543 ], [ 139.669962, 35.674636 ], [ 139.667044, 35.673694 ], [ 139.667215, 35.673764 ], [ 139.667301, 35.673526 ] ] } },
{ "type": "Feature", "properties": { "id": "YxOTU", "name": "Takadanobaba -> Meijiro", "AnimationOrder": 1.0, "animationGroup": "Tokyo", "uuid": 94, "type": null, "initial": false, "triggers": [ ] }, "geometry": { "type": "LineString", "coordinates": [ [ 139.703822, 35.712848 ], [ 139.704294, 35.714661 ], [ 139.705324, 35.71738 ], [ 139.705968, 35.719611 ], [ 139.706494, 35.721213 ] ] } },
{ "type": "Feature", "properties": { "id": "Y0NTk", "name": null, "AnimationOrder": null, "animationGroup": null, "uuid": 100, "type": null, "initial": false, "triggers": [ ] }, "geometry": { "type": "LineString", "coordinates": [ [ 140.307362, 35.770455 ], [ 140.307791, 35.770672 ], [ 140.308414, 35.77089 ], [ 140.309154, 35.771099 ], [ 140.309594, 35.771299 ], [ 140.310152, 35.771621 ], [ 140.311031, 35.772509 ], [ 140.311643, 35.773275 ], [ 140.312308, 35.774058 ], [ 140.313252, 35.774763 ], [ 140.314593, 35.775765 ], [ 140.315537, 35.776435 ] ] } },
{ "type": "Feature", "properties": { "id": null, "name": null, "AnimationOrder": 4.0, "animationGroup": null, "uuid": 102, "type": null, "initial": false, "triggers": [ ] }, "geometry": { "type": "LineString", "coordinates": [ [ 137.213837583132658, 36.701683151767135 ], [ 137.213876601033263, 36.701661723285881 ], [ 137.221124108707414, 36.698621923100681 ], [ 137.222728560747498, 36.698392831838866 ], [ 137.228333, 36.699123 ], [ 137.23101456648871, 36.70011981067897 ], [ 137.233080573225209, 36.702093453273044 ], [ 137.235630113453283, 36.707344505514435 ], [ 137.240128, 36.718628 ], [ 137.244202, 36.729053 ], [ 137.248978, 36.740833 ], [ 137.25039986374, 36.744567345326246 ], [ 137.252949403968074, 36.74673357109257 ], [ 137.25497145311445, 36.747385188017887 ], [ 137.269806, 36.74773 ], [ 137.279301979256388, 36.747983966259937 ], [ 137.292709044248795, 36.74396854042454 ], [ 137.294401411469124, 36.743721972342293 ], [ 137.305698512134853, 36.743105548670918 ], [ 137.30908324657554, 36.743175997341083 ], [ 137.31059978343535, 36.743704360306111 ], [ 137.333897306209053, 36.757370084992012 ], [ 137.34346, 36.765148 ], [ 137.351370448289288, 36.771350278628795 ], [ 137.377563, 36.787605 ], [ 137.390888321824264, 36.795923884713012 ], [ 137.392075176758027, 36.797155878116548 ], [ 137.397899557451467, 36.80954510997325 ], [ 137.401917, 36.818459 ], [ 137.405823, 36.826805 ], [ 137.412713265328279, 36.841142649515248 ], [ 137.414097929417665, 36.84249704073568 ], [ 137.415944148203522, 36.843517215685786 ], [ 137.430296301383862, 36.84768572016835 ], [ 137.432648032456285, 36.848969644123223 ], [ 137.437065770265264, 36.853964430833457 ], [ 137.438054816043405, 36.855846184847181 ], [ 137.438230646403952, 36.858149951448766 ], [ 137.434509, 36.870274 ], [ 137.434534893081519, 36.870279354162626 ], [ 137.443524210227338, 36.874102325264495 ], [ 137.44351889815934, 36.8741090908212 ], [ 137.452118, 36.874939 ], [ 137.457110921634495, 36.875608802899841 ], [ 137.460084681824043, 36.874936521816345 ], [ 137.466306951785981, 36.874639164834271 ], [ 137.468779698030545, 36.873902231671863 ], [ 137.477112, 36.87323 ], [ 137.484181836403678, 36.872867927522094 ], [ 137.488044492302095, 36.870967357136166 ], [ 137.500295091343929, 36.87138109077042 ], [ 137.512691146047217, 36.867812564492475 ], [ 137.519409301988759, 36.863480838515109 ], [ 137.520536973548332, 36.863094919833564 ], [ 137.526312216333196, 36.862015380197093 ], [ 137.531735469151585, 36.860231759557948 ], [ 137.533625785638748, 36.859298210521878 ], [ 137.534284137242906, 36.859136533273329 ], [ 137.5352879604809, 36.859141748673778 ], [ 137.536194008728188, 36.859100025460187 ], [ 137.537171758635338, 36.858912270717148 ], [ 137.540176710016681, 36.858109092442696 ], [ 137.54334461971581, 36.857352845443089 ], [ 137.544172447970539, 36.857326767826876 ], [ 137.54491553790001, 36.857389354090834 ], [ 137.545261009533846, 36.857514526464989 ], [ 137.546512529414997, 36.858270771864795 ], [ 137.547288149051298, 36.858473748461691 ], [ 137.548135620656325, 36.858531050861693 ], [ 137.552074573186758, 36.857633308325589 ], [ 137.552623639297082, 36.857384994698513 ], [ 137.553065279429291, 36.857022073330832 ], [ 137.553387557363607, 36.85643948542652 ], [ 137.554485689584197, 36.853927621156572 ], [ 137.554748286419567, 36.85300117129259 ], [ 137.555225735211167, 36.849877901908712 ], [ 137.555416714727784, 36.849534047940665 ], [ 137.555858354859964, 36.848750819240102 ], [ 137.556896805981609, 36.846420188816808 ], [ 137.557051976838892, 36.84587572803035 ], [ 137.557505553190907, 36.845503199995242 ], [ 137.558066555520981, 36.84495873267911 ], [ 137.558567876752136, 36.844366500670098 ], [ 137.5591646877416, 36.84306739503576 ], [ 137.559522774335278, 36.842580224732828 ], [ 137.559833116049816, 36.842169470889388 ], [ 137.559964414467487, 36.841682294866047 ], [ 137.559880860928985, 36.840373590966237 ], [ 137.559952478247709, 36.839819534392348 ], [ 137.56031056484133, 36.838482139917446 ], [ 137.56052541679756, 36.837947175579195 ], [ 137.560608970336091, 36.837058744393289 ], [ 137.560716396314177, 36.836304047429962 ], [ 137.561038674248493, 36.835654428890443 ], [ 137.561289334864085, 36.835396490587165 ], [ 137.561814528534825, 36.835148104732291 ], [ 137.562685872579436, 36.834603563689576 ], [ 137.563282683568872, 36.834135446361252 ], [ 137.563557216624019, 36.833695986670499 ], [ 137.563724323701081, 36.833160988856754 ], [ 137.563676578821912, 36.832205626311485 ], [ 137.563736259920887, 36.831594188021008 ], [ 137.563986920536479, 36.831173821361446 ], [ 137.567615531352402, 36.826454091683878 ], [ 137.568594301375128, 36.825422209164451 ], [ 137.569585007617604, 36.824638733513325 ], [ 137.570265372145599, 36.823922132905999 ], [ 137.571566420102613, 36.822345587948156 ], [ 137.571948379135904, 36.821934725442198 ], [ 137.572127422432715, 36.821609855852586 ], [ 137.572425827927418, 36.821399645383252 ], [ 137.572616807444064, 36.820988777798711 ], [ 137.572795850740931, 36.820482356578161 ], [ 137.573058447576273, 36.819851714146992 ], [ 137.573356853071004, 36.819307064229015 ], [ 137.573810429422991, 36.818638190605952 ], [ 137.574383367972899, 36.817969311137418 ], [ 137.574753390786327, 36.817663535719191 ], [ 137.575374074215347, 36.817424647823721 ], [ 137.579229473207306, 36.816344865234882 ], [ 137.580112753471695, 36.816125084612104 ], [ 137.580649883362213, 36.816134640304483 ], [ 137.581377992769347, 36.816105973223785 ], [ 137.582297081693127, 36.816086861830691 ], [ 137.582953573781538, 36.81594352623037 ], [ 137.583454895012665, 36.815828857556859 ], [ 137.584183004419828, 36.815561296650628 ], [ 137.584183004419828, 36.815561296650628 ], [ 137.585185646882167, 36.815427515846764 ], [ 137.586486694839209, 36.814978392866699 ], [ 137.587549018400438, 36.814376372823844 ], [ 137.588360681346103, 36.814194810294332 ], [ 137.590938904820575, 36.814557934922703 ], [ 137.591631205568348, 36.814328593252554 ], [ 137.592025100821388, 36.813908131739375 ], [ 137.592287697656758, 36.812856967852596 ], [ 137.592228016557812, 36.810811934936183 ], [ 137.594209429042849, 36.808929309614435 ], [ 137.595259816384299, 36.807858963917482 ], [ 137.595653711637368, 36.806826830681793 ], [ 137.595176262845797, 36.806186518811231 ], [ 137.593839406229392, 36.805603543645496 ], [ 137.592669656690049, 36.803797248148982 ], [ 137.591631205568376, 36.803166468255817 ], [ 137.591189565436196, 36.802879748404962 ], [ 137.590891159941435, 36.801895335413917 ], [ 137.591440226051759, 36.801006485628903 ], [ 137.592216080338062, 36.800786660972683 ], [ 137.59253835827235, 36.800748430533275 ], [ 137.592550294492156, 36.80044258633103 ], [ 137.592442868514041, 36.799677970481959 ], [ 137.591798312645409, 36.798425895545087 ], [ 137.591762503986047, 36.798120042068227 ], [ 137.592013164601639, 36.797747281492008 ], [ 137.592001228381861, 36.797020871054457 ], [ 137.592299633876593, 36.796638547004477 ], [ 137.593051615723255, 36.796581198232388 ], [ 137.593827470009586, 36.796275337389439 ], [ 137.594173620383486, 36.79589300961829 ], [ 137.594591388076083, 36.795701845017106 ], [ 137.595068836867654, 36.795405538942461 ], [ 137.595414987241554, 36.794784248290625 ], [ 137.596453438363199, 36.794659989555569 ], [ 137.598208062672228, 36.794621756058078 ], [ 137.599437493310518, 36.79450705545112 ], [ 137.600678860168586, 36.793780614285431 ], [ 137.601060819201848, 36.793407832591683 ], [ 137.601800864828789, 36.793312247249801 ], [ 137.604247789885591, 36.792432856508618 ], [ 137.605119133930202, 36.79250932566945 ], [ 137.606598, 36.791721 ], [ 137.607076673975627, 36.791543896912764 ], [ 137.607876400701514, 36.79187845280989 ], [ 137.608664191207595, 36.792040950861356 ], [ 137.609571343911568, 36.79268138100224 ], [ 137.612567335078666, 36.791993157352593 ], [ 137.613020911430652, 36.791840217924161 ], [ 137.614321959387667, 36.792155655160755 ], [ 137.614656173541789, 36.792098303032525 ], [ 137.614512938904312, 36.791238015956878 ], [ 137.615264920751031, 36.790807868796477 ], [ 137.615623007344709, 36.790263012259686 ], [ 137.616852437982999, 36.78990933138116 ], [ 137.618022187522342, 36.789804182697026 ], [ 137.619943918908433, 36.789871095512716 ], [ 137.620385559040614, 36.789737269822879 ], [ 137.620863007832185, 36.789765946776093 ], [ 137.621829841635105, 36.789278437111733 ], [ 137.622104374690281, 36.78874312880923 ], [ 137.623453167526435, 36.787825448732363 ], [ 137.624097723395067, 36.787184977999956 ], [ 137.624634, 36.786552 ], [ 137.625076493417765, 36.786334195166155 ], [ 137.625613623308311, 36.786353313985259 ], [ 137.626031391000936, 36.785779747336633 ], [ 137.626162689418607, 36.785311331388861 ], [ 137.625798634715011, 36.784718637718726 ], [ 137.624032074186204, 36.783992103740367 ], [ 137.62374560491125, 36.783647953662253 ], [ 137.625941869352488, 36.780206367878634 ], [ 137.627469705485538, 36.778714966043573 ], [ 137.628138133793698, 36.777338261669271 ], [ 137.629284010893485, 36.776955839399278 ], [ 137.62965403370697, 36.775751196778266 ], [ 137.630107610058957, 36.775540860411091 ], [ 137.630704421048421, 36.774450926355676 ], [ 137.630847655685898, 36.774125855303936 ], [ 137.631348976917025, 36.771238398993766 ], [ 137.631730935950316, 36.771161908606324 ], [ 137.632280002060611, 36.769306993347676 ], [ 137.632924557929215, 36.768102230533565 ], [ 137.633575, 36.767456 ], [ 137.634213669666423, 36.766782706684225 ], [ 137.636123464832735, 36.766591469459868 ], [ 137.636577041184722, 36.766208993580364 ], [ 137.636051847513983, 36.76563527618417 ], [ 137.635836995557781, 36.764679070985409 ], [ 137.636051847513983, 36.764334834195104 ], [ 137.635765378239029, 36.76397147146232 ], [ 137.635550526282856, 36.763474235802448 ], [ 137.634762735776746, 36.76259450232493 ], [ 137.634810480655915, 36.761772133965195 ], [ 137.634905970414223, 36.761408759090301 ], [ 137.634953715293364, 36.760949756787511 ], [ 137.634309159424731, 36.760490751737777 ], [ 137.634237542106007, 36.759687486290957 ], [ 137.633354261841617, 36.759190222512906 ], [ 137.633616858676987, 36.758578201129744 ], [ 137.634356904303928, 36.758061804289291 ], [ 137.63540729164535, 36.756761233880347 ], [ 137.637054489976293, 36.755785791602719 ], [ 137.637460321449112, 36.754446929065274 ], [ 137.637030617536709, 36.753241932803206 ], [ 137.637484193888696, 36.752744627241228 ], [ 137.640038544923584, 36.752170809125651 ], [ 137.641447018858713, 36.751252691213978 ], [ 137.641915515485437, 36.750138502116918 ], [ 137.641891643045852, 36.74992331351725 ], [ 137.641617109990733, 36.749335128265628 ], [ 137.641503715902729, 36.749029078871629 ] ] } },
{ "type": "Feature", "properties": { "id": null, "name": "Back to Tokyo", "AnimationOrder": 3.0, "animationGroup": null, "uuid": 105, "type": "Shinkansen", "initial": false, "triggers": [ 102, 107, 110, 111 ] }, "geometry": { "type": "LineString", "coordinates": [ [ 139.01226218055362, 36.320908134906539 ], [ 139.011259538091309, 36.333909447662151 ], [ 139.011116303453861, 36.334774842653168 ], [ 139.011295346750728, 36.335563305275166 ], [ 139.010817897959129, 36.337332509430269 ], [ 139.007953205209731, 36.343870523941135 ], [ 139.002987737777403, 36.350869437011646 ], [ 138.99563502638722, 36.359790216259285 ], [ 138.988186825238728, 36.364788481820206 ], [ 138.976250605449508, 36.371862401234182 ], [ 138.96511411238609, 36.377032993916728 ], [ 138.958585000161435, 36.379089437196711 ], [ 138.94903602433007, 36.380088868039401 ], [ 138.938770875311263, 36.379473835194602 ], [ 138.909551009267233, 36.372400607903032 ], [ 138.851636470849854, 36.362635422168317 ], [ 138.842564943810032, 36.362712318181664 ], [ 138.836644578794591, 36.363635064415099 ], [ 138.829769316195978, 36.366172560138899 ], [ 138.825090318038605, 36.368940642917813 ], [ 138.819647401814706, 36.373246353716688 ], [ 138.813822526557544, 36.379627593861784 ], [ 138.808761569366908, 36.383855838082525 ], [ 138.801886306768296, 36.388314464753165 ], [ 138.793674187553307, 36.391312363064124 ], [ 138.785748537613244, 36.39315716610259 ], [ 138.72644939770035, 36.39838387028928 ], [ 138.718237278485361, 36.397999565776644 ], [ 138.709929669512036, 36.396692916219507 ], [ 138.679086477576647, 36.383778962966851 ], [ 138.671829255944772, 36.378320635501233 ], [ 138.652062875973797, 36.347716158442822 ], [ 138.647479367574761, 36.343562864976455 ], [ 138.643659777242192, 36.342562964946822 ], [ 138.633633352619256, 36.34263988078952 ], [ 138.610524831107284, 36.343639779831577 ], [ 138.594291572193924, 36.341793802341748 ], [ 138.572519907298357, 36.338332476612493 ], [ 138.566504052524579, 36.336717138629652 ], [ 138.560583687509109, 36.333947909865906 ], [ 138.552944506844, 36.329640025008381 ], [ 138.545591795453817, 36.32287001041103 ], [ 138.540339858746563, 36.318869270779437 ], [ 138.533655575664596, 36.315022212085147 ], [ 138.52937291305409, 36.312624629077995 ], [ 138.516936804380066, 36.308091192629206 ], [ 138.511903141345357, 36.306102760152456 ], [ 138.499170934845779, 36.297989430203515 ], [ 138.491373692105725, 36.292977834201622 ], [ 138.480220674009189, 36.285499616230076 ], [ 138.47054814504051, 36.280885039102451 ], [ 138.461369112447784, 36.276668031780225 ], [ 138.453867967533284, 36.273883090729015 ], [ 138.447057717545135, 36.272291651238667 ], [ 138.440642264657754, 36.271734639753411 ], [ 138.4328450219177, 36.27213250550551 ], [ 138.426330869755134, 36.273644376873449 ], [ 138.42050761251889, 36.275792775297781 ], [ 138.391687424163251, 36.293216488930753 ], [ 138.283513018554402, 36.355798358015832 ], [ 138.276998866391835, 36.36128280887057 ], [ 138.271076909880378, 36.370979008073988 ], [ 138.265648449744901, 36.381309693826665 ], [ 138.25765380845445, 36.389334894841845 ], [ 138.244822902679687, 36.40069589153098 ], [ 138.227846627346906, 36.410546040823611 ], [ 138.220345482432435, 36.417694560603472 ], [ 138.214620924471404, 36.427701382978071 ], [ 138.211462547665292, 36.437945126939574 ], [ 138.208600268684762, 36.454856256642671 ], [ 138.202974409998916, 36.4659695453377 ], [ 138.176128207147059, 36.489857722062922 ], [ 138.139017279675443, 36.522463903206507 ], [ 138.132996623888801, 36.532536514740102 ], [ 138.130707, 36.543449 ], [ 138.131417435485758, 36.55862402977602 ], [ 138.137878, 36.575844 ], [ 138.149887, 36.608913 ], [ 138.154216968054783, 36.625032082214737 ], [ 138.164841, 36.631554 ], [ 138.174746417294443, 36.637388130194687 ], [ 138.182404, 36.639362 ], [ 138.188095, 36.642372 ], [ 138.189636, 36.642914 ], [ 138.194977, 36.647331 ], [ 138.210419, 36.657715 ], [ 138.240479, 36.676476 ], [ 138.248968272237732, 36.682360075635948 ], [ 138.26796, 36.698837 ], [ 138.302858076491759, 36.72113518319437 ], [ 138.323881022107344, 36.731260968272991 ], [ 138.332763956874487, 36.739803560873533 ], [ 138.337797619909225, 36.749531466810566 ], [ 138.340166402513802, 36.765662835966197 ], [ 138.345215, 36.776386 ], [ 138.35255316155019, 36.784557526216929 ], [ 138.363015284720376, 36.792619950920454 ], [ 138.369973583621345, 36.800839588860718 ], [ 138.373921554628964, 36.810401711319294 ], [ 138.373921554628964, 36.820989775774379 ], [ 138.37007228289653, 36.831260378867064 ], [ 138.344114373521421, 36.863011519833535 ], [ 138.302265880840622, 36.912902070936902 ], [ 138.297923112732235, 36.926947638457158 ], [ 138.295949127228397, 36.964258399226686 ], [ 138.304042467794034, 37.015501299204416 ], [ 138.301081489538319, 37.027558069498006 ], [ 138.294647, 37.037888 ], [ 138.282526025802468, 37.053398815028729 ], [ 138.273939188860936, 37.061196580298251 ], [ 138.261404380911728, 37.06930855616033 ], [ 138.250547460640746, 37.079624475980282 ], [ 138.238407449792334, 37.090726302327241 ], [ 138.22883362009884, 37.097496830678431 ], [ 138.219062391854976, 37.103951887316214 ], [ 138.210870352014155, 37.107651488870964 ], [ 138.201197823045504, 37.110327683733111 ], [ 138.18895911292185, 37.111823163201457 ], [ 138.178891786852404, 37.111114781871485 ], [ 138.12174490651708, 37.10151162568917 ], [ 138.106051721761787, 37.099386172480379 ], [ 138.063907131255405, 37.092143439714391 ], [ 138.005181062517039, 37.08584484848604 ], [ 137.983072424874308, 37.083325265429302 ], [ 137.959680696654175, 37.079073279115867 ], [ 137.949317272759174, 37.075372282102975 ], [ 137.917618, 37.05566 ], [ 137.907172682252764, 37.053004967241463 ], [ 137.887827624315406, 37.05040552058184 ], [ 137.859007435959768, 37.04252786580453 ], [ 137.84716352293691, 37.038982654433205 ], [ 137.81103958821717, 37.023460558285215 ], [ 137.795050305636323, 37.018417164154975 ], [ 137.772941667993621, 37.013846299052972 ], [ 137.720236255041868, 36.99524477135332 ], [ 137.65371294356342, 36.975298248418852 ], [ 137.643053421842865, 36.970961355765972 ], [ 137.551941, 36.925129 ], [ 137.510712, 36.90377 ], [ 137.480026, 36.873135 ], [ 137.465197327949454, 36.858115437702544 ], [ 137.457005288108633, 36.848559277211621 ], [ 137.439140719299104, 36.817513259394083 ], [ 137.423941030919792, 36.79096010930467 ], [ 137.411998418621721, 36.780525995735061 ], [ 137.390305, 36.769039 ], [ 137.366201954933331, 36.754908966791938 ], [ 137.340103, 36.735382 ], [ 137.317444512989169, 36.719078219960949 ], [ 137.307475886194908, 36.714568530892464 ], [ 137.297501, 36.712414 ], [ 137.283393263048424, 36.711957537274785 ], [ 137.258057, 36.718216 ], [ 137.252697788464161, 36.718207949703199 ], [ 137.247466726879082, 36.717179435778078 ], [ 137.241446071092412, 36.713777330075423 ], [ 137.235428, 36.703365 ], [ 137.229799556619952, 36.698822102442563 ], [ 137.223482803007727, 36.698189012735114 ], [ 137.218262, 36.699699 ], [ 137.21349068057782, 36.701410161124912 ] ] } },
{ "type": "Feature", "properties": { "id": null, "name": "Back to Tokyo", "AnimationOrder": 1.0, "animationGroup": "Tokyo", "uuid": 106, "type": null, "initial": false, "triggers": [ ] }, "geometry": { "type": "LineString", "coordinates": [ [ 139.654907, 35.674541 ], [ 139.654907, 35.674551 ] ] } },
{ "type": "Feature", "properties": { "id": null, "name": null, "AnimationOrder": null, "animationGroup": null, "uuid": 107, "type": null, "initial": false, "triggers": [ ] }, "geometry": { "type": "LineString", "coordinates": [ [ 137.212582795246277, 36.701892276743408 ], [ 137.198395, 36.707478 ], [ 137.192285334699847, 36.712900698655069 ], [ 137.189891877276494, 36.714582009835681 ], [ 137.176567475125836, 36.719329042936636 ], [ 137.172964951581378, 36.719922401288393 ], [ 137.170152022238454, 36.719744394221351 ], [ 137.167344601449656, 36.719241114954819 ], [ 137.158826280410381, 36.717885184644871 ], [ 137.15216407933508, 36.716737990329861 ], [ 137.137433212512917, 36.716124827722403 ], [ 137.124034785905849, 36.715689677096506 ], [ 137.120087, 36.716156 ], [ 137.098471673631593, 36.719388378849722 ], [ 137.092475692663811, 36.720871765345642 ], [ 137.080656454459785, 36.723818674860858 ], [ 137.076165637438635, 36.725005317900447 ], [ 137.072891, 36.726349 ], [ 137.049294759768145, 36.736831191470259 ], [ 137.041102719927324, 36.738373562433033 ], [ 137.03331, 36.739586 ], [ 137.029776978099306, 36.740212502693126 ], [ 137.015533, 36.741032 ], [ 137.015488, 36.741936 ], [ 137.013142310167211, 36.744934591764242 ], [ 137.012081292958925, 36.745942962126009 ], [ 137.015807190597371, 36.748058519627705 ], [ 137.018982, 36.750946 ], [ 137.020782, 36.752903 ], [ 137.025909, 36.758209 ], [ 137.031952, 36.763512 ], [ 137.03683013621287, 36.768044693074351 ], [ 137.038406, 36.771976 ], [ 137.041172904321201, 36.779626777412851 ], [ 137.042036522979117, 36.781859981504176 ], [ 137.043869, 36.782745 ], [ 137.047761080940148, 36.784448835775237 ], [ 137.050993482202614, 36.786919035029037 ], [ 137.052597345424459, 36.788104702386342 ], [ 137.053253, 36.789314 ], [ 137.057602, 36.7924 ], [ 137.062491947762254, 36.796838553166438 ], [ 137.060699, 36.798244 ], [ 137.05294279288762, 36.804504551711254 ], [ 137.052473971330471, 36.804524308448059 ], [ 137.052029824592125, 36.802627638470163 ], [ 137.051659702310161, 36.800968013704967 ], [ 137.051437628940988, 36.800968013704967 ], [ 137.050722059195863, 36.802133706287258 ], [ 137.049562342712335, 36.803595736307479 ], [ 137.050105188725894, 36.806144343521133 ], [ 137.049019496698804, 36.808139705467433 ], [ 137.047806, 36.809727 ], [ 137.046348447563986, 36.812189537654227 ], [ 137.04576858932225, 36.812713036910438 ], [ 137.043979664959437, 36.813888427858338 ], [ 137.042597875106793, 36.814441546765572 ], [ 137.042275560286214, 36.814619334136978 ], [ 137.042068908678772, 36.814715635457404 ] ] } },
{ "type": "Feature", "properties": { "id": null, "name": null, "AnimationOrder": 4.0, "animationGroup": null, "uuid": 109, "type": null, "initial": false, "triggers": [ ] }, "geometry": { "type": "LineString", "coordinates": [ [ 137.015880021568847, 36.741701556255244 ], [ 137.015686, 36.741333 ], [ 137.018055683460261, 36.741193866852747 ], [ 137.020609527205806, 36.741025795645939 ], [ 137.022965972400982, 36.742261604747014 ], [ 137.027444452012702, 36.747946070316992 ], [ 137.028406769945832, 36.752948051706724 ], [ 137.028961953368793, 36.754203438529707 ], [ 137.034464437960622, 36.760519600671628 ], [ 137.038868893115961, 36.767131738954184 ], [ 137.040423406700199, 36.769454253122134 ], [ 137.042261680700619, 36.772132469355199 ], [ 137.043310360499532, 36.774326362757726 ], [ 137.043606458325087, 36.775640692244785 ], [ 137.044852536674313, 36.781599362035458 ], [ 137.045148634499924, 36.782300932805001 ], [ 137.045962903520234, 36.783210000869239 ], [ 137.052143945629041, 36.7872611513476 ], [ 137.057412019442324, 36.790956404261088 ], [ 137.058319, 36.791813 ], [ 137.058633422972804, 36.792527326777879 ], [ 137.058658097791579, 36.793436273522765 ], [ 137.058065902140441, 36.795036783967426 ], [ 137.055573, 36.797596 ], [ 137.051078301892147, 36.802300408755137 ], [ 137.050624902096757, 36.803194421724804 ], [ 137.050513865412199, 36.803755026743374 ], [ 137.050498443650469, 36.804362550015369 ], [ 137.051093723653935, 36.80701238174796 ], [ 137.051096808006292, 36.807387746582073 ], [ 137.051038205311642, 36.807874236425164 ], [ 137.050865481580047, 36.808340967430226 ], [ 137.050421334841701, 36.808904004221475 ], [ 137.049967935046311, 36.809296645849088 ], [ 137.049261618358258, 36.809721387984027 ], [ 137.048675591411779, 36.809988085329564 ], [ 137.048000118247188, 36.810328863919139 ], [ 137.04758989938469, 36.810662232810756 ], [ 137.047253704978573, 36.811111661167004 ], [ 137.046670762384451, 36.812168548222608 ], [ 137.046312977511917, 36.812588335761468 ], [ 137.045128586209643, 36.813440250455493 ], [ 137.044261883199368, 36.813966210446168 ], [ 137.042984961326624, 36.814366233935118 ], [ 137.042337247333165, 36.814665015547675 ], [ 137.040745721520722, 36.815484807040292 ], [ 137.040076417060874, 36.815741607388709 ], [ 137.038679205446442, 36.816191005925347 ], [ 137.037726140570413, 36.816487311209485 ], [ 137.037513320258256, 36.816556448944063 ], [ 137.037389946164296, 36.816595956192934 ], [ 137.03723572854679, 36.816650278626838 ] ] } },
{ "type": "Feature", "properties": { "id": null, "name": null, "AnimationOrder": null, "animationGroup": null, "uuid": 110, "type": null, "initial": false, "triggers": [ 112 ] }, "geometry": { "type": "LineString", "coordinates": [ [ 137.213535766679001, 36.70174636516483 ], [ 137.213881214142162, 36.702715736796009 ], [ 137.216373370840699, 36.701766148381552 ], [ 137.217681136236962, 36.70166723224704 ], [ 137.218396705982116, 36.702814651581171 ], [ 137.221649, 36.703083 ], [ 137.226852, 36.704376 ], [ 137.226852, 36.704376 ] ] } },
{ "type": "Feature", "properties": { "id": null, "name": null, "AnimationOrder": null, "animationGroup": null, "uuid": 111, "type": null, "initial": false, "triggers": [ 112 ] }, "geometry": { "type": "LineString", "coordinates": [ [ 137.213837583132658, 36.701683151767135 ], [ 137.213623, 36.701801 ], [ 137.21329141561452, 36.701190341857178 ], [ 137.213608, 36.700798 ], [ 137.213203500434247, 36.700340085802225 ], [ 137.212784, 36.69976 ], [ 137.213409, 36.700333 ], [ 137.213879348382648, 36.700934825482022 ], [ 137.213425, 36.700008 ], [ 137.214279, 36.699768 ], [ 137.216066238492061, 36.699014020022233 ], [ 137.215973, 36.695271 ], [ 137.215729, 36.690376 ], [ 137.215439, 36.689205 ], [ 137.215408, 36.688484 ], [ 137.214828, 36.688732 ], [ 137.21553, 36.689316 ], [ 137.214844, 36.689648 ], [ 137.215775, 36.689518 ], [ 137.215897, 36.691555 ], [ 137.21612118547975, 36.696661408493682 ], [ 137.216095, 36.698822 ], [ 137.213425, 36.70005 ], [ 137.213791, 36.700966 ], [ 137.213272, 36.701527 ], [ 137.213913, 36.702656 ], [ 137.214981, 36.704025 ], [ 137.218448190407713, 36.702943689932766 ], [ 137.221069161719754, 36.703058228867548 ], [ 137.223102200263696, 36.703119903607877 ], [ 137.224629726521016, 36.703022986136567 ], [ 137.224300044594969, 36.704018587066734 ], [ 137.226124284585751, 36.704300524809931 ], [ 137.226772659040307, 36.704194798277435 ], [ 137.226882553015656, 36.704415061722678 ] ] } },
{ "type": "Feature", "properties": { "id": null, "name": "Kanazawa", "AnimationOrder": 4.0, "animationGroup": null, "uuid": 112, "type": "Shinkansen", "initial": false, "triggers": [ 137 ] }, "geometry": { "type": "LineString", "coordinates": [ [ 137.223633, 36.703506 ], [ 137.217453, 36.703266 ], [ 137.214462, 36.703548 ], [ 137.213196, 36.701683 ], [ 137.212799375281065, 36.701718212128817 ], [ 137.197728331095561, 36.707724514511128 ], [ 137.189842319603173, 36.714678593983187 ], [ 137.176348477716147, 36.719068471573955 ], [ 137.170959703196331, 36.72019223990705 ], [ 137.122635977217897, 36.72588106479548 ], [ 137.098671264516014, 36.728514637322675 ], [ 137.087849904301436, 36.727847474157883 ], [ 137.082811619181285, 36.726864275770815 ], [ 137.076546621162322, 36.724757379695326 ], [ 137.070106378443541, 36.722509958484977 ], [ 137.063753758074654, 36.721210640757967 ], [ 137.056743970081385, 36.720508296788537 ], [ 137.048638902714174, 36.72085946957602 ], [ 137.040796702396733, 36.722404610767001 ], [ 137.028310517533754, 36.725213878750203 ], [ 137.011978, 36.726955 ], [ 137.004126748957106, 36.726899390215692 ], [ 136.99369968931714, 36.725108533055312 ], [ 136.980011, 36.720234 ], [ 136.964871936194925, 36.714819073951325 ], [ 136.948092256186072, 36.705617093446939 ], [ 136.919614992463494, 36.688158400458811 ], [ 136.906342, 36.678955 ], [ 136.899724719032633, 36.674701612344514 ], [ 136.892495875164599, 36.671503961482372 ], [ 136.882375493749379, 36.669114421339351 ], [ 136.870853154735471, 36.668833294091314 ], [ 136.863843366742231, 36.669782094437423 ], [ 136.856220222299555, 36.671785078973812 ], [ 136.82362470813095, 36.680253261899644 ], [ 136.798126604305509, 36.683696488791448 ], [ 136.787173810566031, 36.68352081768144 ], [ 136.776276, 36.681313 ], [ 136.764304377238091, 36.675193546835992 ], [ 136.757338400419769, 36.669044139623622 ], [ 136.749014277177793, 36.657973968249991 ], [ 136.725750543275211, 36.63786787258406 ], [ 136.702705865247424, 36.623312284407255 ], [ 136.678303040795925, 36.601825464068696 ], [ 136.670592274003354, 36.591871274832322 ], [ 136.668357904080494, 36.590042096868892 ], [ 136.651797279946464, 36.582337967746497 ], [ 136.65368116046966, 36.583217473420554 ], [ 136.653199237545124, 36.583287833441609 ], [ 136.651183923497058, 36.581880620836031 ], [ 136.649168609449021, 36.579875298552388 ], [ 136.640594, 36.568058 ], [ 136.627625, 36.557266 ], [ 136.593567, 36.539677 ], [ 136.551422, 36.519333 ], [ 136.520493, 36.497814 ], [ 136.497209549107907, 36.471404882025936 ], [ 136.484767175419904, 36.44927670988934 ], [ 136.46899515243507, 36.435602008415934 ], [ 136.456903268146732, 36.422629961798606 ], [ 136.453171, 36.404083 ], [ 136.452972, 36.399303 ], [ 136.452346905951089, 36.389908220470268 ], [ 136.448318, 36.381252 ], [ 136.439904532263114, 36.36832125644154 ], [ 136.431366, 36.34985 ], [ 136.41712272128504, 36.337553010845866 ], [ 136.399475, 36.327465 ], [ 136.386279654114759, 36.32442340780333 ], [ 136.366821, 36.324039 ], [ 136.35347, 36.321087 ], [ 136.348434, 36.319763 ], [ 136.334564, 36.315468 ], [ 136.325469743273345, 36.309032132177975 ], [ 136.315811, 36.297607 ], [ 136.30198695349597, 36.284597538663881 ], [ 136.265886545330744, 36.263970482178621 ], [ 136.255722352740548, 36.257894351364612 ], [ 136.247726, 36.247841 ], [ 136.23942459565626, 36.23499863748242 ], [ 136.235275, 36.221519 ], [ 136.235214, 36.21664 ], [ 136.234711, 36.215412 ], [ 136.236252, 36.205105 ], [ 136.243713, 36.181702 ], [ 136.25134123524478, 36.161602400912464 ], [ 136.253281, 36.147926 ], [ 136.244857181351023, 36.125090812725418 ], [ 136.24501, 36.106113 ], [ 136.244331447251568, 36.091960958313024 ], [ 136.234116, 36.076637 ], [ 136.231889073563536, 36.068166805637929 ], [ 136.22403, 36.062832 ], [ 136.22385035135116, 36.062393371873739 ] ] } },
{ "type": "Feature", "properties": { "id": null, "name": "Kanazawa", "AnimationOrder": 26.0, "animationGroup": null, "uuid": 113, "type": null, "initial": false, "triggers": [ ] }, "geometry": { "type": "LineString", "coordinates": [ [ 136.600159, 36.542549 ], [ 136.600159, 36.542559 ] ] } },
{ "type": "Feature", "properties": { "id": "ExNjQ", "name": null, "AnimationOrder": 1.0, "animationGroup": "Tokyo", "uuid": 116, "type": null, "initial": false, "triggers": [ ] }, "geometry": { "type": "LineString", "coordinates": [ [ 139.764891, 35.682024 ], [ 139.764773, 35.681414 ], [ 139.764816, 35.680856 ], [ 139.765234, 35.680368 ], [ 139.765481, 35.679915 ], [ 139.765674, 35.679427 ], [ 139.765449, 35.678616 ], [ 139.764934, 35.677396 ], [ 139.764655, 35.676507 ], [ 139.764698, 35.676089 ], [ 139.764912, 35.675444 ], [ 139.765105, 35.674921 ], [ 139.765105, 35.67452 ], [ 139.764719, 35.673805 ], [ 139.764354, 35.67323 ], [ 139.76371, 35.672951 ], [ 139.763196, 35.672847 ], [ 139.762552, 35.672759 ], [ 139.761651, 35.67255 ], [ 139.760728, 35.672306 ], [ 139.760277, 35.672149 ], [ 139.759076, 35.672515 ], [ 139.758153, 35.672899 ], [ 139.756973, 35.673247 ], [ 139.755728, 35.673352 ], [ 139.754484, 35.673596 ], [ 139.752553, 35.674363 ], [ 139.748969, 35.675688 ], [ 139.748003, 35.675949 ], [ 139.747059, 35.675862 ], [ 139.746437, 35.675374 ], [ 139.745579, 35.674607 ], [ 139.74457, 35.673945 ], [ 139.742446, 35.673666 ], [ 139.740622, 35.673614 ], [ 139.739571, 35.673875 ], [ 139.738669, 35.674659 ], [ 139.73809, 35.675513 ], [ 139.737532, 35.676263 ], [ 139.737232, 35.676681 ], [ 139.736996, 35.67757 ], [ 139.736545, 35.678093 ], [ 139.735858, 35.678564 ], [ 139.735043, 35.678668 ], [ 139.733777, 35.67879 ], [ 139.733069, 35.679052 ], [ 139.732468, 35.679662 ], [ 139.732189, 35.680272 ], [ 139.731846, 35.680533 ], [ 139.731374, 35.680847 ], [ 139.73073, 35.681318 ], [ 139.73043, 35.682067 ], [ 139.730065, 35.68266 ], [ 139.729979, 35.68388 ], [ 139.729893, 35.685082 ], [ 139.729593, 35.685605 ], [ 139.729142, 35.685954 ], [ 139.723628, 35.687854 ], [ 139.722126, 35.688132 ], [ 139.720623, 35.687958 ], [ 139.715796, 35.687522 ], [ 139.710817, 35.688551 ], [ 139.709809, 35.688725 ], [ 139.708779, 35.689056 ], [ 139.70423, 35.691182 ], [ 139.702234, 35.692054 ], [ 139.701419, 35.69228 ], [ 139.700818, 35.692263 ], [ 139.700003, 35.69221 ], [ 139.698501, 35.692123 ], [ 139.697707, 35.692733 ], [ 139.696462, 35.693273 ], [ 139.692814, 35.694441 ], [ 139.691098, 35.695086 ], [ 139.686313, 35.696393 ], [ 139.684403, 35.696706 ], [ 139.681871, 35.69716 ], [ 139.679275, 35.697334 ], [ 139.675112, 35.6977 ], [ 139.674382, 35.697456 ], [ 139.673996, 35.696585 ], [ 139.674339, 35.694336 ], [ 139.674447, 35.693117 ], [ 139.673889, 35.692106 ], [ 139.672623, 35.691409 ], [ 139.66846, 35.690834 ], [ 139.667022, 35.690677 ], [ 139.664619, 35.6893 ], [ 139.663997, 35.688638 ], [ 139.663782, 35.687488 ], [ 139.662988, 35.685292 ], [ 139.661701, 35.684612 ], [ 139.657731, 35.683514 ] ] } },
{ "type": "Feature", "properties": { "id": "E5OTA", "name": null, "AnimationOrder": 3.0, "animationGroup": "Omiya", "uuid": 117, "type": "Shinkansen", "initial": false, "triggers": [ 15, 124 ] }, "geometry": { "type": "LineString", "coordinates": [ [ 139.624155167368912, 35.971718076627369 ], [ 139.625416, 35.978562 ], [ 139.628849, 35.985924 ], [ 139.639149, 35.999257 ], [ 139.655285, 36.021197 ], [ 139.672794, 36.05465 ], [ 139.680691, 36.069221 ], [ 139.715023, 36.124426 ], [ 139.721718, 36.138845 ], [ 139.777336, 36.277216 ], [ 139.79845, 36.301707 ], [ 139.80463, 36.310007 ], [ 139.811173414371922, 36.321141504964721 ], [ 139.810922654984807, 36.321057321881376 ], [ 139.810971413754544, 36.321020842517029 ], [ 139.86248, 36.409817 ], [ 139.864712, 36.424045 ], [ 139.870205, 36.453737 ], [ 139.876556, 36.489489 ], [ 139.892006, 36.531709 ], [ 139.898701, 36.560118 ], [ 139.905567, 36.596993 ], [ 139.915266, 36.669039 ], [ 139.91827, 36.698085 ], [ 139.936552, 36.745212 ], [ 139.950457, 36.776567 ], [ 139.954233, 36.790247 ], [ 139.966164, 36.854694 ], [ 139.976635, 36.870352 ], [ 139.982471, 36.879346 ], [ 140.017834, 36.928076 ], [ 140.021524, 36.932124 ], [ 140.033712, 36.94365 ], [ 140.045557, 36.954144 ], [ 140.054054, 36.963815 ], [ 140.071907, 36.984249 ], [ 140.07946, 36.992819 ], [ 140.087185, 37.002895 ], [ 140.106668, 37.029349 ], [ 140.121861, 37.050177 ], [ 140.128384, 37.057437 ], [ 140.155764, 37.08798 ], [ 140.206146, 37.141777 ], [ 140.237389, 37.174406 ], [ 140.271206, 37.210234 ], [ 140.282278, 37.224109 ], [ 140.36253, 37.330584 ], [ 140.383387, 37.376705 ], [ 140.385017, 37.38298 ], [ 140.388794, 37.399619 ], [ 140.400724, 37.436635 ], [ 140.418406, 37.482691 ], [ 140.426645, 37.502985 ], [ 140.431023, 37.513743 ], [ 140.467072, 37.580637 ], [ 140.468874, 37.586554 ], [ 140.469646, 37.591587 ], [ 140.471706, 37.6126 ], [ 140.475912, 37.655354 ], [ 140.475397, 37.66045 ], [ 140.47308, 37.666973 ], [ 140.454154, 37.702498 ], [ 140.45351, 37.706402 ], [ 140.453339, 37.712072 ], [ 140.458531, 37.739499 ], [ 140.458875, 37.758434 ], [ 140.458799115574777, 37.758639055340254 ] ] } },
{ "type": "Feature", "properties": { "id": "Q5NzM", "name": null, "AnimationOrder": 4.0, "animationGroup": null, "uuid": 118, "type": null, "initial": false, "triggers": [ 60 ] }, "geometry": { "type": "LineString", "coordinates": [ [ 134.051228, 34.328411 ], [ 134.050283, 34.323095 ], [ 134.04891, 34.316573 ], [ 134.046936, 34.303882 ], [ 134.04479, 34.291899 ], [ 134.043245, 34.285092 ], [ 134.04213, 34.281829 ], [ 134.03964, 34.280765 ], [ 134.036207, 34.280553 ], [ 134.024191, 34.282822 ], [ 134.017839, 34.28417 ], [ 134.014063, 34.28417 ], [ 134.010372, 34.284666 ], [ 134.005051, 34.28417 ], [ 133.998613, 34.278141 ], [ 133.992691, 34.273035 ], [ 133.989515, 34.270765 ], [ 133.983421, 34.263956 ], [ 133.973036, 34.259487 ], [ 133.955183, 34.252889 ], [ 133.952093, 34.252818 ], [ 133.946257, 34.249696 ], [ 133.941708, 34.248987 ], [ 133.925228, 34.249767 ], [ 133.919821, 34.246078 ], [ 133.914499, 34.246078 ], [ 133.87948, 34.231958 ], [ 133.87476, 34.231461 ], [ 133.865919, 34.223655 ], [ 133.855619, 34.218687 ], [ 133.847122, 34.20946 ], [ 133.844032, 34.20442 ], [ 133.842402, 34.20151 ], [ 133.836823, 34.197321 ], [ 133.829441, 34.193985 ], [ 133.824806, 34.193985 ], [ 133.823849425426289, 34.194116670890615 ] ] } },
{ "type": "Feature", "properties": { "id": "kyMTc", "name": null, "AnimationOrder": 4.0, "animationGroup": null, "uuid": 140, "type": null, "initial": false, "triggers": [ 49 ] }, "geometry": { "type": "LineString", "coordinates": [ [ 134.583421, 34.059012 ], [ 134.58076, 34.059795 ], [ 134.579215, 34.059973 ], [ 134.573894, 34.059973 ], [ 134.572349, 34.060506 ], [ 134.572434, 34.062463 ], [ 134.57355, 34.064135 ], [ 134.574666, 34.069541 ], [ 134.570546, 34.07011 ], [ 134.562349, 34.071177 ], [ 134.558187, 34.071569 ], [ 134.554281, 34.071533 ], [ 134.551932, 34.071998 ], [ 134.549668, 34.072833 ], [ 134.55043, 34.073705 ], [ 134.550161, 34.073829 ], [ 134.550258, 34.074034 ], [ 134.551406, 34.074606 ], [ 134.546041, 34.077149 ], [ 134.538553, 34.080634 ], [ 134.535313, 34.081185 ], [ 134.530613, 34.080812 ], [ 134.524047, 34.080261 ], [ 134.513276, 34.078571 ], [ 134.506302, 34.07738 ], [ 134.49141, 34.07508 ], [ 134.469094, 34.072875 ], [ 134.447551, 34.071559 ], [ 134.432702, 34.06537 ], [ 134.423518, 34.067824 ], [ 134.419398, 34.067647 ], [ 134.416995, 34.068394 ], [ 134.411201, 34.074405 ], [ 134.405022, 34.076005 ], [ 134.400387, 34.076788 ], [ 134.397554, 34.076788 ], [ 134.376225, 34.07508 ], [ 134.359231, 34.073373 ], [ 134.356656, 34.073587 ], [ 134.351335, 34.074262 ], [ 134.34876, 34.073871 ], [ 134.342065, 34.074227 ], [ 134.336572, 34.072448 ], [ 134.32344, 34.065228 ], [ 134.320951, 34.061813 ], [ 134.318805, 34.058789 ], [ 134.31005, 34.056228 ], [ 134.301252, 34.056264 ], [ 134.297476, 34.057295 ], [ 134.286189, 34.05758 ], [ 134.278164, 34.057971 ], [ 134.261513, 34.06103 ], [ 134.256363, 34.060106 ], [ 134.249067, 34.05886 ], [ 134.245591, 34.057189 ], [ 134.236021, 34.055588 ], [ 134.233961, 34.055054 ], [ 134.230399, 34.054485 ], [ 134.216366, 34.05975 ], [ 134.204092, 34.061208 ], [ 134.199114, 34.062382 ], [ 134.194608, 34.064161 ], [ 134.188385, 34.061849 ], [ 134.183621, 34.058647 ], [ 134.178729, 34.055196 ], [ 134.17697, 34.052813 ], [ 134.174438, 34.051603 ], [ 134.171734, 34.051532 ], [ 134.164653, 34.055552 ], [ 134.161992, 34.056251 ], [ 134.158645, 34.056264 ], [ 134.146714, 34.053204 ], [ 134.139376, 34.054663 ], [ 134.133282, 34.054876 ], [ 134.12693, 34.056228 ], [ 134.121695, 34.055552 ], [ 134.118347, 34.051105 ], [ 134.115171, 34.049469 ], [ 134.106975, 34.050287 ], [ 134.101439, 34.052315 ], [ 134.096632, 34.05235 ], [ 134.091568, 34.051568 ], [ 134.089293, 34.051568 ], [ 134.087234, 34.050322 ], [ 134.084573, 34.047121 ], [ 134.079981, 34.043847 ], [ 134.071655, 34.044417 ], [ 134.069424, 34.043343 ], [ 134.068007, 34.041179 ], [ 134.064703, 34.038973 ], [ 134.062085, 34.03883 ], [ 134.058738, 34.039578 ], [ 134.051185, 34.042317 ], [ 134.047365, 34.042424 ], [ 134.040112, 34.04093 ], [ 134.032388, 34.041321 ], [ 134.029856, 34.04093 ], [ 134.027581, 34.041214 ], [ 134.024663, 34.040503 ], [ 134.021444, 34.040965 ], [ 134.018569, 34.039862 ], [ 134.01638, 34.038364 ], [ 134.013677, 34.0373 ], [ 134.011788, 34.036729 ], [ 134.00887, 34.036553 ], [ 134.002991, 34.035948 ], [ 133.998528, 34.03513 ], [ 133.992734, 34.034987 ], [ 133.988743, 34.03666 ], [ 133.983078, 34.037194 ], [ 133.973594, 34.037158 ], [ 133.969345, 34.036233 ], [ 133.966985, 34.033208 ], [ 133.964539, 34.032603 ], [ 133.948574, 34.035913 ], [ 133.92673, 34.036945 ], [ 133.921795, 34.037085 ], [ 133.903942, 34.032888 ], [ 133.900852, 34.032034 ], [ 133.894329, 34.03353 ], [ 133.890638, 34.033316 ], [ 133.884716, 34.031608 ], [ 133.87948, 34.029687 ], [ 133.871841, 34.029118 ], [ 133.868408, 34.03104 ], [ 133.859653, 34.032392 ], [ 133.853817, 34.03289 ], [ 133.843346, 34.031324 ], [ 133.829184, 34.02862 ], [ 133.823605, 34.026058 ], [ 133.815193, 34.02428 ], [ 133.811674, 34.025063 ], [ 133.807812, 34.02492 ], [ 133.804636, 34.026771 ] ] } },
{ "type": "Feature", "properties": { "id": "U4NzE", "name": null, "AnimationOrder": 3.0, "animationGroup": "Hokkaido ", "uuid": 120, "type": "LongFerry", "initial": false, "triggers": [ 14, 17 ] }, "geometry": { "type": "LineString", "coordinates": [ [ 140.575047, 36.308901 ], [ 140.575047, 36.303782 ], [ 140.587578, 36.285381 ], [ 140.601139, 36.27694 ], [ 140.610409, 36.275002 ], [ 140.626888, 36.276386 ], [ 140.640965, 36.28718 ], [ 140.675983, 36.323009 ], [ 140.760441, 36.399731 ], [ 140.809364, 36.502461 ], [ 140.821037, 36.527019 ], [ 140.860004, 36.600783 ], [ 140.93605, 36.744937 ], [ 140.975189, 36.821378 ], [ 141.014328, 36.90598 ], [ 141.061707, 37.008036 ], [ 141.069946, 37.022291 ], [ 141.080246, 37.077641 ], [ 141.127625, 37.177278 ], [ 141.194916, 37.30246 ], [ 141.260147, 37.418163 ], [ 141.306152, 37.497742 ], [ 141.395416, 37.688167 ], [ 141.467514, 37.880273 ], [ 141.514893, 38.01564 ], [ 141.613083, 38.203116 ], [ 141.670074, 38.343272 ], [ 141.733246, 38.507341 ], [ 141.858215, 38.826871 ], [ 141.950226, 39.063449 ], [ 142.108154, 39.523111 ], [ 141.959839, 40.465756 ], [ 141.811523, 41.382991 ], [ 141.69342, 42.114524 ], [ 141.643982, 42.407235 ], [ 141.608963, 42.600104 ], [ 141.632663, 42.636903 ], [ 141.633295424720075, 42.650679850363709 ] ] } },
{ "type": "Feature", "properties": { "id": "Y1ODM", "name": null, "AnimationOrder": 4.0, "animationGroup": null, "uuid": 121, "type": "LongFerry", "initial": false, "triggers": [ 5 ] }, "geometry": { "type": "LineString", "coordinates": [ [ 139.068632, 37.938139 ], [ 139.068375, 37.938105 ], [ 139.06713, 37.938681 ], [ 139.065585, 37.940339 ], [ 139.066401, 37.945957 ], [ 139.068804, 37.955365 ], [ 139.072495, 37.960982 ], [ 139.082794, 37.977221 ], [ 139.0979, 38.022672 ], [ 139.097214, 38.03349 ], [ 139.10202, 38.19664 ], [ 139.11438, 38.352426 ], [ 139.188538, 39.113014 ], [ 139.243469, 39.370402 ], [ 139.347839, 40.235509 ], [ 139.42749, 40.84706 ], [ 139.549026, 41.758508 ], [ 139.611511, 42.171037 ], [ 139.625244, 42.253934 ], [ 139.695282, 42.550551 ], [ 139.711761, 42.611222 ], [ 139.822311, 42.744995 ], [ 139.97612, 42.932296 ], [ 140.210266, 43.274706 ], [ 140.287685, 43.375982 ], [ 140.293522, 43.379476 ], [ 140.421925, 43.425497 ], [ 140.469475, 43.43921 ], [ 140.478573, 43.441453 ], [ 140.487671, 43.440581 ], [ 140.718384, 43.380099 ], [ 140.846958, 43.348151 ], [ 141.01656, 43.304944 ], [ 141.026516, 43.301196 ], [ 141.036816, 43.296324 ], [ 141.039734, 43.294325 ], [ 141.042137, 43.290576 ], [ 141.043682, 43.287578 ], [ 141.044712, 43.283829 ], [ 141.044455, 43.230665 ], [ 141.044455, 43.217718 ], [ 141.044197, 43.215216 ], [ 141.043296, 43.213215 ], [ 141.041923, 43.210837 ], [ 141.035635, 43.202173 ], [ 141.034445, 43.201367 ], [ 141.030389, 43.199678 ], [ 141.028833, 43.199209 ], [ 141.027793, 43.199068 ], [ 141.02643, 43.198974 ], [ 141.025636, 43.19899 ], [ 141.025035, 43.199013 ], [ 141.023673, 43.198919 ], [ 141.022664, 43.198786 ], [ 141.021323, 43.198481 ], [ 141.019092, 43.19773 ], [ 141.018147, 43.196862 ], [ 141.0176, 43.196049 ], [ 141.017343, 43.195079 ], [ 141.017096, 43.192904 ], [ 141.01715, 43.192373 ], [ 141.017289, 43.192154 ], [ 141.017826, 43.191786 ], [ 141.018212, 43.191497 ], [ 141.018223, 43.19134 ], [ 141.016924, 43.190855 ], [ 141.017118, 43.190534 ], [ 141.018405, 43.19098 ], [ 140.993855451148278, 43.197661271788931 ] ] } },
{ "type": "Feature", "properties": { "id": "U0ODU", "name": null, "AnimationOrder": 1.0, "animationGroup": "Narita", "uuid": 122, "type": null, "initial": false, "triggers": [ 32, 34 ] }, "geometry": { "type": "LineString", "coordinates": [ [ 139.80978, 35.66929 ], [ 139.826946, 35.669848 ], [ 139.835701, 35.66692 ], [ 139.847717, 35.665664 ], [ 139.860764, 35.664688 ], [ 139.8769, 35.663433 ], [ 139.883423, 35.663433 ], [ 139.889431, 35.664549 ], [ 139.895096, 35.66692 ], [ 139.902477, 35.673056 ], [ 139.929256, 35.695225 ], [ 139.936295, 35.698989 ], [ 139.943676, 35.704705 ], [ 139.949684, 35.71042 ], [ 139.953289, 35.710141 ], [ 139.971142, 35.702753 ], [ 139.978352, 35.702474 ], [ 140.010281, 35.699268 ], [ 140.03289125172742, 35.681460393648102 ] ] } },
{ "type": "Feature", "properties": { "id": "E5OTA", "name": null, "AnimationOrder": 4.0, "animationGroup": null, "uuid": 124, "type": null, "initial": false, "triggers": [ ] }, "geometry": { "type": "LineString", "coordinates": [ [ 140.458799115574777, 37.758639055340254 ], [ 140.458059, 37.760639 ], [ 140.456085, 37.761758 ], [ 140.391626, 37.771325 ], [ 140.381413, 37.773327 ], [ 140.375404, 37.777703 ], [ 140.374246, 37.780077 ], [ 140.374589, 37.781841 ], [ 140.375791, 37.782756 ], [ 140.378194, 37.783842 ], [ 140.380039, 37.785097 ], [ 140.381069, 37.786793 ], [ 140.38094, 37.788658 ], [ 140.380082, 37.790388 ], [ 140.372958, 37.795305 ], [ 140.360599, 37.798391 ], [ 140.356565, 37.801816 ], [ 140.354419, 37.802697 ], [ 140.345321, 37.803511 ], [ 140.340214, 37.805613 ], [ 140.336137, 37.805546 ], [ 140.333304, 37.805919 ], [ 140.328627, 37.805749 ], [ 140.323906, 37.804122 ], [ 140.321546, 37.803545 ], [ 140.31867, 37.803036 ], [ 140.315666, 37.803715 ], [ 140.313907, 37.804528 ], [ 140.311804, 37.804664 ], [ 140.309744, 37.804732 ], [ 140.308156, 37.805376 ], [ 140.297942, 37.813819 ], [ 140.296097, 37.815141 ], [ 140.293179, 37.816124 ], [ 140.28996, 37.816565 ], [ 140.286956, 37.817039 ], [ 140.284982, 37.817616 ], [ 140.283308, 37.81765 ], [ 140.276871, 37.815582 ], [ 140.273652, 37.813276 ], [ 140.267258, 37.81114 ], [ 140.266271, 37.81036 ], [ 140.264769, 37.808326 ], [ 140.263524, 37.807377 ], [ 140.261765, 37.806512 ], [ 140.260005, 37.805783 ], [ 140.258331, 37.805376 ], [ 140.257301, 37.805274 ], [ 140.255284, 37.805122 ], [ 140.253911, 37.804562 ], [ 140.252709, 37.804155 ], [ 140.250907, 37.804274 ], [ 140.237324, 37.811038 ], [ 140.235415, 37.812598 ], [ 140.234277, 37.81309 ], [ 140.232625, 37.813174 ], [ 140.230908, 37.8137 ], [ 140.23005, 37.814581 ], [ 140.229321, 37.815887 ], [ 140.228291, 37.816734 ], [ 140.226488, 37.817327 ], [ 140.22505, 37.818141 ], [ 140.224385, 37.819192 ], [ 140.224106, 37.820396 ], [ 140.223463, 37.82226 ], [ 140.222175, 37.823548 ], [ 140.220802, 37.824175 ], [ 140.219171, 37.824226 ], [ 140.21724, 37.824175 ], [ 140.215759, 37.824769 ], [ 140.214858, 37.825853 ], [ 140.213957, 37.826667 ], [ 140.212047, 37.827938 ], [ 140.210373, 37.82926 ], [ 140.208507, 37.830294 ], [ 140.207005, 37.831412 ], [ 140.206082, 37.831989 ], [ 140.204344, 37.832463 ], [ 140.202692, 37.833107 ], [ 140.201705, 37.83409 ], [ 140.200417, 37.837293 ], [ 140.199966, 37.838293 ], [ 140.199022, 37.839208 ], [ 140.194902, 37.841834 ], [ 140.194001, 37.842173 ], [ 140.192821, 37.842343 ], [ 140.190461, 37.841902 ], [ 140.189323, 37.841987 ], [ 140.188165, 37.842461 ], [ 140.185847, 37.844851 ], [ 140.183916, 37.845816 ], [ 140.179067, 37.846426 ], [ 140.177135, 37.847257 ], [ 140.17514, 37.849663 ], [ 140.173359, 37.852153 ], [ 140.170527, 37.852831 ], [ 140.169497, 37.854051 ], [ 140.168123, 37.855677 ], [ 140.16675, 37.857101 ], [ 140.164518, 37.857575 ], [ 140.161858, 37.856626 ], [ 140.159712, 37.856626 ], [ 140.155678, 37.857914 ], [ 140.152674, 37.860895 ], [ 140.14349, 37.866113 ], [ 140.142202, 37.867333 ], [ 140.1245, 37.921113 ], [ 140.124478, 37.921874 ], [ 140.12538, 37.930625 ], [ 140.125959, 37.93159 ], [ 140.126903, 37.93247 ], [ 140.132654, 37.93621 ], [ 140.133147, 37.937056 ], [ 140.142739, 37.954282 ], [ 140.143983, 37.957023 ], [ 140.145464, 37.960931 ], [ 140.146494, 37.962843 ], [ 140.150571, 37.969643 ], [ 140.151901, 37.971859 ], [ 140.152159, 37.972942 ], [ 140.152202, 37.973923 ], [ 140.152524, 37.982245 ], [ 140.152802, 37.984883 ], [ 140.152802, 37.986523 ], [ 140.152695, 37.987606 ], [ 140.153661, 38.014288 ], [ 140.153489, 38.016113 ], [ 140.14879, 38.028453 ], [ 140.14643, 38.034791 ], [ 140.146301, 38.035586 ], [ 140.14643, 38.036684 ], [ 140.149026, 38.047348 ], [ 140.15085, 38.054867 ], [ 140.151408, 38.055678 ], [ 140.151987, 38.056404 ], [ 140.152717, 38.056928 ], [ 140.153468, 38.057198 ], [ 140.15439, 38.057469 ], [ 140.155206, 38.057536 ], [ 140.15703, 38.057317 ], [ 140.163403, 38.053735 ], [ 140.165184, 38.053481 ], [ 140.1666, 38.053633 ], [ 140.167737, 38.053954 ], [ 140.168681, 38.054715 ], [ 140.169625, 38.055864 ], [ 140.17102, 38.057469 ], [ 140.174754, 38.060121 ], [ 140.175397, 38.060932 ], [ 140.176084, 38.062993 ], [ 140.176899, 38.065798 ], [ 140.177672, 38.066676 ], [ 140.179839, 38.068028 ], [ 140.182199, 38.069768 ], [ 140.183015, 38.07095 ], [ 140.190525, 38.087013 ], [ 140.191448, 38.088195 ], [ 140.192499, 38.089057 ], [ 140.207841, 38.095136 ], [ 140.208614, 38.095575 ], [ 140.209365, 38.096285 ], [ 140.20988, 38.09718 ], [ 140.210009, 38.09821 ], [ 140.209816, 38.100506 ], [ 140.209365, 38.104187 ], [ 140.209751, 38.105504 ], [ 140.216146, 38.116596 ], [ 140.216789, 38.118285 ], [ 140.216897, 38.119719 ], [ 140.217218, 38.122167 ], [ 140.218313, 38.124277 ], [ 140.22018, 38.127468 ], [ 140.221682, 38.128531 ], [ 140.223892, 38.129375 ], [ 140.227776, 38.12978 ], [ 140.231874, 38.130134 ], [ 140.237024, 38.129628 ], [ 140.239191, 38.129662 ], [ 140.247517, 38.129864 ], [ 140.256701, 38.130911 ], [ 140.259147, 38.131552 ], [ 140.271077, 38.14124 ], [ 140.284896, 38.160982 ], [ 140.286012, 38.162298 ], [ 140.289145, 38.163749 ], [ 140.29099, 38.165976 ], [ 140.292535, 38.166887 ], [ 140.296397, 38.168574 ], [ 140.297556, 38.169586 ], [ 140.298114, 38.17097 ], [ 140.299015, 38.172589 ], [ 140.300646, 38.174074 ], [ 140.301461, 38.175929 ], [ 140.301633, 38.179404 ], [ 140.299959, 38.18524 ], [ 140.300345, 38.188647 ], [ 140.299358, 38.192357 ], [ 140.306911, 38.217717 ], [ 140.30807, 38.219403 ], [ 140.310516, 38.220245 ], [ 140.312061, 38.220819 ], [ 140.313134, 38.2221 ], [ 140.327425, 38.248325 ], [ 140.32757, 38.248485 ], [ 140.329163, 38.251359 ], [ 140.330966, 38.254594 ], [ 140.332832, 38.258065 ], [ 140.332918, 38.261637 ], [ 140.332661, 38.264535 ], [ 140.33309, 38.269521 ], [ 140.334206, 38.27188 ], [ 140.34133, 38.277136 ], [ 140.342875, 38.279022 ], [ 140.34339, 38.28037 ], [ 140.34339, 38.281583 ], [ 140.342188, 38.287326 ], [ 140.341823, 38.289229 ], [ 140.342059, 38.290408 ], [ 140.342746, 38.291385 ], [ 140.343947, 38.292008 ], [ 140.358303, 38.297145 ], [ 140.372293, 38.302297 ], [ 140.374396, 38.302937 ], [ 140.375469, 38.303089 ], [ 140.377014, 38.30292 ], [ 140.379417, 38.302112 ], [ 140.382764, 38.300917 ], [ 140.390618, 38.299452 ], [ 140.391347, 38.299452 ], [ 140.392592, 38.299603 ], [ 140.39418, 38.300058 ], [ 140.394866, 38.300496 ], [ 140.395961, 38.301422 ], [ 140.398514, 38.30383 ], [ 140.399265, 38.304419 ], [ 140.40405, 38.306659 ], [ 140.404801, 38.307113 ], [ 140.405853, 38.308174 ], [ 140.406604, 38.308477 ], [ 140.407505, 38.308645 ], [ 140.410101, 38.308359 ], [ 140.411131, 38.308376 ], [ 140.413277, 38.308191 ], [ 140.415595, 38.308309 ], [ 140.417118, 38.308174 ], [ 140.41774, 38.308174 ], [ 140.419264, 38.308511 ], [ 140.419929, 38.308494 ], [ 140.422032, 38.308258 ], [ 140.426774, 38.308763 ], [ 140.434499, 38.309605 ], [ 140.434864, 38.309622 ], [ 140.436022, 38.310077 ], [ 140.436902, 38.310969 ], [ 140.438919, 38.31235 ], [ 140.440078, 38.312568 ], [ 140.441215, 38.312939 ], [ 140.441966, 38.313309 ], [ 140.443554, 38.314774 ], [ 140.444927, 38.315801 ], [ 140.446815, 38.316357 ], [ 140.447416, 38.31671 ], [ 140.44894, 38.317602 ], [ 140.450721, 38.318242 ], [ 140.452802, 38.319774 ], [ 140.454218, 38.320532 ], [ 140.454905, 38.320835 ], [ 140.455656, 38.320885 ], [ 140.457931, 38.320936 ], [ 140.460355, 38.32102 ], [ 140.461557, 38.321272 ], [ 140.462329, 38.321626 ], [ 140.463681, 38.322956 ], [ 140.464582, 38.323646 ], [ 140.466514, 38.324168 ], [ 140.468338, 38.325195 ], [ 140.470204, 38.32644 ], [ 140.471277, 38.326979 ], [ 140.473015, 38.32708 ], [ 140.47456, 38.327164 ], [ 140.476663, 38.327854 ], [ 140.47765, 38.327972 ], [ 140.480525, 38.32772 ], [ 140.481706, 38.327871 ], [ 140.482757, 38.32846 ], [ 140.483165, 38.328864 ], [ 140.483358, 38.329285 ], [ 140.484173, 38.329925 ], [ 140.485289, 38.330514 ], [ 140.486512, 38.330649 ], [ 140.487413, 38.330733 ], [ 140.489302, 38.331423 ], [ 140.490332, 38.331692 ], [ 140.490911, 38.331692 ], [ 140.491705, 38.331591 ], [ 140.492499, 38.331423 ], [ 140.493314, 38.331507 ], [ 140.494151, 38.331877 ], [ 140.495932, 38.332871 ], [ 140.497112, 38.333089 ], [ 140.558524, 38.329891 ], [ 140.561764, 38.329454 ], [ 140.563502, 38.329689 ], [ 140.566249, 38.330766 ], [ 140.568931, 38.330615 ], [ 140.570948, 38.330699 ], [ 140.576484, 38.328578 ], [ 140.578094, 38.328124 ], [ 140.580025, 38.327854 ], [ 140.582385, 38.327248 ], [ 140.58569, 38.32745 ], [ 140.586998, 38.327333 ], [ 140.588093, 38.327147 ], [ 140.590796, 38.326306 ], [ 140.592299, 38.326036 ], [ 140.593801, 38.325935 ], [ 140.600259, 38.326356 ], [ 140.601461, 38.326053 ], [ 140.602384, 38.325531 ], [ 140.603735, 38.323983 ], [ 140.605173, 38.322198 ], [ 140.605645, 38.321289 ], [ 140.608113, 38.315565 ], [ 140.609872, 38.313393 ], [ 140.612748, 38.310178 ], [ 140.613627, 38.309454 ], [ 140.61455, 38.309066 ], [ 140.615494, 38.30905 ], [ 140.619893, 38.309504 ], [ 140.62073, 38.309858 ], [ 140.621653, 38.310531 ], [ 140.622189, 38.311407 ], [ 140.622361, 38.312434 ], [ 140.622039, 38.314168 ], [ 140.622232, 38.31506 ], [ 140.622854, 38.315868 ], [ 140.623627, 38.31634 ], [ 140.624914, 38.316559 ], [ 140.626609, 38.316609 ], [ 140.627983, 38.316811 ], [ 140.636716, 38.318831 ], [ 140.638239, 38.318528 ], [ 140.639505, 38.317602 ], [ 140.640965, 38.316474 ], [ 140.641673, 38.316155 ], [ 140.644784, 38.315717 ], [ 140.646758, 38.315094 ], [ 140.651608, 38.312619 ], [ 140.656908, 38.31043 ], [ 140.658474, 38.309622 ], [ 140.659225, 38.308342 ], [ 140.659761, 38.307719 ], [ 140.660491, 38.307248 ], [ 140.662465, 38.306524 ], [ 140.663345, 38.305968 ], [ 140.664611, 38.304621 ], [ 140.666199, 38.303611 ], [ 140.668645, 38.302769 ], [ 140.677915, 38.300007 ], [ 140.68049, 38.29802 ], [ 140.683494, 38.295595 ], [ 140.685425, 38.294113 ], [ 140.68594, 38.292699 ], [ 140.685596, 38.290745 ], [ 140.685811, 38.289701 ], [ 140.687184, 38.288252 ], [ 140.691948, 38.283604 ], [ 140.696197, 38.280201 ], [ 140.702205, 38.278079 ], [ 140.725594, 38.270364 ], [ 140.727739, 38.270195 ], [ 140.729284, 38.270094 ], [ 140.73525, 38.270701 ], [ 140.749454, 38.272453 ], [ 140.770075, 38.272924 ], [ 140.771341, 38.273127 ], [ 140.775139, 38.273716 ], [ 140.776041, 38.2738 ], [ 140.780096, 38.273682 ], [ 140.790374, 38.27343 ], [ 140.795417, 38.273312 ], [ 140.797005, 38.273025 ], [ 140.797949, 38.272604 ], [ 140.798764, 38.272082 ], [ 140.799944, 38.271324 ], [ 140.800867, 38.270869 ], [ 140.80518, 38.270162 ], [ 140.806532, 38.270162 ], [ 140.808227, 38.270431 ], [ 140.809536, 38.270903 ], [ 140.810716, 38.271122 ], [ 140.811832, 38.271088 ], [ 140.812819, 38.270718 ], [ 140.8149, 38.269336 ], [ 140.815523, 38.268999 ], [ 140.816917, 38.268797 ], [ 140.82108, 38.269151 ], [ 140.822003, 38.269404 ], [ 140.822818, 38.269791 ], [ 140.827539, 38.272756 ], [ 140.829213, 38.273868 ], [ 140.830028, 38.274272 ], [ 140.831165, 38.274491 ], [ 140.832303, 38.274575 ], [ 140.834749, 38.274963 ], [ 140.835907, 38.275367 ], [ 140.837002, 38.27599 ], [ 140.83771, 38.276681 ], [ 140.838525, 38.278113 ], [ 140.839019, 38.278904 ], [ 140.839791, 38.279629 ], [ 140.840929, 38.280151 ], [ 140.842645, 38.280437 ], [ 140.843568, 38.280606 ], [ 140.844576, 38.281111 ], [ 140.845242, 38.281751 ], [ 140.845714, 38.28293 ], [ 140.846293, 38.283671 ], [ 140.84698, 38.284227 ], [ 140.848117, 38.284665 ], [ 140.85052, 38.284985 ], [ 140.858331, 38.28608 ], [ 140.859489, 38.285962 ], [ 140.860884, 38.285558 ], [ 140.862, 38.285103 ], [ 140.863545, 38.284429 ], [ 140.867708, 38.28261 ], [ 140.872235, 38.280724 ], [ 140.873973, 38.28005 ], [ 140.87481, 38.279898 ], [ 140.878243, 38.279646 ], [ 140.880067, 38.279443 ], [ 140.88114, 38.279107 ], [ 140.882621, 38.278365 ], [ 140.883436, 38.278096 ], [ 140.884767, 38.277776 ], [ 140.886312, 38.277355 ], [ 140.88717, 38.277153 ], [ 140.888071, 38.276866 ], [ 140.88908, 38.276395 ], [ 140.892121, 38.275038 ], [ 140.895206, 38.273674 ], [ 140.895817, 38.273371 ], [ 140.896204, 38.273135 ], [ 140.896488, 38.272882 ], [ 140.896788, 38.272554 ], [ 140.896965, 38.27228 ], [ 140.897153, 38.271943 ], [ 140.897287, 38.271417 ], [ 140.897309, 38.270844 ], [ 140.897169, 38.270381 ], [ 140.897051, 38.270086 ], [ 140.896729, 38.26958 ], [ 140.896279, 38.269159 ], [ 140.895957, 38.268949 ], [ 140.895442, 38.268704 ], [ 140.89483, 38.268519 ], [ 140.894433, 38.268435 ], [ 140.893672, 38.268342 ], [ 140.89306, 38.2683 ], [ 140.888307, 38.266615 ], [ 140.88658, 38.266 ], [ 140.885314, 38.265436 ], [ 140.884295, 38.264905 ], [ 140.883608, 38.264366 ], [ 140.883265, 38.264029 ], [ 140.882889, 38.263482 ], [ 140.882642, 38.263052 ], [ 140.882481, 38.262665 ], [ 140.882302, 38.2621 ], [ 140.882125, 38.261296 ], [ 140.882007, 38.260727 ] ] } },
{ "type": "Feature", "properties": { "id": "g0MTk", "name": null, "AnimationOrder": 1.0, "animationGroup": "Tokyo", "uuid": 125, "type": null, "initial": false, "triggers": [ 19 ] }, "geometry": { "type": "LineString", "coordinates": [ [ 139.69923, 35.696689 ], [ 139.697213, 35.700906 ], [ 139.69584, 35.702858 ], [ 139.693265, 35.70467 ], [ 139.68936, 35.705994 ], [ 139.686098, 35.706377 ], [ 139.684939, 35.706343 ], [ 139.665327, 35.705959 ], [ 139.649963, 35.705471 ], [ 139.635458, 35.704844 ], [ 139.620094, 35.704321 ], [ 139.607306, 35.704008 ], [ 139.599581, 35.703729 ], [ 139.580624604765177, 35.703249985870201 ] ] } },
{ "type": "Feature", "properties": { "id": "c4NTI", "name": null, "AnimationOrder": 2.0, "animationGroup": "Hokkaido ", "uuid": 126, "type": null, "initial": false, "triggers": [ 37, 133 ] }, "geometry": { "type": "LineString", "coordinates": [ [ 139.769308807322147, 35.730980678873266 ], [ 139.76936264539583, 35.731221050614266 ], [ 139.769241509730051, 35.731559755018019 ], [ 139.770183676019343, 35.73243382424355 ], [ 139.771045279014572, 35.733176426082949 ], [ 139.773353392606822, 35.73317131269085 ], [ 139.776152972437757, 35.733520934457381 ], [ 139.781971, 35.732649 ], [ 139.791187254510703, 35.731630773500619 ], [ 139.799128370377332, 35.730341505032598 ], [ 139.80114729814008, 35.732832615140829 ], [ 139.801884, 35.739198 ], [ 139.804029, 35.746721 ], [ 139.806776, 35.754453 ], [ 139.809093, 35.757657 ], [ 139.812698, 35.760583 ], [ 139.816561, 35.761279 ], [ 139.832182, 35.762951 ], [ 139.842396, 35.764065 ], [ 139.848833, 35.76692 ], [ 139.8557, 35.767895 ], [ 139.867373, 35.769149 ], [ 139.873896, 35.769427 ], [ 139.88368, 35.768801 ], [ 139.891148, 35.769985 ], [ 139.895096, 35.772492 ], [ 139.897842, 35.776043 ], [ 139.902048, 35.787741 ], [ 139.904366, 35.79345 ], [ 139.915695, 35.805006 ], [ 139.922733, 35.82867 ], [ 139.927197, 35.831732 ], [ 139.947624, 35.841473 ], [ 139.957409, 35.8469 ], [ 139.964104, 35.853022 ], [ 139.972, 35.863318 ], [ 139.97818, 35.871386 ], [ 139.98642, 35.876115 ], [ 139.991913, 35.875003 ], [ 140.004616, 35.872081 ], [ 140.020924, 35.873612 ], [ 140.045986, 35.872777 ], [ 140.050278, 35.875142 ], [ 140.062637, 35.896003 ], [ 140.066586, 35.899897 ], [ 140.07328, 35.900592 ], [ 140.090103, 35.911716 ], [ 140.097141, 35.915886 ], [ 140.127182, 35.922559 ], [ 140.135422, 35.926174 ], [ 140.137482, 35.929371 ], [ 140.14143, 35.981479 ], [ 140.158081, 36.006618 ], [ 140.163574, 36.027167 ], [ 140.18692, 36.058536 ], [ 140.188637, 36.064503 ], [ 140.2034, 36.07269 ], [ 140.213356, 36.091974 ], [ 140.226059, 36.100296 ], [ 140.271549, 36.140509 ], [ 140.283566, 36.145499 ], [ 140.29747, 36.168091 ], [ 140.297642, 36.171833 ], [ 140.28511, 36.183888 ], [ 140.276871, 36.197188 ], [ 140.289917, 36.234858 ], [ 140.276184, 36.292437 ], [ 140.277214, 36.298802 ], [ 140.288715, 36.310837 ], [ 140.302105, 36.34873 ], [ 140.328026, 36.360066 ], [ 140.335579, 36.361587 ], [ 140.34502, 36.365596 ], [ 140.347595, 36.367807 ], [ 140.364075, 36.374718 ], [ 140.435829, 36.384669 ], [ 140.440292, 36.384116 ], [ 140.447116, 36.378243 ], [ 140.451064, 36.374269 ], [ 140.45248, 36.373543 ], [ 140.453854, 36.373336 ], [ 140.461063, 36.372921 ], [ 140.46793, 36.371263 ], [ 140.47029, 36.370503 ], [ 140.475912, 36.370779 ], [ 140.476070475886871, 36.370987254815759 ] ] } },
{ "type": "Feature", "properties": { "id": "Q1MDQ", "name": null, "AnimationOrder": null, "animationGroup": null, "uuid": 127, "type": null, "initial": false, "triggers": [ 44, 48, 62 ] }, "geometry": { "type": "LineString", "coordinates": [ [ 134.049339, 34.350773 ], [ 134.049425, 34.349213 ], [ 134.050541, 34.348646 ], [ 134.052815, 34.348362 ], [ 134.054017, 34.347901 ], [ 134.054489, 34.346412 ], [ 134.052858, 34.340066 ], [ 134.052796243351651, 34.33883424434984 ] ] } },
{ "type": "Feature", "properties": { "id": "Q5NzM", "name": null, "AnimationOrder": 4.0, "animationGroup": null, "uuid": 128, "type": null, "initial": false, "triggers": [ 60 ] }, "geometry": { "type": "LineString", "coordinates": [ [ 133.823398066937557, 34.314288148112198 ], [ 133.821373, 34.314502 ], [ 133.818283, 34.313793 ], [ 133.816094, 34.309863 ], [ 133.808713, 34.2983 ], [ 133.807425, 34.29681 ], [ 133.805537, 34.29603 ], [ 133.801503, 34.295001 ], [ 133.792791, 34.291986 ], [ 133.787255, 34.289112 ], [ 133.763223, 34.280101 ], [ 133.761163, 34.278611 ], [ 133.758545, 34.273572 ], [ 133.754554, 34.266724 ], [ 133.754382, 34.264737 ], [ 133.756785, 34.261259 ], [ 133.764338, 34.258526 ], [ 133.769531, 34.256858 ], [ 133.772793, 34.254764 ], [ 133.779616, 34.244968 ], [ 133.785753, 34.236165 ], [ 133.789186, 34.230095 ], [ 133.791933, 34.22516 ], [ 133.796911, 34.218662 ], [ 133.804293, 34.209643 ], [ 133.812232, 34.198102 ], [ 133.817296, 34.196823 ], [ 133.818798, 34.19558 ], [ 133.821201, 34.191993 ], [ 133.81897, 34.191003 ], [ 133.818197, 34.192565 ], [ 133.818626, 34.194056 ], [ 133.820171, 34.194623 ], [ 133.823849425426289, 34.194116670890615 ] ] } },
{ "type": "Feature", "properties": { "id": null, "name": "Kickstart Tokaido line", "AnimationOrder": null, "animationGroup": "Tokyo", "uuid": 129, "type": null, "initial": false, "triggers": [ 87 ] }, "geometry": { "type": "LineString", "coordinates": [ [ 139.767539127276649, 35.681468548597678 ], [ 139.767219238282536, 35.68073689911138 ] ] } },
{ "type": "Feature", "properties": { "id": "I4NTQ", "name": null, "AnimationOrder": 2.0, "animationGroup": "Omiya", "uuid": 132, "type": null, "initial": false, "triggers": [ 23, 134 ] }, "geometry": { "type": "LineString", "coordinates": [ [ 139.711332, 35.730245 ], [ 139.716954, 35.741079 ], [ 139.719744, 35.745676 ], [ 139.721804, 35.749299 ], [ 139.722404, 35.752224 ], [ 139.722362, 35.759991 ], [ 139.72219, 35.771482 ], [ 139.721975, 35.775347 ], [ 139.720731, 35.778132 ], [ 139.71807, 35.782832 ], [ 139.716697, 35.785965 ], [ 139.718113, 35.796269 ], [ 139.718413, 35.799681 ], [ 139.717512, 35.801978 ], [ 139.715796, 35.804205 ], [ 139.704423, 35.815482 ], [ 139.700646, 35.819275 ], [ 139.698672, 35.821119 ], [ 139.695926, 35.823276 ], [ 139.692836, 35.825608 ], [ 139.69039, 35.828113 ], [ 139.682879, 35.83535 ], [ 139.680219, 35.83695 ], [ 139.678159, 35.838968 ], [ 139.675198, 35.84196 ], [ 139.671979, 35.844674 ], [ 139.669018, 35.8477 ], [ 139.665627, 35.851179 ], [ 139.662967, 35.852883 ], [ 139.659705, 35.855387 ], [ 139.658332, 35.857092 ], [ 139.657216, 35.859005 ], [ 139.654899, 35.862448 ], [ 139.652538, 35.865752 ], [ 139.65035, 35.868326 ], [ 139.646015, 35.872186 ], [ 139.643912, 35.873925 ], [ 139.642239, 35.876915 ], [ 139.639063, 35.884252 ], [ 139.637518, 35.887312 ], [ 139.63593, 35.890684 ], [ 139.633913, 35.893605 ], [ 139.631124, 35.897324 ], [ 139.628677, 35.899723 ], [ 139.626274, 35.902261 ], [ 139.622472191140616, 35.911257251905255 ], [ 139.618380497541551, 35.920675344929386 ] ] } },
{ "type": "Feature", "properties": { "id": "c4NTI", "name": null, "AnimationOrder": 2.0, "animationGroup": "Hokkaido ", "uuid": 133, "type": null, "initial": false, "triggers": [ 120 ] }, "geometry": { "type": "LineString", "coordinates": [ [ 140.476070475886871, 36.370987254815759 ], [ 140.476727, 36.37185 ], [ 140.483122, 36.370537 ], [ 140.486898, 36.368913 ], [ 140.490718, 36.369155 ], [ 140.499344, 36.370952 ], [ 140.498743, 36.373336 ], [ 140.499902, 36.373474 ], [ 140.500631, 36.373474 ], [ 140.50312, 36.362814 ], [ 140.503078, 36.362019 ], [ 140.504236, 36.360965 ], [ 140.509901, 36.355089 ], [ 140.516682, 36.352048 ], [ 140.524836, 36.346103 ], [ 140.543633, 36.338429 ], [ 140.553761, 36.333727 ], [ 140.557022, 36.328818 ], [ 140.560369, 36.325014 ], [ 140.564146, 36.320658 ], [ 140.566463, 36.317338 ], [ 140.569725, 36.313604 ], [ 140.572386, 36.314779 ], [ 140.573888, 36.315021 ], [ 140.574296, 36.315212 ], [ 140.575905, 36.314416 ], [ 140.575519, 36.313517 ], [ 140.574424, 36.313725 ], [ 140.574381, 36.312791 ], [ 140.573974, 36.312705 ], [ 140.574038, 36.312065 ] ] } },
{ "type": "Feature", "properties": { "id": "E5OTA", "name": null, "AnimationOrder": 3.0, "animationGroup": "Omiya", "uuid": 134, "type": null, "initial": false, "triggers": [ 117, 135 ] }, "geometry": { "type": "LineString", "coordinates": [ [ 139.618908875310325, 35.921063907734471 ], [ 139.617348, 35.92534 ], [ 139.616661, 35.931039 ], [ 139.624155167368912, 35.971718076627369 ] ] } },
{ "type": "Feature", "properties": { "id": "I4NTQ", "name": null, "AnimationOrder": 2.0, "animationGroup": "Omiya", "uuid": 135, "type": "Shinkansen", "initial": false, "triggers": [ 3, 105 ] }, "geometry": { "type": "LineString", "coordinates": [ [ 139.623845062019228, 35.972040882122286 ], [ 139.624760309271664, 35.976572172833322 ], [ 139.624901, 35.978979 ], [ 139.624833462729981, 35.979416295215231 ], [ 139.623528, 35.987869 ], [ 139.620781, 35.995091 ], [ 139.613743, 36.003701 ], [ 139.518814, 36.077685 ], [ 139.447575, 36.118602 ], [ 139.366722, 36.147578 ], [ 139.353504, 36.152014 ], [ 139.334106, 36.153262 ], [ 139.319344, 36.154232 ], [ 139.307499, 36.156588 ], [ 139.236603, 36.190676 ], [ 139.133778, 36.241227 ], [ 139.078331, 36.272234 ], [ 139.06889, 36.276386 ], [ 139.031124, 36.292299 ], [ 139.024944, 36.296173 ], [ 139.020996, 36.29977 ], [ 139.01825, 36.304197 ], [ 139.014645, 36.31056 ], [ 139.012928, 36.321626 ], [ 139.012853126740055, 36.322367755475533 ] ] } },
{ "type": "Feature", "properties": { "id": "k1MzM", "name": null, "AnimationOrder": 3.0, "animationGroup": "Hokkaido ", "uuid": -16, "type": null, "initial": false, "triggers": [ ] }, "geometry": { "type": "LineString", "coordinates": [ [ 141.458237768364228, 43.04233576416123 ], [ 141.446528, 43.045276 ], [ 141.43743, 43.047064 ], [ 141.430779, 43.048161 ], [ 141.425929, 43.04882 ], [ 141.423011, 43.049667 ], [ 141.411037, 43.056566 ], [ 141.401854, 43.062022 ], [ 141.394429, 43.066474 ], [ 141.389751, 43.068762 ], [ 141.387606, 43.069703 ], [ 141.382842, 43.069452 ], [ 141.373787, 43.068637 ], [ 141.363573, 43.068825 ], [ 141.355033, 43.068888 ], [ 141.350935, 43.068566 ] ] } },
{ "type": "Feature", "properties": { "id": null, "name": "Kanazawa", "AnimationOrder": 4.0, "animationGroup": null, "uuid": 137, "type": null, "initial": false, "triggers": [ ] }, "geometry": { "type": "LineString", "coordinates": [ [ 136.22385035135116, 36.062393371873739 ], [ 136.223846074387154, 36.062382929286414 ], [ 136.226388274243902, 36.063160604364583 ], [ 136.228729, 36.06525 ], [ 136.229263, 36.065693 ], [ 136.232699580300249, 36.068166805637929 ], [ 136.234232971423779, 36.070893584205656 ], [ 136.239029, 36.072994 ], [ 136.244217, 36.07605 ], [ 136.246412478062069, 36.077550776288867 ], [ 136.251678, 36.079525 ], [ 136.256912, 36.080723 ], [ 136.263092, 36.081951 ], [ 136.267879953791351, 36.083216027792943 ], [ 136.271735337187664, 36.085021740917682 ], [ 136.27699267818258, 36.084278217006776 ], [ 136.284256, 36.084721 ], [ 136.29074938711932, 36.08491552364665 ], [ 136.293396, 36.082905 ], [ 136.297364874537976, 36.080808345778948 ], [ 136.30770431182799, 36.080631307426785 ], [ 136.314714099821259, 36.080737530485919 ], [ 136.317032, 36.081619 ], [ 136.318909, 36.079273 ], [ 136.320618, 36.072639 ], [ 136.323607768337666, 36.070610286936514 ], [ 136.32753, 36.06918 ], [ 136.335327, 36.065601 ], [ 136.338196889598606, 36.064979542049393 ], [ 136.342697, 36.066036 ], [ 136.342834, 36.06509 ], [ 136.345119055241923, 36.062712964935187 ], [ 136.347353425164783, 36.061650484435177 ], [ 136.347309613989808, 36.060233821450581 ], [ 136.34915515973492, 36.05908276399493 ], [ 136.35020115153705, 36.058179614818343 ], [ 136.350765220414615, 36.057851999319738 ], [ 136.350850104566092, 36.057174627814938 ], [ 136.350888439344175, 36.056953263314035 ], [ 136.350888439344175, 36.056886853842336 ], [ 136.350888439344175, 36.056731898190449 ], [ 136.350888439344175, 36.056829298921542 ], [ 136.350888439344175, 36.056687625091016 ] ] } },
{ "type": "Feature", "properties": { "id": "EyMzI", "name": null, "AnimationOrder": 3.0, "animationGroup": null, "uuid": 138, "type": null, "initial": false, "triggers": [ 61, 128 ] }, "geometry": { "type": "LineString", "coordinates": [ [ 133.911468021495068, 34.661181329080328 ], [ 133.91098, 34.660887 ], [ 133.911667, 34.644789 ], [ 133.893814, 34.625298 ], [ 133.882484, 34.612584 ], [ 133.867378, 34.607215 ], [ 133.852272, 34.605802 ], [ 133.844376, 34.605802 ], [ 133.833389, 34.603541 ], [ 133.827553, 34.595063 ], [ 133.82618, 34.581214 ], [ 133.82515, 34.571885 ], [ 133.824635, 34.562626 ], [ 133.826866, 34.557254 ], [ 133.827639, 34.550327 ], [ 133.827639, 34.543328 ], [ 133.826094, 34.533359 ], [ 133.823261, 34.526429 ], [ 133.821459, 34.522257 ], [ 133.820772, 34.515044 ], [ 133.818541, 34.500332 ], [ 133.816996, 34.495876 ], [ 133.815365, 34.490924 ], [ 133.812189, 34.479038 ], [ 133.810558, 34.472387 ], [ 133.807983, 34.464745 ], [ 133.807726, 34.456748 ], [ 133.807983, 34.447335 ], [ 133.808413, 34.440115 ], [ 133.804636, 34.426735 ], [ 133.803949, 34.421496 ], [ 133.806696, 34.410875 ], [ 133.810816, 34.396074 ], [ 133.814507, 34.391967 ], [ 133.817253, 34.388638 ], [ 133.822575, 34.372416 ], [ 133.828754, 34.35357 ], [ 133.826437, 34.337837 ], [ 133.827209, 34.32912 ], [ 133.822317, 34.319692 ], [ 133.822145, 34.317636 ], [ 133.82412, 34.314801 ] ] } },
{ "type": "Feature", "properties": { "id": "kyMTc", "name": null, "AnimationOrder": 4.0, "animationGroup": null, "uuid": 139, "type": null, "initial": false, "triggers": [ 140, 119 ] }, "geometry": { "type": "LineString", "coordinates": [ [ 135.146255, 34.217308 ], [ 135.143166, 34.217876 ], [ 135.137844, 34.215817 ], [ 135.133038, 34.214751 ], [ 135.127802, 34.214964 ], [ 135.119476, 34.216314 ], [ 135.112267, 34.216669 ], [ 135.101709, 34.213828 ], [ 135.070381, 34.202891 ], [ 135.025234, 34.188045 ], [ 134.989958, 34.176039 ], [ 134.960432, 34.166234 ], [ 134.922838, 34.153443 ], [ 134.87134, 34.135958 ], [ 134.810915, 34.115342 ], [ 134.752207, 34.095646 ], [ 134.692726, 34.075731 ], [ 134.630585, 34.054627 ], [ 134.613075, 34.048495 ], [ 134.603634, 34.048281 ], [ 134.587626, 34.053246 ], [ 134.585395, 34.05442 ], [ 134.583979, 34.056128 ], [ 134.58397775708292, 34.056129033111525 ] ] } },
{ "type": "Feature", "properties": { "id": "kyMTc", "name": null, "AnimationOrder": 4.0, "animationGroup": null, "uuid": 119, "type": null, "initial": false, "triggers": [ 140 ] }, "geometry": { "type": "LineString", "coordinates": [ [ 134.58397775708292, 34.056129033111525 ], [ 134.58312, 34.056842 ], [ 134.583421, 34.059012 ] ] } },
{ "type": "Feature", "properties": { "id": null, "name": null, "AnimationOrder": null, "animationGroup": null, "uuid": 202, "type": null, "initial": false, "triggers": [ 200 ] }, "geometry": { "type": "LineString", "coordinates": [ [ 139.701065, 35.690338 ], [ 139.701553, 35.685745 ], [ 139.702423, 35.683231 ], [ 139.703459050305241, 35.6820227679708 ], [ 139.704796041851466, 35.681444245944633 ], [ 139.709076, 35.681503 ], [ 139.7173, 35.680325 ], [ 139.722824, 35.680088 ], [ 139.727374955159917, 35.681799479264775 ], [ 139.730048938252366, 35.684052636636451 ], [ 139.73056, 35.685753 ], [ 139.731373434550477, 35.688589206404295 ], [ 139.7323, 35.689419 ], [ 139.736374, 35.691875 ], [ 139.73820833525869, 35.693369071252341 ], [ 139.739685, 35.695274 ], [ 139.742203, 35.698635 ], [ 139.744431, 35.701134 ], [ 139.745618017379257, 35.702166927014446 ], [ 139.74971, 35.702393 ], [ 139.754978428721444, 35.701839 ], [ 139.761162106010033, 35.701263846965944 ], [ 139.763086374216698, 35.700178107973251 ], [ 139.767859558989187, 35.698747345227567 ], [ 139.770523, 35.698666 ], [ 139.77478, 35.69812 ], [ 139.782745, 35.697571 ], [ 139.791351, 35.696281 ], [ 139.795517, 35.695988 ], [ 139.798355, 35.695961 ], [ 139.800827, 35.696159 ], [ 139.802643, 35.696056 ], [ 139.80397, 35.696362 ], [ 139.808500353419618, 35.696489529100482 ], [ 139.813126, 35.697041 ], [ 139.814316, 35.697147 ], [ 139.81636, 35.697052 ], [ 139.823144784187491, 35.697078089576898 ], [ 139.832216334304775, 35.697585465811457 ], [ 139.835814965756271, 35.698823450275405 ], [ 139.839913407131604, 35.704444875625306 ], [ 139.84082, 35.705231 ], [ 139.850128, 35.711845 ], [ 139.856949, 35.716454 ], [ 139.863815, 35.72068 ], [ 139.869919, 35.725002 ], [ 139.875229, 35.728832 ], [ 139.881851, 35.733631 ], [ 139.885396110199025, 35.735345486864091 ], [ 139.889744456536249, 35.736035186465863 ], [ 139.892543392109644, 35.735426628303756 ], [ 139.900565341386908, 35.731957757974861 ], [ 139.906006, 35.729954 ], [ 139.915863, 35.725826 ], [ 139.928085, 35.720852 ], [ 139.936447, 35.717209 ], [ 139.946655, 35.71294 ], [ 139.957825, 35.708324 ], [ 139.967575, 35.703873 ], [ 139.970703, 35.702415 ], [ 139.982468, 35.702171 ], [ 139.984528, 35.70171 ], [ 139.987244, 35.701794 ], [ 139.994247, 35.701057 ], [ 140.005356, 35.69976 ], [ 140.010348591153502, 35.698945218200876 ], [ 140.018945321843233, 35.692572447002853 ], [ 140.034289486504406, 35.679642681187033 ], [ 140.040062291124485, 35.674912745775949 ], [ 140.05748, 35.660332 ], [ 140.061676, 35.656708 ], [ 140.07225, 35.651989 ], [ 140.078339, 35.651318 ], [ 140.083358325775237, 35.649705381050296 ], [ 140.087234, 35.644985 ], [ 140.095093, 35.633224 ], [ 140.099396, 35.627846 ], [ 140.105011, 35.620598 ], [ 140.106369, 35.61895 ], [ 140.110123, 35.615486 ], [ 140.114532, 35.611855 ], [ 140.117615, 35.60825 ], [ 140.119812, 35.603809 ], [ 140.123184, 35.597237 ], [ 140.126343, 35.59182 ], [ 140.127731, 35.588085 ], [ 140.130112, 35.584003 ], [ 140.130997, 35.582016 ], [ 140.134033, 35.57568 ], [ 140.134644, 35.568012 ], [ 140.134491, 35.558895 ], [ 140.129515772239841, 35.545197394920287 ], [ 140.126801, 35.542072 ], [ 140.119736, 35.535305 ], [ 140.115921, 35.532909 ], [ 140.108688, 35.527191 ], [ 140.101929, 35.522202 ], [ 140.095535, 35.517387 ], [ 140.09053, 35.513599 ], [ 140.089722, 35.512997 ], [ 140.087387, 35.511459 ], [ 140.082535, 35.505814 ], [ 140.076019, 35.500187 ], [ 140.069473, 35.496151 ], [ 140.061722, 35.49115 ], [ 140.054611, 35.485874 ], [ 140.047226, 35.481243 ], [ 140.040176, 35.477715 ], [ 140.033646, 35.474388 ], [ 140.029388, 35.469685 ], [ 140.019485, 35.463791 ], [ 140.005295, 35.455349 ], [ 139.999115, 35.45248 ], [ 139.990005, 35.447556 ], [ 139.977661, 35.441479 ], [ 139.971893, 35.438587 ], [ 139.960892, 35.433262 ], [ 139.953506, 35.430511 ], [ 139.946152, 35.427967 ], [ 139.942636841724237, 35.426197815405743 ], [ 139.940231, 35.423737 ], [ 139.935608, 35.417393 ], [ 139.93042, 35.410187 ], [ 139.928177, 35.403706 ], [ 139.927689, 35.397213 ], [ 139.927155, 35.39109 ], [ 139.926575, 35.386505 ], [ 139.926407, 35.383278 ], [ 139.925598, 35.377449 ], [ 139.92485, 35.370422 ], [ 139.92215, 35.362526 ], [ 139.920364, 35.356098 ], [ 139.918793, 35.349232 ], [ 139.917796288510516, 35.346413606458498 ], [ 139.915237, 35.343914 ], [ 139.912148436371353, 35.341725155369225 ], [ 139.911438, 35.339966 ], [ 139.911179, 35.334251 ], [ 139.90914957682844, 35.332102786283812 ], [ 139.906082, 35.331409 ], [ 139.899567, 35.332481 ], [ 139.895477, 35.333515 ], [ 139.89476, 35.333679 ], [ 139.89064, 35.334888 ], [ 139.885452, 35.336174 ], [ 139.877396, 35.335625 ], [ 139.868973, 35.334488 ], [ 139.86521628452482, 35.33401919691849 ], [ 139.861908, 35.332516 ], [ 139.856552, 35.329189 ], [ 139.852820998414131, 35.327005728360682 ], [ 139.851547, 35.324959 ], [ 139.850677, 35.318111 ], [ 139.850321948795056, 35.315383234578292 ], [ 139.851105, 35.311497 ], [ 139.85257, 35.304581 ], [ 139.853897, 35.29813 ], [ 139.855362, 35.292873 ], [ 139.856689, 35.287849 ], [ 139.858704, 35.281754 ], [ 139.861862, 35.276276 ], [ 139.864716, 35.271416 ], [ 139.866715714296305, 35.26961108052501 ], [ 139.869553, 35.269005 ], [ 139.871963718496403, 35.267325874243241 ], [ 139.873917, 35.265537 ], [ 139.876053, 35.260574 ], [ 139.877792, 35.255604 ], [ 139.877533, 35.250683 ], [ 139.877161741704128, 35.247939836167852 ], [ 139.877961437582229, 35.24549074362767 ], [ 139.878011418574602, 35.243245677147918 ], [ 139.87611214086408, 35.240633157907027 ], [ 139.873703, 35.237644 ], [ 139.871658, 35.235397 ], [ 139.871064060633529, 35.234346438582968 ], [ 139.871216, 35.232483 ], [ 139.871719, 35.228367 ], [ 139.871643, 35.2239 ], [ 139.870667, 35.220562 ], [ 139.869814535823991, 35.218586676237777 ], [ 139.867996, 35.217213 ], [ 139.862564, 35.214722 ], [ 139.857437, 35.214577 ], [ 139.851562, 35.213276 ], [ 139.848722557038855, 35.212094070609112 ], [ 139.847672, 35.210052 ], [ 139.847323089252143, 35.207356999265166 ], [ 139.845566, 35.205444 ], [ 139.840637, 35.203392 ], [ 139.835327, 35.201256 ], [ 139.831207, 35.19825 ], [ 139.827728, 35.195663 ], [ 139.823395, 35.193333 ], [ 139.819901, 35.188858 ], [ 139.818924, 35.183456 ], [ 139.818954, 35.178432 ], [ 139.819458, 35.172592 ], [ 139.819383714510764, 35.170962178066056 ], [ 139.820312, 35.169605 ], [ 139.822281, 35.168369 ], [ 139.822641850451646, 35.168186455190479 ], [ 139.817389189056115, 35.169783448454425 ] ] } },
{ "type": "Feature", "properties": { "id": null, "name": null, "AnimationOrder": null, "animationGroup": null, "uuid": 200, "type": "LongFerry", "initial": false, "triggers": [ ] }, "geometry": { "type": "LineString", "coordinates": [ [ 139.817337, 35.1698 ], [ 139.816467, 35.170704 ], [ 139.815582, 35.171345 ], [ 139.814468, 35.172176 ], [ 139.81311, 35.173218 ], [ 139.811813, 35.174236 ], [ 139.810532, 35.175316 ], [ 139.808838, 35.17646 ], [ 139.807327, 35.177559 ], [ 139.805573, 35.178802 ], [ 139.804001, 35.179855 ], [ 139.802353, 35.180874 ], [ 139.800705, 35.18185 ], [ 139.798889, 35.182823 ], [ 139.797119, 35.183743 ], [ 139.79538, 35.184666 ], [ 139.793823, 35.18576 ], [ 139.792267, 35.186974 ], [ 139.79071, 35.188107 ], [ 139.789139, 35.189331 ], [ 139.78801, 35.190212 ], [ 139.786179, 35.191483 ], [ 139.784531, 35.192741 ], [ 139.783051, 35.193798 ], [ 139.781952, 35.194878 ], [ 139.780563, 35.19619 ], [ 139.779068, 35.197601 ], [ 139.777664, 35.198891 ], [ 139.776291, 35.200191 ], [ 139.774918, 35.201462 ], [ 139.773743, 35.20282 ], [ 139.772629, 35.204254 ], [ 139.771576, 35.205711 ], [ 139.770508, 35.207161 ], [ 139.769028, 35.208221 ], [ 139.767136, 35.20874 ], [ 139.765091, 35.209232 ], [ 139.763092, 35.209812 ], [ 139.761063, 35.210346 ], [ 139.759064, 35.210876 ], [ 139.757095, 35.211559 ], [ 139.755035, 35.212158 ], [ 139.753067, 35.21273 ], [ 139.751099, 35.213337 ], [ 139.74913, 35.213882 ], [ 139.747208, 35.214436 ], [ 139.745316, 35.215027 ], [ 139.743408, 35.21558 ], [ 139.741455, 35.216087 ], [ 139.739471, 35.216476 ], [ 139.737503, 35.216923 ], [ 139.735626, 35.21748 ], [ 139.733688, 35.21796 ], [ 139.73172, 35.218403 ], [ 139.729752, 35.218887 ], [ 139.727783, 35.219551 ], [ 139.726013, 35.220341 ], [ 139.724319, 35.221207 ], [ 139.722641, 35.222061 ], [ 139.721176, 35.222874 ], [ 139.719788, 35.223736 ], [ 139.718399, 35.224163 ], [ 139.717117, 35.22406 ], [ 139.71608, 35.223755 ], [ 139.715622, 35.22311 ], [ 139.715439, 35.222458 ], [ 139.715378, 35.221951 ], [ 139.715363, 35.221287 ], [ 139.715332, 35.220833 ], [ 139.715306317388695, 35.22059217289069 ] ] } },
{ "type": "Feature", "properties": { "id": null, "name": null, "AnimationOrder": null, "animationGroup": null, "uuid": 201, "type": null, "initial": false, "triggers": [ 206, 201 ] }, "geometry": { "type": "LineString", "coordinates": [ [ 139.700761138198573, 35.690380353602215 ], [ 139.701065, 35.689968 ], [ 139.702408, 35.685055 ], [ 139.703384, 35.680767 ], [ 139.704117, 35.678436 ], [ 139.703094, 35.672348 ], [ 139.702042, 35.669292 ], [ 139.701538, 35.663589 ], [ 139.701584, 35.659008 ], [ 139.70578, 35.653492 ], [ 139.708557, 35.64957 ], [ 139.710037, 35.64732 ], [ 139.710342, 35.64642 ], [ 139.71344, 35.641834 ], [ 139.714981, 35.63599 ], [ 139.716235441482127, 35.632102208120081 ], [ 139.717682, 35.630302 ], [ 139.723511, 35.626324 ], [ 139.7267, 35.621899 ], [ 139.727676, 35.619785 ], [ 139.730011, 35.617428 ], [ 139.731879492097704, 35.615363666806424 ], [ 139.73204, 35.612988 ], [ 139.730829891257656, 35.61146292084068 ], [ 139.726481544920432, 35.610000092062897 ], [ 139.724457, 35.607525 ], [ 139.722137, 35.602871 ], [ 139.721222, 35.60088 ], [ 139.717911, 35.595669 ], [ 139.710388, 35.592739 ], [ 139.701202, 35.590252 ], [ 139.69104, 35.587284 ], [ 139.681015, 35.584446 ], [ 139.672119, 35.581554 ], [ 139.665024, 35.578995 ], [ 139.663193, 35.575684 ], [ 139.664093, 35.572231 ], [ 139.666733, 35.564754 ], [ 139.669479, 35.557827 ], [ 139.670944, 35.553242 ], [ 139.671265, 35.552406 ], [ 139.671677, 35.551937 ], [ 139.672943, 35.54879 ], [ 139.675323, 35.541103 ], [ 139.677475, 35.533779 ], [ 139.679825, 35.526249 ], [ 139.681107, 35.520218 ], [ 139.681298727807103, 35.518398190083012 ], [ 139.678499792233708, 35.514492721047887 ], [ 139.675903, 35.507694 ], [ 139.675001122766957, 35.503711013148184 ], [ 139.672638, 35.500851 ], [ 139.66658, 35.49588 ], [ 139.660873, 35.490711 ], [ 139.653687, 35.486847 ], [ 139.645187, 35.485153 ], [ 139.63736, 35.482494 ], [ 139.63205, 35.477257 ], [ 139.630716002708851, 35.475786988334491 ] ] } },
{ "type": "Feature", "properties": { "id": null, "name": null, "AnimationOrder": null, "animationGroup": null, "uuid": 203, "type": null, "initial": false, "triggers": [ 204 ] }, "geometry": { "type": "LineString", "coordinates": [ [ 139.654540894766882, 35.284382403695098 ], [ 139.654808537487639, 35.284393327466042 ], [ 139.655228, 35.284203 ], [ 139.657101679870237, 35.283468863550027 ], [ 139.658088804469799, 35.282571265217669 ], [ 139.658588614393608, 35.281449253310043 ], [ 139.658688576378353, 35.280459829910434 ], [ 139.658713566874582, 35.27980700785205 ], [ 139.655008725814241, 35.265040603504588 ], [ 139.654783811348523, 35.262836888533819 ], [ 139.655258, 35.260693 ], [ 139.656383203104753, 35.25916389706741 ], [ 139.657944, 35.258095 ], [ 139.661148, 35.256924 ], [ 139.662018, 35.256744 ], [ 139.665848, 35.255516 ], [ 139.671753, 35.254059 ], [ 139.677368, 35.25222 ], [ 139.681137, 35.248905 ], [ 139.684906, 35.245762 ], [ 139.689270696092137, 35.242796656393388 ], [ 139.693344, 35.240528 ], [ 139.697372, 35.23753 ], [ 139.699191923079923, 35.235958987729965 ], [ 139.700363, 35.234055 ], [ 139.700943, 35.233032 ], [ 139.701012212723441, 35.233089183308032 ] ] } },
{ "type": "Feature", "properties": { "id": null, "name": null, "AnimationOrder": null, "animationGroup": null, "uuid": 204, "type": null, "initial": false, "triggers": [ ] }, "geometry": { "type": "LineString", "coordinates": [ [ 139.702929824828516, 35.231113523556601 ], [ 139.703006097561087, 35.231098279460809 ], [ 139.702637, 35.230045 ], [ 139.702262630299401, 35.229618320945178 ], [ 139.703537, 35.228405 ], [ 139.704269, 35.227661 ], [ 139.706314, 35.225746 ], [ 139.708298, 35.224064 ], [ 139.709854, 35.22311 ], [ 139.710449, 35.222858 ], [ 139.711905838017174, 35.222695328933142 ], [ 139.711975, 35.221565 ], [ 139.712479, 35.220711 ], [ 139.713064772278017, 35.220008140485014 ], [ 139.714495478184944, 35.22003876421639 ], [ 139.714508, 35.219536 ], [ 139.715138983461884, 35.219589614998149 ], [ 139.71508275484544, 35.220360312698212 ], [ 139.715306317388695, 35.22059217289069 ] ] } },
{ "type": "Feature", "properties": { "id": null, "name": null, "AnimationOrder": null, "animationGroup": null, "uuid": 209, "type": null, "initial": false, "triggers": [ 208 ] }, "geometry": { "type": "LineString", "coordinates": [ [ 142.357722337754382, 43.762937166449127 ], [ 142.365524, 43.760933 ], [ 142.368932819358719, 43.759672052339006 ], [ 142.370672924521756, 43.759347719559798 ], [ 142.372132367561761, 43.759469344558028 ], [ 142.373872472724798, 43.760401794664112 ], [ 142.375961, 43.764114 ], [ 142.378363066693936, 43.768367569444997 ], [ 142.381866, 43.774708 ], [ 142.385803, 43.781662 ], [ 142.390167, 43.786678 ], [ 142.39769, 43.791245 ], [ 142.405121, 43.796532 ], [ 142.412796, 43.801624 ], [ 142.4216, 43.806175 ], [ 142.426208, 43.808796 ], [ 142.431732, 43.812519 ], [ 142.433899, 43.81382 ], [ 142.437332, 43.816044 ], [ 142.441376, 43.818558 ], [ 142.457504, 43.828659 ], [ 142.463038829224814, 43.83192398043667 ], [ 142.463943, 43.835133 ], [ 142.465546, 43.844032 ], [ 142.467087, 43.852871 ], [ 142.469025, 43.862877 ], [ 142.47081, 43.872742 ], [ 142.472778, 43.882278 ], [ 142.474579, 43.891972 ], [ 142.476486, 43.901798 ], [ 142.478439, 43.910759 ], [ 142.477036, 43.918949 ], [ 142.472458, 43.926826 ], [ 142.469193, 43.935596 ], [ 142.465171861360176, 43.94333612793541 ], [ 142.458660500104912, 43.949236692283307 ], [ 142.46376, 43.952934 ], [ 142.465508655907854, 43.95562157461459 ], [ 142.464096, 43.958584 ], [ 142.459488, 43.962273 ], [ 142.456751997667993, 43.96265223363158 ], [ 142.454346, 43.96685 ], [ 142.455154, 43.971161 ], [ 142.456078408572637, 43.978003654049118 ], [ 142.454453, 43.985954 ], [ 142.450836, 43.992767 ], [ 142.446899, 44.000092 ], [ 142.445413247895885, 44.0040919622827 ], [ 142.440521, 44.008621 ], [ 142.432343, 44.014458 ], [ 142.423409337447026, 44.015476761252167 ], [ 142.419159, 44.021381 ], [ 142.416382, 44.025463 ], [ 142.415649, 44.026901 ], [ 142.413208, 44.030262 ], [ 142.409439, 44.036129 ], [ 142.403595, 44.045116 ], [ 142.397552, 44.054611 ], [ 142.391586, 44.063885 ], [ 142.385788, 44.072392 ], [ 142.379364, 44.08078 ], [ 142.371292, 44.08638 ], [ 142.363647, 44.091686 ], [ 142.36525, 44.098705 ], [ 142.368973, 44.109436 ], [ 142.372299, 44.121494 ], [ 142.375488, 44.132938 ], [ 142.379333, 44.143066 ], [ 142.382812, 44.153854 ], [ 142.384918, 44.162132 ], [ 142.386642, 44.167915 ], [ 142.387711, 44.170399 ], [ 142.387817, 44.172276 ], [ 142.388214, 44.174126 ], [ 142.389648, 44.179405 ], [ 142.387878, 44.186035 ], [ 142.387709115392283, 44.189206522534931 ], [ 142.396179, 44.198093 ], [ 142.396881, 44.206921 ], [ 142.396454, 44.216488 ], [ 142.396393, 44.226147 ], [ 142.396133, 44.236004 ], [ 142.396378, 44.245876 ], [ 142.396301, 44.255928 ], [ 142.396454, 44.264511 ], [ 142.396690303330558, 44.270293260142786 ], [ 142.398315, 44.271725 ], [ 142.405563, 44.278416 ], [ 142.412704, 44.284649 ], [ 142.419556, 44.290562 ], [ 142.426208, 44.29628 ], [ 142.433121, 44.302147 ], [ 142.44252, 44.307869 ], [ 142.452789, 44.312466 ], [ 142.462204, 44.316525 ], [ 142.466171, 44.323971 ], [ 142.465347, 44.332714 ], [ 142.46524, 44.340061 ], [ 142.465332, 44.34465 ], [ 142.465164, 44.348686 ], [ 142.465408, 44.349545 ], [ 142.465149, 44.351105 ], [ 142.465302, 44.353439 ], [ 142.466644, 44.356888 ], [ 142.471817, 44.361782 ], [ 142.475876, 44.366478 ], [ 142.47377, 44.371384 ], [ 142.466599, 44.382347 ], [ 142.463531, 44.387882 ], [ 142.463824683169435, 44.390671007770834 ], [ 142.466995, 44.393444 ], [ 142.473358, 44.39669 ], [ 142.475647, 44.401371 ], [ 142.474838, 44.406631 ], [ 142.470795, 44.411507 ], [ 142.466187, 44.415165 ], [ 142.449432, 44.420639 ], [ 142.445038, 44.426243 ], [ 142.443726, 44.432911 ], [ 142.437469, 44.436531 ], [ 142.430466, 44.440166 ], [ 142.423798, 44.444027 ], [ 142.418396, 44.448742 ], [ 142.415817, 44.45351 ], [ 142.412003, 44.459518 ], [ 142.406494, 44.463337 ], [ 142.398987, 44.462448 ], [ 142.391586, 44.460274 ], [ 142.38385, 44.460106 ], [ 142.375732, 44.460136 ], [ 142.368179, 44.461529 ], [ 142.362274, 44.46669 ], [ 142.356659, 44.471821 ], [ 142.353363, 44.477314 ], [ 142.351913, 44.480614 ], [ 142.350693, 44.482567 ], [ 142.349594, 44.484833 ], [ 142.34787, 44.488499 ], [ 142.345078, 44.494247 ], [ 142.3423, 44.50024 ], [ 142.339355, 44.506096 ], [ 142.336578, 44.511871 ], [ 142.334839, 44.51741 ], [ 142.337402, 44.523003 ], [ 142.338379, 44.529003 ], [ 142.335495, 44.53289 ], [ 142.333389, 44.535381 ], [ 142.333679, 44.539883 ], [ 142.334396, 44.546055 ], [ 142.334641, 44.552223 ], [ 142.333038, 44.558376 ], [ 142.333176, 44.564541 ], [ 142.328522, 44.569111 ], [ 142.325424, 44.574314 ], [ 142.321869, 44.580311 ], [ 142.31842, 44.586132 ], [ 142.313553, 44.591141 ], [ 142.309769, 44.596516 ], [ 142.308746, 44.602688 ], [ 142.307785, 44.608986 ], [ 142.304413, 44.614647 ], [ 142.297653, 44.618706 ], [ 142.291138, 44.622597 ], [ 142.285782, 44.625767 ], [ 142.2798, 44.630138 ], [ 142.275589, 44.635345 ], [ 142.271759, 44.638653 ], [ 142.268417, 44.640602 ], [ 142.263901, 44.642052 ], [ 142.259003, 44.644493 ], [ 142.261047, 44.648628 ], [ 142.263245, 44.653004 ], [ 142.263596, 44.657955 ], [ 142.259232, 44.661968 ], [ 142.258865, 44.667828 ], [ 142.261032, 44.67374 ], [ 142.264786, 44.679386 ], [ 142.266541, 44.684986 ], [ 142.266418, 44.690582 ], [ 142.269455, 44.696186 ], [ 142.272537, 44.702015 ], [ 142.273514, 44.708157 ], [ 142.271652, 44.714088 ], [ 142.27005, 44.719181 ], [ 142.269562, 44.724014 ], [ 142.264755, 44.726746 ], [ 142.261124, 44.728622 ], [ 142.259766, 44.729218 ], [ 142.257843, 44.730404 ], [ 142.254318, 44.732441 ], [ 142.248657, 44.732529 ], [ 142.245911, 44.728344 ], [ 142.242508, 44.724796 ], [ 142.23645, 44.726322 ], [ 142.230331, 44.727196 ], [ 142.224182, 44.726547 ], [ 142.218887, 44.729282 ], [ 142.213791, 44.732914 ], [ 142.205856, 44.733826 ], [ 142.199402, 44.737396 ], [ 142.194077, 44.742188 ], [ 142.18692, 44.744545 ], [ 142.181885, 44.741455 ], [ 142.178574, 44.736317 ], [ 142.176392, 44.730331 ], [ 142.172821, 44.725647 ], [ 142.167282, 44.726952 ], [ 142.164597, 44.731426 ], [ 142.159027, 44.734364 ], [ 142.152237, 44.736004 ], [ 142.144226, 44.736908 ], [ 142.138458, 44.737949 ], [ 142.138443, 44.742775 ], [ 142.13681, 44.748158 ], [ 142.131714, 44.751961 ], [ 142.125214, 44.753063 ], [ 142.11882, 44.751732 ], [ 142.114807, 44.748081 ], [ 142.112686, 44.743137 ], [ 142.113708, 44.737827 ], [ 142.111984, 44.732994 ], [ 142.105774, 44.732128 ], [ 142.097229, 44.732376 ], [ 142.088562, 44.733002 ], [ 142.080368, 44.733292 ], [ 142.071777, 44.733051 ], [ 142.063507, 44.733337 ], [ 142.057358, 44.734615 ], [ 142.051193, 44.736748 ], [ 142.047531, 44.740772 ], [ 142.048599, 44.744194 ], [ 142.051254, 44.747242 ], [ 142.055237, 44.75124 ], [ 142.056046, 44.756344 ], [ 142.059814, 44.760857 ], [ 142.066315, 44.764984 ], [ 142.071732, 44.769627 ], [ 142.072159, 44.775848 ], [ 142.072067, 44.781784 ], [ 142.071671, 44.788071 ], [ 142.072006, 44.7943 ], [ 142.072708, 44.800442 ], [ 142.07338, 44.806095 ], [ 142.074448, 44.809845 ], [ 142.075211, 44.812054 ], [ 142.075516, 44.812897 ], [ 142.076813, 44.816528 ], [ 142.078781, 44.822151 ], [ 142.080215, 44.828152 ], [ 142.078705, 44.834339 ], [ 142.079163, 44.839851 ], [ 142.075836, 44.845413 ], [ 142.075348, 44.851555 ], [ 142.073563, 44.857433 ], [ 142.069138, 44.860691 ], [ 142.068085, 44.862148 ], [ 142.066711, 44.863281 ], [ 142.065292, 44.864391 ], [ 142.063705, 44.86536 ], [ 142.061722, 44.866337 ], [ 142.057617, 44.868649 ], [ 142.054214, 44.874062 ], [ 142.052505, 44.879162 ], [ 142.049896, 44.884968 ], [ 142.043564, 44.889183 ], [ 142.036407, 44.892582 ], [ 142.028854, 44.892887 ], [ 142.022995, 44.893688 ], [ 142.024109, 44.898045 ], [ 142.027756, 44.903034 ], [ 142.030502, 44.907978 ], [ 142.025848, 44.912151 ], [ 142.019028, 44.916119 ], [ 142.011429, 44.919067 ], [ 142.003845, 44.920322 ], [ 141.996704, 44.919418 ], [ 141.991089, 44.916927 ], [ 141.986969, 44.917404 ], [ 141.983505, 44.916672 ], [ 141.979828, 44.914902 ], [ 141.974976, 44.912399 ], [ 141.967575, 44.909664 ], [ 141.961349, 44.907726 ], [ 141.941254, 44.911659 ], [ 141.936157, 44.911522 ], [ 141.930054, 44.911716 ], [ 141.921448, 44.913322 ], [ 141.916153, 44.919838 ], [ 141.912109, 44.924168 ], [ 141.911667, 44.930271 ], [ 141.908722, 44.936867 ], [ 141.902588, 44.941151 ], [ 141.897415, 44.946445 ], [ 141.891663, 44.952202 ], [ 141.889359, 44.95863 ], [ 141.885345, 44.964649 ], [ 141.883286, 44.969936 ], [ 141.886459, 44.975697 ], [ 141.882507, 44.977909 ], [ 141.877045, 44.980583 ], [ 141.879028, 44.984589 ], [ 141.884125, 44.988869 ], [ 141.881653, 44.992371 ], [ 141.874603, 44.995804 ], [ 141.868103, 44.999878 ], [ 141.861893, 45.003464 ], [ 141.858826, 45.006508 ], [ 141.851791, 45.011822 ], [ 141.847885, 45.013912 ], [ 141.846954, 45.014431 ], [ 141.844482, 45.015713 ], [ 141.830643, 45.0196 ], [ 141.821487, 45.019245 ], [ 141.812729, 45.019379 ], [ 141.803543, 45.019741 ], [ 141.794907, 45.022369 ], [ 141.786407, 45.02412 ], [ 141.777176, 45.02438 ], [ 141.770035, 45.027515 ], [ 141.763733, 45.031593 ], [ 141.758636, 45.036579 ], [ 141.754257, 45.042072 ], [ 141.751099, 45.047825 ], [ 141.7491, 45.053848 ], [ 141.747299, 45.059982 ], [ 141.746933, 45.066219 ], [ 141.745895, 45.072403 ], [ 141.744827, 45.07803 ], [ 141.750809, 45.081146 ], [ 141.756439, 45.08493 ], [ 141.761902, 45.089775 ], [ 141.768356, 45.093979 ], [ 141.773773, 45.097584 ], [ 141.774826, 45.100998 ], [ 141.772858, 45.103691 ], [ 141.772507, 45.104195 ], [ 141.771194, 45.106003 ], [ 141.768372, 45.109859 ], [ 141.764618, 45.115562 ], [ 141.761002, 45.12133 ], [ 141.75679, 45.126698 ], [ 141.754745, 45.132744 ], [ 141.753036, 45.138748 ], [ 141.751312, 45.144863 ], [ 141.749527, 45.150871 ], [ 141.747787, 45.156963 ], [ 141.746048, 45.163021 ], [ 141.744308, 45.169083 ], [ 141.742538, 45.175259 ], [ 141.740799, 45.181355 ], [ 141.739014, 45.187454 ], [ 141.737244, 45.193569 ], [ 141.735535, 45.199696 ], [ 141.732086, 45.205151 ], [ 141.724762, 45.208519 ], [ 141.717407, 45.212143 ], [ 141.710068, 45.215302 ], [ 141.7034, 45.21854 ], [ 141.698715, 45.219898 ], [ 141.694275, 45.221058 ], [ 141.689789, 45.224239 ], [ 141.683624, 45.228527 ], [ 141.676926, 45.232502 ], [ 141.672668, 45.236813 ], [ 141.675125, 45.241829 ], [ 141.679886, 45.245247 ], [ 141.685669, 45.24789 ], [ 141.68718, 45.252945 ], [ 141.685699, 45.258537 ], [ 141.680939, 45.263695 ], [ 141.678635, 45.269672 ], [ 141.677673, 45.275032 ], [ 141.674316, 45.278618 ], [ 141.675873, 45.283695 ], [ 141.678818, 45.287945 ], [ 141.675034, 45.291912 ], [ 141.671265, 45.295773 ], [ 141.663437, 45.296249 ], [ 141.655624, 45.296368 ], [ 141.651321, 45.301128 ], [ 141.647781, 45.30695 ], [ 141.644806, 45.31237 ], [ 141.644592, 45.315765 ], [ 141.644547, 45.318981 ], [ 141.647797, 45.322979 ], [ 141.653793, 45.327251 ], [ 141.659851, 45.331608 ], [ 141.665848, 45.335941 ], [ 141.667496, 45.340599 ], [ 141.668076, 45.345016 ], [ 141.663406, 45.34853 ], [ 141.664505, 45.353527 ], [ 141.663681, 45.357445 ], [ 141.663605, 45.360752 ], [ 141.669098, 45.363132 ], [ 141.673309, 45.364994 ], [ 141.675934, 45.371052 ], [ 141.682114, 45.373569 ], [ 141.685181, 45.377968 ], [ 141.690613, 45.380463 ], [ 141.692184, 45.385387 ], [ 141.691513, 45.391411 ], [ 141.691384534219935, 45.393730516180476 ], [ 141.688202, 45.395885 ], [ 141.684586, 45.397362 ], [ 141.682877, 45.398224 ], [ 141.682266, 45.39801 ], [ 141.68129, 45.398609 ], [ 141.67804, 45.401249 ], [ 141.676017496835613, 45.403212023299403 ], [ 141.675018, 45.405514 ], [ 141.675318481504235, 45.408806183372427 ], [ 141.676511295527291, 45.410451418775565 ], [ 141.676820023862632, 45.413002916610829 ], [ 141.676941, 45.414299 ], [ 141.677226983941097, 45.416391600380891 ], [ 141.677265530981458, 45.416620138270787 ] ] } },
{ "type": "Feature", "properties": { "id": null, "name": null, "AnimationOrder": null, "animationGroup": null, "uuid": 208, "type": null, "initial": false, "triggers": [ ] }, "geometry": { "type": "LineString", "coordinates": [ [ 141.6773455443724, 45.416693527618719 ], [ 141.682730220544812, 45.416635377595213 ], [ 141.682922, 45.417423 ], [ 141.68483, 45.417912 ], [ 141.686295, 45.417633 ], [ 141.687607, 45.4175 ], [ 141.689941, 45.416424 ], [ 141.694321, 45.414375 ], [ 141.69722, 45.414272 ], [ 141.700378, 45.414928 ], [ 141.703552, 45.416443 ], [ 141.705643, 45.4184 ], [ 141.705414, 45.420696 ], [ 141.704056, 45.423012 ], [ 141.702194, 45.425064 ], [ 141.700439, 45.427258 ], [ 141.698166, 45.429348 ], [ 141.696579, 45.431477 ], [ 141.694885, 45.433598 ], [ 141.693115, 45.435871 ], [ 141.691055, 45.438141 ], [ 141.689621, 45.440155 ], [ 141.687943, 45.442551 ], [ 141.682602, 45.448669 ], [ 141.681274, 45.450741 ], [ 141.678986, 45.452808 ], [ 141.6772, 45.454899 ], [ 141.675323, 45.456898 ], [ 141.673523, 45.4594 ], [ 141.671204, 45.461189 ], [ 141.669464, 45.463329 ], [ 141.659134, 45.468887 ], [ 141.65538, 45.46883 ], [ 141.65123, 45.468349 ], [ 141.64769, 45.468124 ], [ 141.644257, 45.467716 ], [ 141.640808, 45.467667 ], [ 141.63681, 45.467289 ], [ 141.633087, 45.467194 ], [ 141.629562, 45.46682 ], [ 141.625641, 45.466393 ], [ 141.621933, 45.465553 ], [ 141.61908, 45.464195 ], [ 141.615219, 45.462399 ], [ 141.611816, 45.461151 ], [ 141.609024, 45.459675 ], [ 141.605453, 45.458282 ], [ 141.601974, 45.456829 ], [ 141.598648, 45.455448 ], [ 141.595078, 45.454037 ], [ 141.591736, 45.452728 ], [ 141.588303, 45.451794 ], [ 141.584793, 45.450729 ], [ 141.581207, 45.449635 ], [ 141.577744, 45.448608 ], [ 141.574478, 45.447548 ], [ 141.570679, 45.446365 ], [ 141.566895, 45.445244 ], [ 141.563477, 45.444218 ], [ 141.559738, 45.443226 ], [ 141.556305, 45.442314 ], [ 141.552704, 45.441345 ], [ 141.549057, 45.440121 ], [ 141.545517, 45.439468 ], [ 141.542023, 45.438213 ], [ 141.538406, 45.437267 ], [ 141.534622, 45.436462 ], [ 141.531128, 45.435661 ], [ 141.527161, 45.434269 ], [ 141.523865, 45.433205 ], [ 141.520721, 45.43269 ], [ 141.516525, 45.431194 ], [ 141.51297, 45.430538 ], [ 141.509766, 45.429577 ], [ 141.505814, 45.428699 ], [ 141.502213, 45.427452 ], [ 141.499054, 45.426941 ], [ 141.495377, 45.425842 ], [ 141.491592, 45.424603 ], [ 141.488113, 45.423412 ], [ 141.484604, 45.422779 ], [ 141.480774, 45.42189 ], [ 141.477463, 45.420712 ], [ 141.472824, 45.41935 ], [ 141.47023, 45.418606 ], [ 141.466812, 45.417599 ], [ 141.460876, 45.416111 ], [ 141.460052, 45.415909 ], [ 141.456253, 45.414711 ], [ 141.452637, 45.413689 ], [ 141.449417, 45.412853 ], [ 141.445602, 45.411682 ], [ 141.44194, 45.410549 ], [ 141.438568, 45.409599 ], [ 141.435287, 45.408543 ], [ 141.431549, 45.407368 ], [ 141.428329, 45.406746 ], [ 141.424973, 45.405766 ], [ 141.421463, 45.40469 ], [ 141.418045, 45.403767 ], [ 141.414612, 45.402756 ], [ 141.411057, 45.401608 ], [ 141.407349, 45.400661 ], [ 141.395386, 45.397472 ], [ 141.392105, 45.3964 ], [ 141.388412, 45.395256 ], [ 141.384476, 45.394089 ], [ 141.381454, 45.393299 ], [ 141.37796, 45.392429 ], [ 141.374527, 45.391304 ], [ 141.371002, 45.390301 ], [ 141.36763, 45.389347 ], [ 141.36412, 45.388271 ], [ 141.360474, 45.387226 ], [ 141.35704, 45.386116 ], [ 141.353653, 45.385017 ], [ 141.350739, 45.384621 ], [ 141.346893, 45.383022 ], [ 141.343307, 45.38184 ], [ 141.339966, 45.380692 ], [ 141.336777, 45.379768 ], [ 141.333237, 45.378544 ], [ 141.329712, 45.377434 ], [ 141.326355, 45.376713 ], [ 141.323044, 45.37542 ], [ 141.319275, 45.374191 ], [ 141.316299, 45.373238 ], [ 141.313049, 45.372269 ], [ 141.309814, 45.371269 ], [ 141.30571, 45.370094 ], [ 141.224884, 45.347397 ], [ 141.221542, 45.346355 ], [ 141.217926, 45.34523 ], [ 141.214447, 45.344296 ], [ 141.211243, 45.343361 ], [ 141.208099, 45.342602 ], [ 141.204071, 45.34124 ], [ 141.200485, 45.340141 ], [ 141.197037, 45.339146 ], [ 141.193787, 45.338219 ], [ 141.190384, 45.337109 ], [ 141.187057, 45.33633 ], [ 141.183441, 45.335251 ], [ 141.180527, 45.33403 ], [ 141.176971, 45.333092 ], [ 141.173523, 45.332092 ], [ 141.17041, 45.330986 ], [ 141.166855, 45.329849 ], [ 141.163605, 45.328602 ], [ 141.160461, 45.327702 ], [ 141.157043, 45.326294 ], [ 141.154083, 45.325588 ], [ 141.15004, 45.324322 ], [ 141.146622, 45.323349 ], [ 141.143066, 45.322151 ], [ 141.139847, 45.321274 ], [ 141.136505, 45.320396 ], [ 141.133392, 45.319508 ], [ 141.129776, 45.318474 ], [ 141.126404, 45.317585 ], [ 141.122986, 45.3167 ], [ 141.119537, 45.315723 ], [ 141.116028, 45.314796 ], [ 141.113113, 45.3139 ], [ 141.107529, 45.312168 ], [ 141.106323, 45.311871 ], [ 141.102554, 45.310947 ], [ 141.09993, 45.310783 ], [ 141.096085, 45.309044 ], [ 141.092743, 45.308296 ], [ 141.089081, 45.307365 ], [ 141.085785, 45.306355 ], [ 141.082413, 45.305294 ], [ 141.079163, 45.304539 ], [ 141.075943, 45.303463 ], [ 141.072403, 45.302647 ], [ 141.068771, 45.301647 ], [ 141.065918, 45.300716 ], [ 141.061783, 45.299515 ], [ 141.060089, 45.299107 ], [ 141.057312, 45.298336 ], [ 141.054703, 45.297661 ], [ 141.05278, 45.296944 ], [ 141.051086, 45.296505 ], [ 141.046341245429517, 45.297750819162168 ] ] } },
{ "type": "Feature", "properties": { "id": null, "name": null, "AnimationOrder": null, "animationGroup": null, "uuid": 207, "type": null, "initial": false, "triggers": [ ] }, "geometry": { "type": "LineString", "coordinates": [ [ 139.437189626531222, 35.531586972130079 ], [ 139.437149, 35.531528 ], [ 139.435806, 35.530045 ], [ 139.432739, 35.526604 ], [ 139.42807, 35.521172 ], [ 139.422318, 35.514938 ], [ 139.417374, 35.50943 ], [ 139.411743, 35.503105 ], [ 139.40683, 35.49749 ], [ 139.401779, 35.491314 ], [ 139.400049468206873, 35.488646926239028 ], [ 139.39975, 35.485111 ], [ 139.399933, 35.478592 ], [ 139.3992, 35.468376 ], [ 139.398239, 35.461357 ], [ 139.393829, 35.455231 ], [ 139.389862, 35.452015 ], [ 139.383606, 35.446785 ], [ 139.378281, 35.443226 ], [ 139.371323, 35.44186 ], [ 139.365402, 35.440224 ], [ 139.363968, 35.439259 ], [ 139.362457, 35.437733 ], [ 139.358627, 35.433804 ], [ 139.353775, 35.428555 ], [ 139.350642621956183, 35.422632791397575 ], [ 139.348694, 35.421543 ], [ 139.342667, 35.41671 ], [ 139.337708, 35.413166 ], [ 139.332153, 35.407803 ], [ 139.325363, 35.403343 ], [ 139.317612, 35.398083 ], [ 139.314056, 35.39616 ], [ 139.312576, 35.395584 ], [ 139.308868, 35.393791 ], [ 139.303696, 35.391392 ], [ 139.2957, 35.387711 ], [ 139.286163, 35.384331 ], [ 139.278046, 35.381298 ], [ 139.273026, 35.375397 ], [ 139.270992148260575, 35.372890244731344 ], [ 139.268478, 35.371441 ], [ 139.261731710122547, 35.367870652483958 ], [ 139.252731, 35.36491 ], [ 139.244441990362049, 35.362632484273284 ], [ 139.239035607402855, 35.364989702029789 ], [ 139.235449194944778, 35.364771444017826 ], [ 139.231488082677686, 35.365207959451674 ], [ 139.229218, 35.366779 ], [ 139.226196, 35.37009 ], [ 139.22415467212906, 35.371406223875674 ], [ 139.219406, 35.372284 ], [ 139.209488, 35.371784 ], [ 139.202057, 35.370331 ], [ 139.198246856760335, 35.370053122254184 ], [ 139.193527, 35.371517 ], [ 139.183395, 35.3741 ], [ 139.176483, 35.374523 ], [ 139.170412013802206, 35.375596330157911 ], [ 139.166779, 35.373753 ], [ 139.163399774518524, 35.370227717286475 ], [ 139.162949, 35.369331 ], [ 139.162596846356251, 35.366037332273159 ], [ 139.1604, 35.365025 ], [ 139.158742791177445, 35.362981706061689 ], [ 139.159378, 35.360897 ], [ 139.160241590413648, 35.358136118823964 ], [ 139.158368091368374, 35.355473104724965 ], [ 139.156143, 35.354511 ], [ 139.154068, 35.351704 ], [ 139.150428528544154, 35.347263677088428 ], [ 139.144325528544158, 35.346397677088426 ], [ 139.137833, 35.344017 ], [ 139.131667942911747, 35.340046335676753 ], [ 139.130479719866059, 35.338663530588668 ], [ 139.131804942911742, 35.334568335676757 ], [ 139.135712, 35.326691 ], [ 139.138474, 35.321209 ], [ 139.141953, 35.313148 ], [ 139.143417, 35.305679 ], [ 139.145554, 35.29565 ], [ 139.147537, 35.290794 ], [ 139.149535881583574, 35.287077799493829 ], [ 139.152786, 35.284367 ], [ 139.154781678910297, 35.2829267980336 ], [ 139.155182, 35.280495 ], [ 139.154282, 35.273098 ], [ 139.155106, 35.266438 ], [ 139.155975, 35.261219 ], [ 139.156616, 35.259014 ], [ 139.155914, 35.257427 ], [ 139.15509, 35.256405 ], [ 139.154449, 35.255096 ], [ 139.154175, 35.254684 ], [ 139.153107, 35.253159 ], [ 139.15152, 35.250759 ], [ 139.149663011875901, 35.247099185186187 ], [ 139.147877464081148, 35.244896071009833 ], [ 139.146785852627801, 35.244869679456997 ], [ 139.145294, 35.245251 ], [ 139.143627668522953, 35.245492635758623 ], [ 139.142273, 35.246056 ], [ 139.1401533996181, 35.247040139186041 ], [ 139.136428079334763, 35.246705747453255 ], [ 139.135143394275161, 35.246607387721731 ], [ 139.132881813284826, 35.247099185186187 ], [ 139.13179, 35.246826 ], [ 139.130325, 35.24641 ], [ 139.12948061159662, 35.246367780579831 ] ] } },
{ "type": "Feature", "properties": { "id": null, "name": null, "AnimationOrder": null, "animationGroup": null, "uuid": 206, "type": null, "initial": false, "triggers": [ ] }, "geometry": { "type": "LineString", "coordinates": [ [ 139.63068550709832, 35.475780785154157 ], [ 139.613293805965554, 35.456115354440371 ], [ 139.60199, 35.448772 ], [ 139.599243, 35.446526 ], [ 139.597663471073645, 35.445126846244477 ], [ 139.595215, 35.444958 ], [ 139.578500252267872, 35.44717640406045 ], [ 139.572556, 35.444572 ], [ 139.558962333653028, 35.438410908164371 ], [ 139.556446492077981, 35.435576090823517 ], [ 139.556534, 35.430637 ], [ 139.556339434989667, 35.426504004621179 ], [ 139.554091236135349, 35.422927228236077 ], [ 139.544098, 35.417198 ], [ 139.536052116756707, 35.412414075892606 ], [ 139.533981, 35.406433 ], [ 139.534225, 35.401108 ], [ 139.535730945491792, 35.395310914631416 ], [ 139.534339203343905, 35.380822746322899 ], [ 139.52957516291454, 35.370784236431319 ], [ 139.530217505444313, 35.365371652130825 ], [ 139.529414577282068, 35.361181015028912 ], [ 139.531876, 35.356915 ], [ 139.530334, 35.350529 ], [ 139.530485148165042, 35.348433156856217 ], [ 139.532852, 35.345905 ], [ 139.536728, 35.343098 ], [ 139.54039, 35.341438 ], [ 139.54364, 35.338863 ], [ 139.544357, 35.338131 ], [ 139.545044, 35.337631 ], [ 139.545334, 35.337051 ], [ 139.545815538277651, 35.336961007600571 ] ] } },
{ "type": "Feature", "properties": { "id": null, "name": null, "AnimationOrder": null, "animationGroup": null, "uuid": 201, "type": null, "initial": false, "triggers": [ 203 ] }, "geometry": { "type": "LineString", "coordinates": [ [ 139.630716002708851, 35.475786988334491 ], [ 139.626999, 35.471691 ], [ 139.623566, 35.467545 ], [ 139.623199, 35.466869 ], [ 139.622742, 35.466465 ], [ 139.621621422902933, 35.464477798361763 ], [ 139.622208, 35.462929 ], [ 139.618896, 35.459785 ], [ 139.618522601375247, 35.458656302514946 ], [ 139.619125, 35.457298 ], [ 139.621521460918188, 35.451531521061199 ], [ 139.627014, 35.445057 ], [ 139.62677, 35.443962 ], [ 139.625469959316376, 35.441718646532969 ], [ 139.623199, 35.440071 ], [ 139.617203, 35.437981 ], [ 139.611435, 35.436642 ], [ 139.604935, 35.43507 ], [ 139.598557, 35.433529 ], [ 139.596381021749977, 35.432148923195619 ], [ 139.595932, 35.428525274666015 ], [ 139.597717, 35.420986 ], [ 139.596497, 35.413013 ], [ 139.596451, 35.409428 ], [ 139.597321, 35.404816 ], [ 139.59893005236151, 35.401803349280762 ], [ 139.601547, 35.39954 ], [ 139.604028113584462, 35.397077372525615 ], [ 139.607513, 35.396526 ], [ 139.610525642594126, 35.394184612156181 ], [ 139.612839, 35.390984 ], [ 139.61586, 35.383003 ], [ 139.619858, 35.37677 ], [ 139.626236, 35.373707 ], [ 139.62863125708455, 35.371762200987398 ], [ 139.629547, 35.368191 ], [ 139.629980743878889, 35.365343007955389 ], [ 139.629333, 35.360676 ], [ 139.627981504183595, 35.35778197037726 ], [ 139.628067, 35.354477 ], [ 139.627131827313093, 35.351606258068969 ], [ 139.624847, 35.34922 ], [ 139.622583557006351, 35.345980445755735 ], [ 139.62175, 35.343998 ], [ 139.621552, 35.342724 ], [ 139.62117, 35.34161 ], [ 139.619873, 35.336067 ], [ 139.619873, 35.331547 ], [ 139.620102, 35.329266 ], [ 139.620034526394846, 35.327836570727399 ], [ 139.618934944562454, 35.325247168809966 ], [ 139.618934944562454, 35.323147041778881 ], [ 139.62038439334151, 35.320047725537151 ], [ 139.621733880135849, 35.318498022867139 ], [ 139.623708129334943, 35.317315335059192 ], [ 139.624732739678763, 35.316091846711558 ], [ 139.625082606625455, 35.314297363653083 ], [ 139.623908053304461, 35.310096486255453 ], [ 139.623983024793034, 35.306690760472108 ], [ 139.623458224373024, 35.304141470703044 ], [ 139.624307901243526, 35.302081585897184 ], [ 139.625032625633054, 35.301347356853711 ], [ 139.626507064908338, 35.298797898725262 ], [ 139.626999, 35.294357 ], [ 139.628781200061724, 35.291128644512099 ], [ 139.632217, 35.288376 ], [ 139.633754308803731, 35.287232548219286 ], [ 139.635603605521851, 35.28655938169544 ], [ 139.639282, 35.286186 ], [ 139.642076144035371, 35.286804170169901 ], [ 139.64390045025732, 35.286416588076882 ], [ 139.645935, 35.285126 ], [ 139.650421, 35.281864 ], [ 139.652439899408961, 35.281312765665554 ], [ 139.65317591689103, 35.281290917290974 ], [ 139.653911934373099, 35.282399714858748 ], [ 139.654514130494789, 35.284305937257145 ] ] } },
{ "type": "Feature", "properties": { "id": null, "name": null, "AnimationOrder": null, "animationGroup": null, "uuid": 205, "type": null, "initial": false, "triggers": [ ] }, "geometry": { "type": "LineString", "coordinates": [ [ 139.437305334935445, 35.531392019603281 ], [ 139.436448878229044, 35.530128729606517 ], [ 139.435699478610928, 35.528647605659657 ], [ 139.435699478610928, 35.526643688567951 ], [ 139.443996402954212, 35.511307709943075 ], [ 139.444585216939885, 35.502854242107027 ], [ 139.451811570400167, 35.488036739845832 ], [ 139.463531, 35.465984 ], [ 139.466157220232446, 35.460529957488966 ], [ 139.465912, 35.454189 ], [ 139.465012, 35.439362 ], [ 139.464658420996216, 35.431094695203512 ], [ 139.465782520423375, 35.416874699147932 ], [ 139.464819006628687, 35.402346774252273 ], [ 139.4729018167954, 35.377298498691196 ], [ 139.473175, 35.364029 ], [ 139.474293558943288, 35.351762200931212 ], [ 139.477398214504007, 35.345649752401549 ], [ 139.479057599372652, 35.339536841350721 ], [ 139.480342284432254, 35.338445201423376 ], [ 139.482483426198257, 35.337964875183332 ], [ 139.484039, 35.338699 ], [ 139.486771, 35.338524 ], [ 139.485611, 35.338593 ], [ 139.483047, 35.338146 ], [ 139.48056, 35.336578 ], [ 139.476395, 35.332169 ], [ 139.475204, 35.33099 ], [ 139.474579, 35.330379 ], [ 139.470627, 35.326202 ], [ 139.469823925506773, 35.323652026739623 ], [ 139.471405, 35.320549 ], [ 139.474152, 35.317497 ], [ 139.476883, 35.315533 ], [ 139.480621, 35.3111 ], [ 139.483139, 35.309162 ], [ 139.483612, 35.30883 ], [ 139.483638791991638, 35.308795214332164 ] ] } },
{ "type": "Feature", "properties": { "id": null, "name": null, "AnimationOrder": null, "animationGroup": null, "uuid": 210, "type": null, "initial": false, "triggers": [ 207, 205 ] }, "geometry": { "type": "LineString", "coordinates": [ [ 139.700913341670969, 35.690124727433265 ], [ 139.698477792912144, 35.685777105755733 ], [ 139.695489880944507, 35.680848470000207 ], [ 139.694443, 35.679737 ], [ 139.692688, 35.676414 ], [ 139.690704, 35.672428 ], [ 139.689789441090369, 35.670213395579715 ], [ 139.688766, 35.669632 ], [ 139.684341, 35.670292 ], [ 139.681274, 35.66991 ], [ 139.676727, 35.667706 ], [ 139.675278, 35.667233 ], [ 139.667039809826491, 35.660993856270593 ], [ 139.661954598132212, 35.658406105556338 ], [ 139.652893, 35.655918 ], [ 139.647461, 35.653812 ], [ 139.641312, 35.652493 ], [ 139.634094, 35.650578 ], [ 139.625244, 35.647907 ], [ 139.616058, 35.645233 ], [ 139.610687, 35.643215 ], [ 139.602341, 35.641357 ], [ 139.594055, 35.638718 ], [ 139.584351, 35.635834 ], [ 139.578125, 35.633492 ], [ 139.573349, 35.627026 ], [ 139.569321, 35.621304 ], [ 139.567861454118002, 35.618902602466619 ], [ 139.564224, 35.617142 ], [ 139.560898, 35.615887 ], [ 139.553558, 35.615601 ], [ 139.548248, 35.615559 ], [ 139.539429, 35.614738 ], [ 139.530579, 35.614571 ], [ 139.525199204430209, 35.614986263008291 ], [ 139.523111591208362, 35.614028906417566 ], [ 139.521719849060446, 35.612114158860969 ], [ 139.517929, 35.609875 ], [ 139.511292, 35.607109 ], [ 139.507172, 35.603619 ], [ 139.505951, 35.602688 ], [ 139.502106, 35.599529 ], [ 139.500897245386, 35.597403888004827 ], [ 139.499298, 35.592609 ], [ 139.495544, 35.587345 ], [ 139.488251, 35.584518 ], [ 139.480484, 35.582947 ], [ 139.477130571783277, 35.581689635995872 ], [ 139.475052, 35.579201 ], [ 139.471222, 35.573521 ], [ 139.4673, 35.567616 ], [ 139.462936, 35.562969 ], [ 139.461349, 35.556511 ], [ 139.460750837273281, 35.553692346443135 ], [ 139.458389, 35.551105 ], [ 139.450684, 35.549221 ], [ 139.445251, 35.544632 ], [ 139.442795, 35.540615 ], [ 139.440811, 35.535709 ], [ 139.437851, 35.532547 ], [ 139.437189626531222, 35.531586972130079 ] ] } }
]
}
