{
"type": "FeatureCollection",
"name": "walking_routes",
"crs": { "type": "name", "properties": { "name": "urn:ogc:def:crs:OGC:1.3:CRS84" } },
"features": [
{ "type": "Feature", "properties": { "id": "k5NDI", "name": null, "_umap_options": null, "description": null }, "geometry": { "type": "LineString", "coordinates": [ [ 139.650371, 35.643556 ], [ 139.650575, 35.643129 ], [ 139.650886, 35.642693 ], [ 139.651551, 35.642528 ], [ 139.652774, 35.642484 ], [ 139.654942, 35.642353 ], [ 139.655457, 35.643783 ], [ 139.655457, 35.644019 ], [ 139.655575, 35.644516 ], [ 139.655811, 35.645021 ], [ 139.655875, 35.645457 ], [ 139.655875, 35.64571 ], [ 139.656079, 35.646155 ] ] } },
{ "type": "Feature", "properties": { "id": "gwNDI", "name": null, "_umap_options": null, "description": null }, "geometry": { "type": "LineString", "coordinates": [ [ 139.645801, 35.650531 ], [ 139.645243, 35.649049 ], [ 139.644653, 35.648134 ], [ 139.645264, 35.64802 ], [ 139.645393, 35.648186 ], [ 139.646391, 35.647759 ], [ 139.647056, 35.647646 ] ] } },
{ "type": "Feature", "properties": { "id": "g4MjA", "name": null, "_umap_options": null, "description": null }, "geometry": { "type": "LineString", "coordinates": [ [ 140.869757, 38.263389 ], [ 140.869381, 38.264552 ], [ 140.871141, 38.264855 ], [ 140.871871, 38.263499 ], [ 140.872729, 38.263878 ], [ 140.873362, 38.262631 ] ] } },
{ "type": "Feature", "properties": { "id": "E5NDU", "name": null, "_umap_options": null, "description": null }, "geometry": { "type": "LineString", "coordinates": [ [ 140.874971, 38.26079 ], [ 140.873861, 38.262669 ], [ 140.873453, 38.262538 ], [ 140.873212, 38.26261 ], [ 140.872418, 38.262429 ], [ 140.872326, 38.262707 ], [ 140.871377, 38.262547 ], [ 140.871044, 38.263591 ], [ 140.869778, 38.263347 ], [ 140.868223, 38.263044 ], [ 140.868394, 38.262513 ], [ 140.869918, 38.262833 ], [ 140.870658, 38.26071 ], [ 140.871248, 38.260896 ], [ 140.870701, 38.262429 ], [ 140.870036, 38.26237 ], [ 140.869746, 38.263246 ] ] } },
{ "type": "Feature", "properties": { "id": "IxNzQ", "name": null, "_umap_options": null, "description": null }, "geometry": { "type": "LineString", "coordinates": [ [ 141.06073, 38.371447 ], [ 141.059722, 38.370236 ], [ 141.060623, 38.369681 ], [ 141.059604, 38.368385 ] ] } },
{ "type": "Feature", "properties": { "id": "czMTY", "name": null, "_umap_options": null, "description": null }, "geometry": { "type": "LineString", "coordinates": [ [ 141.063906, 38.370463 ], [ 141.062769, 38.370026 ], [ 141.060795, 38.371498 ], [ 141.060183, 38.371851 ], [ 141.060301, 38.372019 ], [ 141.060483, 38.372129 ], [ 141.060215, 38.372238 ] ] } },
{ "type": "Feature", "properties": { "id": "cyNjU", "name": null, "_umap_options": null, "description": null }, "geometry": { "type": "LineString", "coordinates": [ [ 141.06397, 38.370446 ], [ 141.064678, 38.370774 ], [ 141.06456, 38.370951 ], [ 141.06426, 38.370985 ], [ 141.064024, 38.371178 ], [ 141.063906, 38.371498 ], [ 141.063938, 38.371784 ], [ 141.06499, 38.371742 ], [ 141.065075, 38.371994 ], [ 141.065204, 38.371767 ], [ 141.06602, 38.371927 ], [ 141.066256, 38.371901 ], [ 141.066009, 38.371565 ], [ 141.065665, 38.371229 ], [ 141.064775, 38.3708 ] ] } },
{ "type": "Feature", "properties": { "id": "c3ODA", "name": null, "_umap_options": null, "description": null }, "geometry": { "type": "LineString", "coordinates": [ [ 141.070772, 38.366989 ], [ 141.070493, 38.366758 ], [ 141.070311, 38.366644 ], [ 141.070161, 38.366467 ], [ 141.070113, 38.366278 ], [ 141.070107, 38.366127 ], [ 141.069962, 38.366013 ] ] } },
{ "type": "Feature", "properties": { "id": "g0MjA", "name": null, "_umap_options": null, "description": null }, "geometry": { "type": "LineString", "coordinates": [ [ 141.071561, 38.366632 ], [ 141.071534, 38.366598 ], [ 141.071384, 38.36651 ], [ 141.07132, 38.366615 ], [ 141.07132, 38.366762 ], [ 141.071261, 38.366842 ], [ 141.070971, 38.366989 ], [ 141.070665, 38.367014 ], [ 141.070386, 38.366989 ], [ 141.070193, 38.366939 ], [ 141.069984, 38.366791 ], [ 141.06978, 38.366728 ], [ 141.069756, 38.366722 ], [ 141.069734, 38.366722 ], [ 141.069909, 38.366882 ], [ 141.070094, 38.367018 ], [ 141.070177, 38.367157 ], [ 141.070086, 38.367506 ], [ 141.070209, 38.367893 ], [ 141.07022, 38.368129 ], [ 141.070306, 38.36823 ], [ 141.070247, 38.368427 ], [ 141.070166, 38.368671 ] ] } },
{ "type": "Feature", "properties": { "id": "YzNjY", "name": null, "_umap_options": null, "description": null }, "geometry": { "type": "LineString", "coordinates": [ [ 141.071776, 38.367241 ], [ 141.071759, 38.367481 ], [ 141.071877, 38.36775 ], [ 141.071888, 38.367986 ], [ 141.071845, 38.368234 ], [ 141.071904, 38.368335 ] ] } },
{ "type": "Feature", "properties": { "id": "E3ODA", "name": null, "_umap_options": null, "description": null }, "geometry": { "type": "LineString", "coordinates": [ [ 141.07074, 38.365879 ], [ 141.070703, 38.366038 ], [ 141.070751, 38.366367 ], [ 141.070858, 38.366434 ], [ 141.071207, 38.366308 ], [ 141.071384, 38.36632 ], [ 141.071577, 38.366467 ], [ 141.071556, 38.366615 ], [ 141.071599, 38.366884 ], [ 141.07154, 38.367132 ], [ 141.071599, 38.367225 ], [ 141.071738, 38.367241 ], [ 141.072296, 38.36661 ] ] } },
{ "type": "Feature", "properties": { "id": "YxMTQ", "name": null, "_umap_options": null, "description": null }, "geometry": { "type": "LineString", "coordinates": [ [ 141.072328, 38.366589 ], [ 141.072843, 38.366867 ], [ 141.072913, 38.366947 ] ] } },
{ "type": "Feature", "properties": { "id": "k0ODc", "name": null, "_umap_options": null, "description": null }, "geometry": { "type": "LineString", "coordinates": [ [ 141.068208, 38.370026 ], [ 141.070032, 38.368007 ], [ 141.07008, 38.367914 ], [ 141.069871, 38.367607 ], [ 141.069544, 38.367633 ], [ 141.069399, 38.367607 ], [ 141.069351, 38.36741 ], [ 141.06971, 38.367002 ], [ 141.0697, 38.366875 ], [ 141.06956, 38.3668 ], [ 141.069705, 38.366446 ], [ 141.069807, 38.366093 ], [ 141.069978, 38.365996 ], [ 141.070338, 38.365719 ], [ 141.070783, 38.36587 ], [ 141.071003, 38.36598 ], [ 141.071438, 38.365744 ], [ 141.071711, 38.365361 ], [ 141.071856, 38.36542 ], [ 141.071706, 38.365786 ], [ 141.071765, 38.365967 ], [ 141.071813, 38.36611 ], [ 141.07177, 38.366375 ], [ 141.072108, 38.366539 ], [ 141.072344, 38.366568 ], [ 141.072607, 38.366518 ], [ 141.072709, 38.36627 ], [ 141.072779, 38.365904 ], [ 141.072789, 38.365694 ], [ 141.072918, 38.365551 ] ] } },
{ "type": "Feature", "properties": { "id": "I2MDg", "name": null, "_umap_options": null, "description": null }, "geometry": { "type": "LineString", "coordinates": [ [ 141.062737, 38.369853 ], [ 141.063418, 38.368621 ] ] } },
{ "type": "Feature", "properties": { "id": "YzOTQ", "name": null, "_umap_options": null, "description": null }, "geometry": { "type": "LineString", "coordinates": [ [ 141.06434, 38.370446 ], [ 141.064609, 38.370375 ], [ 141.06477, 38.370421 ], [ 141.064888, 38.370232 ], [ 141.065102, 38.370131 ], [ 141.065424, 38.37024 ], [ 141.065692, 38.370215 ], [ 141.065735, 38.370143 ], [ 141.066588, 38.370299 ], [ 141.066803, 38.370261 ], [ 141.06684, 38.370307 ], [ 141.066926, 38.370307 ], [ 141.066921, 38.370211 ], [ 141.067817, 38.370043 ], [ 141.067886, 38.370207 ], [ 141.068149, 38.370127 ] ] } },
{ "type": "Feature", "properties": { "id": "U0Mjc", "name": null, "_umap_options": null, "description": null }, "geometry": { "type": "LineString", "coordinates": [ [ 141.059019, 38.368524 ], [ 141.059164, 38.368562 ], [ 141.059673, 38.368348 ], [ 141.061218, 38.368314 ], [ 141.061637, 38.368957 ], [ 141.061428, 38.369084 ], [ 141.061481, 38.369147 ], [ 141.061605, 38.369126 ], [ 141.061814, 38.369311 ], [ 141.061929, 38.369439 ], [ 141.062112, 38.369508 ], [ 141.062181, 38.369643 ], [ 141.062391, 38.369725 ], [ 141.062509, 38.369794 ], [ 141.062745, 38.369885 ], [ 141.063115, 38.37003 ], [ 141.064083, 38.370408 ], [ 141.064316, 38.370429 ], [ 141.064279, 38.37028 ], [ 141.06426, 38.370114 ], [ 141.06426, 38.370049 ], [ 141.064284, 38.369832 ], [ 141.064295, 38.369784 ], [ 141.064332, 38.369685 ], [ 141.064311, 38.369626 ], [ 141.064233, 38.369599 ], [ 141.064171, 38.369643 ], [ 141.064121, 38.369712 ], [ 141.064094, 38.369761 ], [ 141.064244, 38.369813 ], [ 141.064279, 38.369809 ] ] } },
{ "type": "Feature", "properties": { "id": "ExMzE", "name": null, "_umap_options": null, "description": null }, "geometry": { "type": "LineString", "coordinates": [ [ 141.060188, 38.367742 ], [ 141.06014, 38.367536 ], [ 141.06036, 38.367363 ], [ 141.060403, 38.367405 ] ] } },
{ "type": "Feature", "properties": { "id": "U1NTg", "name": null, "_umap_options": null, "description": null }, "geometry": { "type": "LineString", "coordinates": [ [ 141.05903, 38.367876 ], [ 141.058767, 38.368352 ], [ 141.058971, 38.368457 ], [ 141.059121, 38.36815 ], [ 141.059217, 38.368028 ], [ 141.059411, 38.368015 ], [ 141.059529, 38.367982 ], [ 141.059529, 38.367881 ], [ 141.059952, 38.367792 ], [ 141.060451, 38.367742 ], [ 141.060703, 38.367439 ], [ 141.060559, 38.366446 ], [ 141.060542, 38.366303 ], [ 141.061127, 38.366156 ], [ 141.06124, 38.366051 ], [ 141.061476, 38.365959 ], [ 141.061449, 38.36566 ], [ 141.061567, 38.365387 ], [ 141.061755, 38.365357 ], [ 141.061894, 38.365319 ], [ 141.062163, 38.365399 ], [ 141.062307, 38.36542 ], [ 141.062511, 38.365311 ], [ 141.062592, 38.365075 ], [ 141.062602, 38.36492 ], [ 141.062796, 38.364621 ], [ 141.062801, 38.364377 ], [ 141.062635, 38.365075 ], [ 141.062726, 38.365042 ], [ 141.062822, 38.36513 ], [ 141.06293, 38.365248 ], [ 141.062694, 38.365294 ], [ 141.062618, 38.365437 ], [ 141.062769, 38.365841 ], [ 141.062962, 38.366038 ], [ 141.062962, 38.366148 ], [ 141.062914, 38.366211 ], [ 141.06271, 38.365828 ], [ 141.062189, 38.365723 ], [ 141.06213, 38.365483 ], [ 141.062195, 38.36542 ] ] } },
{ "type": "Feature", "properties": { "id": "c0NjA", "name": null, "_umap_options": null, "description": null }, "geometry": { "type": "LineString", "coordinates": [ [ 140.326781, 38.252791 ], [ 140.324442, 38.253263 ], [ 140.322962, 38.249286 ], [ 140.322576, 38.248612 ], [ 140.319421, 38.249252 ], [ 140.319132, 38.248191 ], [ 140.319046, 38.247854 ], [ 140.320516, 38.247601 ], [ 140.321503, 38.247702 ], [ 140.322243, 38.247542 ], [ 140.322211, 38.246489 ], [ 140.321696, 38.245663 ], [ 140.322511, 38.245461 ], [ 140.323176, 38.245326 ], [ 140.323756, 38.245326 ], [ 140.323777, 38.246708 ], [ 140.326352, 38.246539 ], [ 140.329206, 38.24627 ], [ 140.330966, 38.249033 ], [ 140.331159, 38.249471 ], [ 140.330515, 38.24964 ], [ 140.330236, 38.249067 ], [ 140.329936, 38.249252 ], [ 140.329785, 38.248932 ], [ 140.329378, 38.24905 ], [ 140.328734, 38.24905 ], [ 140.328476, 38.248241 ], [ 140.32794, 38.248528 ] ] } },
{ "type": "Feature", "properties": { "id": "U2Mzg", "name": null, "_umap_options": null, "description": null }, "geometry": { "type": "LineString", "coordinates": [ [ 140.330907, 38.255228 ], [ 140.330657, 38.25527 ], [ 140.330542, 38.255049 ], [ 140.330375, 38.255087 ], [ 140.330287, 38.255177 ], [ 140.330338, 38.255333 ], [ 140.329909, 38.25546 ], [ 140.329804, 38.255272 ], [ 140.329675, 38.255306 ], [ 140.329195, 38.254409 ], [ 140.329056, 38.25443 ], [ 140.328863, 38.254341 ], [ 140.328412, 38.254446 ], [ 140.328294, 38.254493 ], [ 140.328278, 38.254564 ], [ 140.328342, 38.254771 ], [ 140.328155, 38.254796 ], [ 140.328026, 38.254889 ], [ 140.327082, 38.255053 ], [ 140.326953, 38.254661 ], [ 140.326835, 38.254636 ], [ 140.32676, 38.254404 ], [ 140.326508, 38.253916 ], [ 140.326084, 38.253987 ], [ 140.326502, 38.253861 ], [ 140.3264, 38.253629 ], [ 140.326712, 38.253549 ], [ 140.326797, 38.253553 ], [ 140.326787, 38.25333 ], [ 140.326953, 38.253242 ], [ 140.327001, 38.253124 ], [ 140.326969, 38.252761 ] ] } },
{ "type": "Feature", "properties": { "id": "k2NDU", "name": null, "_umap_options": null, "description": null }, "geometry": { "type": "LineString", "coordinates": [ [ 140.342295, 38.253406 ], [ 140.342005, 38.253052 ], [ 140.339581, 38.253954 ], [ 140.340911, 38.256338 ], [ 140.3409, 38.256127 ], [ 140.343111, 38.255276 ], [ 140.343808, 38.255024 ], [ 140.343744, 38.254788 ], [ 140.343035, 38.254038 ], [ 140.342606, 38.254156 ], [ 140.341512, 38.2521 ], [ 140.338851, 38.252774 ], [ 140.338218, 38.252985 ], [ 140.338465, 38.253456 ], [ 140.336877, 38.254055 ], [ 140.336545, 38.254055 ], [ 140.334206, 38.255032 ], [ 140.334592, 38.255731 ], [ 140.33501, 38.256464 ], [ 140.335128, 38.257054 ], [ 140.335375, 38.257972 ], [ 140.335654, 38.259 ], [ 140.335311, 38.258056 ], [ 140.333573, 38.258511 ], [ 140.332779, 38.256776 ], [ 140.33236, 38.256919 ], [ 140.331341, 38.255083 ], [ 140.330955, 38.255234 ] ] } },
{ "type": "Feature", "properties": { "id": "E1MDM", "name": null, "_umap_options": null, "description": null }, "geometry": { "type": "LineString", "coordinates": [ [ 140.327672, 38.248671 ], [ 140.327157, 38.248839 ], [ 140.327672, 38.249674 ], [ 140.327672, 38.249834 ], [ 140.328262, 38.250314 ], [ 140.328659, 38.250878 ], [ 140.329142, 38.251755 ], [ 140.329335, 38.251974 ], [ 140.32986, 38.251864 ], [ 140.330193, 38.252665 ], [ 140.331631, 38.255057 ], [ 140.332028, 38.254931 ], [ 140.333862, 38.254392 ], [ 140.334249, 38.254981 ], [ 140.336523, 38.254038 ], [ 140.336845, 38.254038 ], [ 140.338481, 38.25341 ], [ 140.33869, 38.253423 ], [ 140.339967, 38.253018 ], [ 140.340203, 38.253128 ], [ 140.340589, 38.253566 ], [ 140.341984, 38.253061 ], [ 140.342209, 38.253423 ] ] } },
{ "type": "Feature", "properties": { "id": "IxODE", "name": null, "_umap_options": null, "description": null }, "geometry": { "type": "LineString", "coordinates": [ [ 139.652056, 35.692132 ], [ 139.652131, 35.691653 ], [ 139.652914, 35.691775 ], [ 139.653354, 35.691653 ], [ 139.653279, 35.690511 ] ] } },
{ "type": "Feature", "properties": { "id": "UwNTI", "name": null, "_umap_options": null, "description": null }, "geometry": { "type": "LineString", "coordinates": [ [ 139.656293, 35.683252 ], [ 139.656926, 35.683392 ], [ 139.656841, 35.684394 ], [ 139.656712, 35.685178 ], [ 139.656132, 35.686573 ], [ 139.65536, 35.688646 ], [ 139.655124, 35.688559 ], [ 139.654351, 35.688028 ], [ 139.653965, 35.687827 ], [ 139.653708, 35.688943 ], [ 139.65344, 35.689535 ], [ 139.653246, 35.69045 ], [ 139.652227, 35.690058 ], [ 139.652056, 35.691688 ], [ 139.65198, 35.692176 ] ] } },
{ "type": "Feature", "properties": { "id": "MzNzA", "name": null, "_umap_options": null, "description": null }, "geometry": { "type": "LineString", "coordinates": [ [ 142.361462, 43.762962 ], [ 142.361832, 43.763621 ], [ 142.361543, 43.763741 ], [ 142.360303, 43.764039 ], [ 142.360223, 43.76414 ], [ 142.359939, 43.764237 ], [ 142.359783, 43.764187 ], [ 142.358678, 43.764504 ], [ 142.360904, 43.768847 ], [ 142.360561, 43.768925 ] ] } },
{ "type": "Feature", "properties": { "id": "c1NDM", "name": null, "_umap_options": null, "description": null }, "geometry": { "type": "LineString", "coordinates": [ [ 142.358158, 43.762835 ], [ 142.358512, 43.762734 ], [ 142.358673, 43.76309 ], [ 142.359627, 43.762819 ], [ 142.360711, 43.762424 ], [ 142.361065, 43.7623 ], [ 142.361119, 43.762385 ], [ 142.361441, 43.762928 ], [ 142.362009, 43.762742 ], [ 142.361923, 43.762602 ], [ 142.362095, 43.76254 ] ] } },
{ "type": "Feature", "properties": { "id": "Y2MzI", "name": null, "_umap_options": null, "description": null }, "geometry": { "type": "LineString", "coordinates": [ [ 141.143238, 42.492305 ], [ 141.143283, 42.492028 ], [ 141.143441, 42.491631 ], [ 141.143144, 42.491591 ], [ 141.143264, 42.491439 ] ] } },
{ "type": "Feature", "properties": { "id": "E2OTA", "name": null, "_umap_options": null, "description": null }, "geometry": { "type": "LineString", "coordinates": [ [ 141.146918, 42.497795 ], [ 141.146786, 42.497799 ], [ 141.146684, 42.497781 ], [ 141.14651, 42.497621 ] ] } },
{ "type": "Feature", "properties": { "id": "UwMjA", "name": null, "_umap_options": null, "description": null }, "geometry": { "type": "LineString", "coordinates": [ [ 141.148339, 42.498268 ], [ 141.148291, 42.498232 ], [ 141.148245, 42.498133 ], [ 141.148219, 42.498108 ], [ 141.148122, 42.49804 ], [ 141.148092, 42.49794 ], [ 141.148041, 42.497908 ], [ 141.147902, 42.497908 ], [ 141.147779, 42.497945 ], [ 141.147653, 42.498003 ], [ 141.147594, 42.498003 ], [ 141.147518, 42.497967 ], [ 141.147049, 42.497805 ], [ 141.146918, 42.497787 ], [ 141.146883, 42.497785 ], [ 141.146818, 42.497756 ], [ 141.146859, 42.497659 ] ] } },
{ "type": "Feature", "properties": { "id": "I1NzM", "name": null, "_umap_options": null, "description": null }, "geometry": { "type": "LineString", "coordinates": [ [ 141.143256, 42.492321 ], [ 141.143063, 42.493334 ], [ 141.144018, 42.494512 ], [ 141.144136, 42.495161 ], [ 141.144544, 42.495327 ], [ 141.144844, 42.495517 ], [ 141.14581, 42.497105 ], [ 141.146325, 42.497451 ], [ 141.146505, 42.497609 ], [ 141.146644, 42.498193 ], [ 141.146674, 42.498197 ], [ 141.146794, 42.498167 ], [ 141.147156, 42.498141 ], [ 141.147494, 42.498222 ], [ 141.147615, 42.498238 ], [ 141.147843, 42.498218 ], [ 141.147891, 42.498276 ], [ 141.147929, 42.498228 ], [ 141.147985, 42.498244 ], [ 141.147958, 42.498278 ], [ 141.147856, 42.498299 ], [ 141.147985, 42.498341 ], [ 141.148063, 42.498383 ], [ 141.148074, 42.498464 ], [ 141.14798, 42.498543 ], [ 141.147878, 42.498638 ], [ 141.147902, 42.498711 ], [ 141.147974, 42.498727 ], [ 141.148363, 42.498701 ], [ 141.148409, 42.498655 ], [ 141.148428, 42.498568 ], [ 141.148589, 42.498557 ], [ 141.148653, 42.498561 ], [ 141.148709, 42.498598 ], [ 141.148742, 42.498588 ], [ 141.148758, 42.498566 ], [ 141.148744, 42.498515 ], [ 141.148642, 42.49841 ], [ 141.148492, 42.49827 ], [ 141.148347, 42.49827 ], [ 141.148666, 42.498141 ], [ 141.148731, 42.498139 ], [ 141.149608, 42.498155 ], [ 141.149608, 42.498181 ], [ 141.149653, 42.498187 ], [ 141.149675, 42.498149 ], [ 141.149629, 42.498139 ] ] } },
{ "type": "Feature", "properties": { "id": "M5ODc", "name": null, "_umap_options": null, "description": null }, "geometry": { "type": "LineString", "coordinates": [ [ 141.107578, 42.518288 ], [ 141.107417, 42.518375 ], [ 141.107664, 42.518588 ], [ 141.108044, 42.518703 ], [ 141.108286, 42.518814 ], [ 141.108468, 42.519098 ], [ 141.108699, 42.519814 ], [ 141.108903, 42.520411 ], [ 141.108972, 42.520739 ], [ 141.109005, 42.521249 ], [ 141.109267, 42.521672 ], [ 141.109353, 42.521696 ], [ 141.109563, 42.521601 ], [ 141.10974, 42.521502 ], [ 141.1099, 42.521336 ], [ 141.110061, 42.521134 ], [ 141.110137, 42.52085 ], [ 141.110104, 42.52066 ], [ 141.110008, 42.520431 ], [ 141.109691, 42.519956 ], [ 141.109391, 42.519462 ], [ 141.109316, 42.519245 ], [ 141.109412, 42.519067 ], [ 141.109573, 42.518912 ], [ 141.109225, 42.518612 ], [ 141.108871, 42.518177 ], [ 141.108677, 42.517853 ], [ 141.108629, 42.517758 ], [ 141.10901, 42.517655 ], [ 141.108608, 42.51771 ], [ 141.108511, 42.517469 ], [ 141.10828, 42.517489 ], [ 141.108109, 42.517604 ], [ 141.108001, 42.517967 ], [ 141.107578, 42.518244 ] ] } },
{ "type": "Feature", "properties": { "id": "M4Mzg", "name": null, "_umap_options": null, "description": null }, "geometry": { "type": "LineString", "coordinates": [ [ 141.632524, 42.6374 ], [ 141.633275, 42.637653 ], [ 141.636837, 42.638758 ], [ 141.635034, 42.641788 ], [ 141.631086, 42.648102 ], [ 141.630957, 42.64837 ], [ 141.629595, 42.647841 ], [ 141.629026, 42.648851 ], [ 141.629423, 42.649057 ], [ 141.628929, 42.649869 ], [ 141.629444, 42.650011 ], [ 141.629745, 42.650382 ], [ 141.631805, 42.650722 ], [ 141.632084, 42.650887 ] ] } },
{ "type": "Feature", "properties": { "id": "kzNTU", "name": null, "_umap_options": null, "description": null }, "geometry": { "type": "LineString", "coordinates": [ [ 140.476116, 36.371271 ], [ 140.476127, 36.372066 ], [ 140.476931, 36.371971 ], [ 140.477135, 36.372982 ], [ 140.477715, 36.373967 ], [ 140.47824, 36.374666 ], [ 140.478374, 36.374861 ], [ 140.478353, 36.375012 ], [ 140.47801, 36.375154 ], [ 140.477843, 36.375228 ], [ 140.477704, 36.375103 ], [ 140.47758, 36.375176 ], [ 140.477479, 36.375275 ], [ 140.477409, 36.375306 ], [ 140.47735, 36.375297 ], [ 140.477307, 36.375224 ], [ 140.4772, 36.375262 ], [ 140.47721, 36.375332 ], [ 140.477253, 36.375396 ], [ 140.477301, 36.37547 ], [ 140.477189, 36.375556 ], [ 140.477226, 36.375617 ], [ 140.477312, 36.375604 ], [ 140.477387, 36.375591 ], [ 140.477366, 36.375526 ], [ 140.477323, 36.375427 ], [ 140.477377, 36.375366 ], [ 140.477468, 36.375427 ], [ 140.477436, 36.3755 ], [ 140.477532, 36.375491 ], [ 140.477457, 36.375362 ], [ 140.477489, 36.375314 ], [ 140.477666, 36.375159 ] ] } },
{ "type": "Feature", "properties": { "id": "M5Mjg", "name": null, "_umap_options": null, "description": null }, "geometry": { "type": "LineString", "coordinates": [ [ 134.107833, 34.343489 ], [ 134.107683, 34.34395 ], [ 134.107404, 34.344233 ], [ 134.107404, 34.344871 ], [ 134.107769, 34.34558 ] ] } },
{ "type": "Feature", "properties": { "id": "c5MTQ", "name": null, "_umap_options": null, "description": null }, "geometry": { "type": "LineString", "coordinates": [ [ 134.096181, 34.37656 ], [ 134.096718, 34.375356 ], [ 134.097512, 34.37463 ], [ 134.098134, 34.374028 ], [ 134.098327, 34.373089 ], [ 134.098864, 34.372274 ], [ 134.099078, 34.371743 ], [ 134.099336, 34.371052 ], [ 134.099679, 34.370255 ], [ 134.100108, 34.369901 ], [ 134.100409, 34.36898 ], [ 134.100194, 34.368838 ] ] } },
{ "type": "Feature", "properties": { "id": "E0NDk", "name": null, "_umap_options": null, "description": null }, "geometry": { "type": "LineString", "coordinates": [ [ 134.102812, 34.359486 ], [ 134.103606, 34.359575 ], [ 134.104056, 34.359752 ], [ 134.104185, 34.360283 ], [ 134.104421, 34.361133 ], [ 134.104314, 34.361984 ], [ 134.104357, 34.362798 ], [ 134.104335, 34.363666 ], [ 134.103949, 34.364393 ], [ 134.103949, 34.364835 ], [ 134.103284, 34.365154 ], [ 134.103134, 34.365278 ], [ 134.102426, 34.365792 ], [ 134.101996, 34.366306 ], [ 134.101524, 34.366996 ], [ 134.100773, 34.3679 ], [ 134.100323, 34.368041 ], [ 134.100151, 34.368768 ], [ 134.098992, 34.369547 ], [ 134.098327, 34.370025 ], [ 134.097984, 34.370574 ], [ 134.097233, 34.3713 ], [ 134.096889, 34.37153 ], [ 134.096761, 34.372062 ], [ 134.096653, 34.372522 ], [ 134.096096, 34.373231 ], [ 134.096289, 34.373426 ], [ 134.096546, 34.373975 ], [ 134.096589, 34.374665 ], [ 134.096589, 34.375285 ], [ 134.096031, 34.376578 ] ] } },
{ "type": "Feature", "properties": { "id": "QzMTY", "name": null, "_umap_options": null, "description": null }, "geometry": { "type": "LineString", "coordinates": [ [ 134.105859, 34.341611 ], [ 134.106106, 34.342949 ], [ 134.106824, 34.342639 ], [ 134.106996, 34.343294 ], [ 134.107865, 34.343064 ], [ 134.107887, 34.343445 ], [ 134.108198, 34.34364 ], [ 134.108799, 34.343666 ], [ 134.109796, 34.343578 ] ] } },
{ "type": "Feature", "properties": { "id": "c2ODU", "name": null, "_umap_options": null, "description": null }, "geometry": { "type": "LineString", "coordinates": [ [ 134.173386, 34.323458 ], [ 134.173408, 34.324034 ], [ 134.173429, 34.325168 ], [ 134.173526, 34.325469 ], [ 134.17477, 34.325531 ], [ 134.175972, 34.325558 ], [ 134.176122, 34.325558 ] ] } },
{ "type": "Feature", "properties": { "id": "IzNDY", "name": null, "_umap_options": null, "description": null }, "geometry": { "type": "LineString", "coordinates": [ [ 134.173086, 34.321641 ], [ 134.173247, 34.322554 ], [ 134.17344, 34.323289 ], [ 134.17432, 34.323316 ], [ 134.175832, 34.323538 ], [ 134.177195, 34.323573 ], [ 134.178354, 34.323706 ], [ 134.178826, 34.323786 ], [ 134.179405, 34.323865 ], [ 134.179684, 34.323883 ], [ 134.179652, 34.324131 ], [ 134.179899, 34.324193 ], [ 134.179984, 34.323945 ], [ 134.179856, 34.323874 ], [ 134.179823, 34.323768 ], [ 134.179437, 34.323741 ], [ 134.179351, 34.323821 ] ] } },
{ "type": "Feature", "properties": { "id": "kxMDg", "name": null, "_umap_options": null, "description": null }, "geometry": { "type": "LineString", "coordinates": [ [ 134.072664, 34.324725 ], [ 134.074445, 34.324477 ], [ 134.074509, 34.324707 ], [ 134.074402, 34.324955 ], [ 134.075453, 34.327082 ], [ 134.076333, 34.328871 ], [ 134.076526, 34.329208 ], [ 134.077492, 34.329279 ], [ 134.0785, 34.329385 ], [ 134.079123, 34.329403 ], [ 134.08026, 34.329368 ], [ 134.080367, 34.329811 ], [ 134.080517, 34.331902 ], [ 134.080088, 34.331919 ] ] } },
{ "type": "Feature", "properties": { "id": "E2MDU", "name": null, "_umap_options": null, "description": null }, "geometry": { "type": "LineString", "coordinates": [ [ 133.81735, 34.186423 ], [ 133.817607, 34.186148 ], [ 133.817747, 34.185625 ], [ 133.817875, 34.185252 ], [ 133.818412, 34.184959 ], [ 133.81868, 34.184799 ], [ 133.818347, 34.184666 ], [ 133.818058, 34.184604 ] ] } },
{ "type": "Feature", "properties": { "id": "k2OTA", "name": null, "_umap_options": null, "description": null }, "geometry": { "type": "LineString", "coordinates": [ [ 133.809689, 34.184023 ], [ 133.809593, 34.183974 ], [ 133.809571, 34.183845 ], [ 133.809593, 34.183548 ], [ 133.809764, 34.183406 ], [ 133.810258, 34.183468 ], [ 133.810344, 34.183326 ], [ 133.810548, 34.183357 ], [ 133.810676, 34.183144 ] ] } },
{ "type": "Feature", "properties": { "id": "Y0OTI", "name": null, "_umap_options": null, "description": null }, "geometry": { "type": "LineString", "coordinates": [ [ 133.80962, 34.184231 ], [ 133.809325, 34.184218 ], [ 133.808944, 34.184307 ], [ 133.808831, 34.184338 ], [ 133.80867, 34.184369 ], [ 133.808622, 34.184484 ], [ 133.80859, 34.184755 ], [ 133.808611, 34.185008 ], [ 133.808316, 34.18499 ], [ 133.808198, 34.185088 ], [ 133.808155, 34.185571 ], [ 133.808064, 34.18586 ], [ 133.807683, 34.186494 ], [ 133.807468, 34.186175 ], [ 133.807147, 34.186157 ], [ 133.807061, 34.186299 ] ] } },
{ "type": "Feature", "properties": { "id": "kyODg", "name": null, "_umap_options": null, "description": null }, "geometry": { "type": "LineString", "coordinates": [ [ 133.818439, 34.187249 ], [ 133.818063, 34.18704 ], [ 133.817527, 34.186654 ], [ 133.817167, 34.186335 ], [ 133.816926, 34.186086 ], [ 133.816534, 34.185585 ], [ 133.816137, 34.185105 ], [ 133.815933, 34.18495 ], [ 133.81559, 34.184733 ], [ 133.815413, 34.184648 ], [ 133.815022, 34.184497 ], [ 133.814281, 34.184342 ], [ 133.813198, 34.184107 ], [ 133.812184, 34.183894 ], [ 133.812044, 34.183841 ], [ 133.811932, 34.183761 ], [ 133.811722, 34.183708 ], [ 133.811921, 34.183273 ], [ 133.811363, 34.183135 ], [ 133.810848, 34.183157 ], [ 133.81066, 34.183144 ], [ 133.810574, 34.183335 ], [ 133.810413, 34.183792 ], [ 133.810344, 34.183801 ], [ 133.810301, 34.183983 ], [ 133.809689, 34.184023 ], [ 133.809646, 34.1842 ] ] } },
{ "type": "Feature", "properties": { "id": "UxOTU", "name": null, "_umap_options": null, "description": null }, "geometry": { "type": "LineString", "coordinates": [ [ 133.81927, 34.190945 ], [ 133.819367, 34.190799 ], [ 133.819367, 34.191069 ], [ 133.819388, 34.191185 ], [ 133.819506, 34.191127 ], [ 133.819522, 34.190972 ], [ 133.819512, 34.19083 ], [ 133.819275, 34.190661 ], [ 133.819576, 34.189725 ], [ 133.819533, 34.189614 ], [ 133.819726, 34.188864 ], [ 133.819737, 34.188713 ], [ 133.820027, 34.188127 ], [ 133.819517, 34.187821 ], [ 133.818718, 34.187382 ], [ 133.81846, 34.18728 ] ] } },
{ "type": "Feature", "properties": { "id": "AwNzI", "name": null, "_umap_options": null, "description": null }, "geometry": { "type": "LineString", "coordinates": [ [ 134.045713, 34.352371 ], [ 134.046271, 34.352424 ], [ 134.046957, 34.351272 ], [ 134.047097, 34.350997 ], [ 134.047226, 34.35051 ], [ 134.047236, 34.350297 ], [ 134.047472, 34.349916 ], [ 134.047601, 34.348475 ], [ 134.048975, 34.348457 ], [ 134.048631, 34.34656 ], [ 134.050627, 34.346277 ] ] } },
{ "type": "Feature", "properties": { "id": "Q2MDk", "name": null, "_umap_options": null, "description": null }, "geometry": { "type": "LineString", "coordinates": [ [ 134.047987, 34.351533 ], [ 134.047548, 34.352326 ], [ 134.047236, 34.352344 ], [ 134.047043, 34.352725 ], [ 134.046657, 34.352805 ], [ 134.046582, 34.353106 ], [ 134.046367, 34.352601 ], [ 134.04597, 34.352477 ], [ 134.045606, 34.352468 ] ] } },
{ "type": "Feature", "properties": { "id": "gyNTE", "name": null, "_umap_options": null, "description": null }, "geometry": { "type": "LineString", "coordinates": [ [ 134.052258, 34.338908 ], [ 134.051678, 34.339192 ], [ 134.050326, 34.339387 ], [ 134.050906, 34.341444 ], [ 134.050198, 34.341604 ], [ 134.049554, 34.341674 ], [ 134.04964, 34.342099 ], [ 134.050208, 34.34446 ], [ 134.050541, 34.346144 ], [ 134.053309, 34.345683 ], [ 134.054328, 34.345506 ] ] } },
{ "type": "Feature", "properties": { "id": "k1MDU", "name": null, "_umap_options": null, "description": null }, "geometry": { "type": "LineString", "coordinates": [ [ 133.828239, 33.876945 ], [ 133.829441, 33.876357 ], [ 133.830171, 33.87436 ], [ 133.833754, 33.873647 ], [ 133.834162, 33.874129 ], [ 133.835278, 33.874521 ], [ 133.834805, 33.875048 ], [ 133.83517, 33.875252 ], [ 133.835492, 33.875002 ], [ 133.836458, 33.875519 ], [ 133.836222, 33.875858 ] ] } },
{ "type": "Feature", "properties": { "id": "kwMDE", "name": null, "_umap_options": null, "description": null }, "geometry": { "type": "LineString", "coordinates": [ [ 135.941091, 33.629223 ], [ 135.940919, 33.629357 ], [ 135.940543, 33.629741 ], [ 135.93991, 33.629893 ], [ 135.939095, 33.630277 ], [ 135.938419, 33.629392 ], [ 135.938033, 33.629178 ], [ 135.937357, 33.630107 ], [ 135.937078, 33.630456 ], [ 135.936799, 33.630644 ], [ 135.937046, 33.630715 ], [ 135.937475, 33.630134 ], [ 135.93785, 33.63042 ], [ 135.93872, 33.629902 ], [ 135.939202, 33.630581 ], [ 135.939342, 33.630921 ], [ 135.940855, 33.630626 ], [ 135.941048, 33.630849 ], [ 135.941359, 33.630769 ], [ 135.941616, 33.630045 ], [ 135.941713, 33.62924 ], [ 135.941241, 33.62975 ], [ 135.941005, 33.629464 ] ] } },
{ "type": "Feature", "properties": { "id": "U3NDQ", "name": null, "_umap_options": null, "description": null }, "geometry": { "type": "LineString", "coordinates": [ [ 135.943344, 33.628953 ], [ 135.943676, 33.62914 ], [ 135.944878, 33.628077 ], [ 135.945758, 33.627818 ], [ 135.945725, 33.627621 ] ] } },
{ "type": "Feature", "properties": { "id": "I4MTk", "name": null, "_umap_options": null, "description": null }, "geometry": { "type": "LineString", "coordinates": [ [ 135.942914, 33.6269 ], [ 135.944164, 33.6282 ], [ 135.943231, 33.628938 ] ] } },
{ "type": "Feature", "properties": { "id": "AyMzQ", "name": null, "_umap_options": null, "description": null }, "geometry": { "type": "LineString", "coordinates": [ [ 135.941348, 33.629082 ], [ 135.941386, 33.629938 ], [ 135.941681, 33.629869 ], [ 135.942464, 33.629261 ], [ 135.943188, 33.628917 ], [ 135.942941, 33.628625 ], [ 135.94388, 33.627999 ], [ 135.94373, 33.627776 ], [ 135.9427, 33.628388 ], [ 135.942485, 33.628142 ], [ 135.943966, 33.627204 ], [ 135.943333, 33.626444 ], [ 135.944663, 33.625711 ], [ 135.943274, 33.626323 ], [ 135.942475, 33.625514 ], [ 135.941917, 33.624974 ], [ 135.941423, 33.625304 ], [ 135.941981, 33.625926 ], [ 135.941488, 33.626252 ], [ 135.94196, 33.626802 ], [ 135.942024, 33.627333 ], [ 135.94219, 33.627847 ], [ 135.9424, 33.628044 ] ] } },
{ "type": "Feature", "properties": { "id": "MxNDQ", "name": null, "_umap_options": null, "description": null }, "geometry": { "type": "LineString", "coordinates": [ [ 135.174236, 34.037099 ], [ 135.173475, 34.036992 ], [ 135.173045, 34.036992 ], [ 135.172949, 34.037294 ], [ 135.173678, 34.037099 ], [ 135.174569, 34.037188 ], [ 135.175223, 34.037232 ], [ 135.176253, 34.037481 ], [ 135.176414, 34.036859 ], [ 135.176554, 34.036182 ], [ 135.176682, 34.035293 ], [ 135.176822, 34.034608 ], [ 135.177455, 34.034572 ], [ 135.177444, 34.034056 ], [ 135.177552, 34.033798 ], [ 135.177648, 34.033318 ], [ 135.177948, 34.033247 ], [ 135.179569, 34.033256 ], [ 135.179515, 34.032277 ] ] } },
{ "type": "Feature", "properties": { "id": "M1MDk", "name": null, "_umap_options": null, "description": null }, "geometry": { "type": "LineString", "coordinates": [ [ 135.179451, 34.032224 ], [ 135.178871, 34.031646 ], [ 135.178292, 34.032179 ], [ 135.177852, 34.032686 ], [ 135.177605, 34.032855 ], [ 135.177326, 34.0325 ], [ 135.176586, 34.032713 ], [ 135.176039, 34.032855 ], [ 135.176007, 34.033576 ], [ 135.175052, 34.033647 ], [ 135.174966, 34.034305 ], [ 135.174912, 34.035186 ], [ 135.174708, 34.035844 ], [ 135.174429, 34.036601 ], [ 135.174279, 34.037019 ] ] } },
{ "type": "Feature", "properties": { "id": "c4OTg", "name": null, "_umap_options": null, "description": null }, "geometry": { "type": "LineString", "coordinates": [ [ 135.188905, 34.184415 ], [ 135.189455, 34.184464 ], [ 135.189748, 34.184473 ], [ 135.189984, 34.184488 ], [ 135.190016, 34.184737 ], [ 135.189919, 34.184839 ], [ 135.189852, 34.184899 ], [ 135.189825, 34.184961 ], [ 135.190016, 34.184957 ], [ 135.190056, 34.184981 ], [ 135.190035, 34.18475 ], [ 135.190026, 34.184482 ], [ 135.189951, 34.184264 ], [ 135.190002, 34.184217 ], [ 135.189978, 34.184064 ], [ 135.189804, 34.184066 ], [ 135.189804, 34.184222 ], [ 135.189938, 34.184246 ] ] } },
{ "type": "Feature", "properties": { "id": "gzODg", "name": null, "_umap_options": null, "description": null }, "geometry": { "type": "LineString", "coordinates": [ [ 135.187755, 34.18835 ], [ 135.188763, 34.188226 ], [ 135.188023, 34.186014 ], [ 135.187744, 34.185206 ], [ 135.18783, 34.184316 ], [ 135.188473, 34.184335 ], [ 135.188645, 34.184353 ], [ 135.188881, 34.184406 ] ] } },
{ "type": "Feature", "properties": { "id": "gwNjM", "name": null, "_umap_options": null, "description": null }, "geometry": { "type": "LineString", "coordinates": [ [ 135.888922, 33.671058 ], [ 135.889182, 33.670884 ], [ 135.889117, 33.671038 ], [ 135.888865, 33.671272 ], [ 135.888737, 33.67144 ], [ 135.888745, 33.67148 ], [ 135.888873, 33.671482 ], [ 135.889292, 33.671201 ], [ 135.889514, 33.671038 ], [ 135.889807, 33.671456 ], [ 135.889847, 33.671444 ], [ 135.889847, 33.671639 ], [ 135.889791, 33.671797 ], [ 135.889482, 33.67201 ], [ 135.889431, 33.672108 ], [ 135.889447, 33.672244 ], [ 135.889689, 33.672358 ], [ 135.889721, 33.67245 ], [ 135.889364, 33.67255 ] ] } },
{ "type": "Feature", "properties": { "id": "A4MzY", "name": null, "_umap_options": null, "description": null }, "geometry": { "type": "LineString", "coordinates": [ [ 135.889666, 33.669405 ], [ 135.889622, 33.66948 ], [ 135.889391, 33.669797 ], [ 135.889104, 33.670254 ], [ 135.889123, 33.670263 ], [ 135.889099, 33.670368 ], [ 135.889128, 33.670444 ], [ 135.889182, 33.6705 ], [ 135.889294, 33.670562 ], [ 135.889335, 33.670627 ], [ 135.88919, 33.670752 ], [ 135.889144, 33.670884 ], [ 135.888892, 33.671058 ] ] } },
{ "type": "Feature", "properties": { "id": "kyODE", "name": null, "_umap_options": null, "description": null }, "geometry": { "type": "LineString", "coordinates": [ [ 135.890098, 33.669168 ], [ 135.890078, 33.669191 ], [ 135.890078, 33.669235 ], [ 135.889988, 33.669398 ], [ 135.889921, 33.669452 ], [ 135.889944, 33.669537 ], [ 135.889852, 33.669551 ], [ 135.889619, 33.669467 ], [ 135.889648, 33.669415 ], [ 135.889583, 33.66939 ] ] } },
{ "type": "Feature", "properties": { "id": "UxMzM", "name": null, "_umap_options": null, "description": null }, "geometry": { "type": "LineString", "coordinates": [ [ 135.890477, 33.669279 ], [ 135.890472, 33.669342 ], [ 135.890499, 33.669389 ], [ 135.890488, 33.669413 ], [ 135.890086, 33.669172 ], [ 135.890064, 33.669065 ], [ 135.890121, 33.669058 ], [ 135.890249, 33.668915 ], [ 135.890259, 33.668698 ], [ 135.890261, 33.668602 ], [ 135.890304, 33.668573 ], [ 135.890369, 33.668673 ] ] } },
{ "type": "Feature", "properties": { "id": "UzMjg", "name": null, "_umap_options": null, "description": null }, "geometry": { "type": "LineString", "coordinates": [ [ 135.90133, 33.670565 ], [ 135.900621, 33.671218 ], [ 135.899709, 33.671316 ], [ 135.899452, 33.671423 ], [ 135.898626, 33.671432 ], [ 135.89795, 33.671387 ], [ 135.895793, 33.670208 ], [ 135.895075, 33.669958 ], [ 135.893648, 33.669118 ], [ 135.893401, 33.669056 ], [ 135.893304, 33.669118 ], [ 135.893186, 33.669342 ], [ 135.892744, 33.669314 ], [ 135.892717, 33.669437 ], [ 135.892626, 33.669539 ], [ 135.892572, 33.669731 ], [ 135.892202, 33.669601 ], [ 135.891843, 33.66944 ], [ 135.891679, 33.66936 ], [ 135.891593, 33.669494 ], [ 135.891467, 33.669697 ], [ 135.891003, 33.669469 ], [ 135.890724, 33.66934 ], [ 135.890625, 33.669338 ], [ 135.890499, 33.669242 ] ] } },
{ "type": "Feature", "properties": { "id": "M4NDg", "name": null, "_umap_options": null, "description": null }, "geometry": { "type": "LineString", "coordinates": [ [ 135.891674, 33.671044 ], [ 135.891126, 33.671585 ], [ 135.890021, 33.672219 ], [ 135.88971, 33.672496 ], [ 135.889362, 33.672559 ], [ 135.889104, 33.672567 ], [ 135.888707, 33.6725 ] ] } },
{ "type": "Feature", "properties": { "id": "UwOTU", "name": null, "_umap_options": null, "description": null }, "geometry": { "type": "LineString", "coordinates": [ [ 135.192733, 34.229586 ], [ 135.191628, 34.229524 ], [ 135.191274, 34.231086 ], [ 135.190727, 34.231042 ], [ 135.190158, 34.23098 ], [ 135.190104, 34.231335 ], [ 135.1893, 34.231372 ], [ 135.187744, 34.231159 ], [ 135.187658, 34.2317 ], [ 135.187401, 34.231683 ] ] } },
{ "type": "Feature", "properties": { "id": "YxMDk", "name": null, "_umap_options": null, "description": null }, "geometry": { "type": "LineString", "coordinates": [ [ 139.733176, 35.699953 ], [ 139.735944, 35.700956 ], [ 139.737328, 35.701566 ], [ 139.738133, 35.702228 ], [ 139.738165, 35.702185 ] ] } },
{ "type": "Feature", "properties": { "id": "YzODg", "name": null, "_umap_options": null, "description": null }, "geometry": { "type": "LineString", "coordinates": [ [ 139.733552, 35.704042 ], [ 139.730848, 35.704443 ], [ 139.731352, 35.707887 ], [ 139.731417, 35.708104 ], [ 139.731781, 35.708026 ] ] } },
{ "type": "Feature", "properties": { "id": "EzMTE", "name": null, "_umap_options": null, "description": null }, "geometry": { "type": "LineString", "coordinates": [ [ 142.357793, 43.748424 ], [ 142.359595, 43.749726 ], [ 142.361269, 43.749478 ], [ 142.362342, 43.749013 ], [ 142.3629, 43.75013 ], [ 142.362256, 43.751308 ], [ 142.3629, 43.752797 ], [ 142.363844, 43.7532 ], [ 142.364316, 43.753014 ], [ 142.363071, 43.752456 ], [ 142.361698, 43.751246 ], [ 142.36084, 43.750595 ], [ 142.359939, 43.750037 ], [ 142.359982, 43.750719 ], [ 142.359467, 43.750967 ], [ 142.360153, 43.751525 ], [ 142.359338, 43.752208 ], [ 142.357793, 43.753293 ], [ 142.359467, 43.754379 ], [ 142.354875, 43.757977 ], [ 142.360454, 43.762039 ], [ 142.357922, 43.762814 ] ] } },
{ "type": "Feature", "properties": { "id": "czMDI", "name": null, "_umap_options": null, "description": null }, "geometry": { "type": "LineString", "coordinates": [ [ 139.73588, 35.69099 ], [ 139.735343, 35.689351 ], [ 139.735622, 35.68888 ], [ 139.736311484279213, 35.687206214133624 ], [ 139.734934455058607, 35.68684671406217 ], [ 139.735352481786293, 35.685748231583609 ], [ 139.733729554490537, 35.685089134836183 ], [ 139.733483656415444, 35.684809516389187 ], [ 139.734614787560957, 35.684210330702676 ], [ 139.735991816781564, 35.684070520061638 ], [ 139.735844277936536, 35.68462976115574 ], [ 139.73729507657967, 35.685009243951328 ], [ 139.737688513499847, 35.683970655168039 ], [ 139.740811419053756, 35.68431019529627 ], [ 139.741401574434036, 35.68431019529627 ] ] } },
{ "type": "Feature", "properties": { "id": "MxMDU", "name": null, "_umap_options": null, "description": null }, "geometry": { "type": "LineString", "coordinates": [ [ 139.713795, 35.605004 ], [ 139.714149, 35.604921 ], [ 139.714277, 35.605641 ], [ 139.714202, 35.605641 ], [ 139.714288, 35.605886 ], [ 139.712942, 35.606099 ], [ 139.712287, 35.606191 ], [ 139.712217, 35.607841 ], [ 139.712153, 35.60846 ], [ 139.711874, 35.60932 ], [ 139.711627, 35.610165 ], [ 139.711456, 35.610603 ], [ 139.710479, 35.610485 ], [ 139.710748, 35.609307 ], [ 139.711214, 35.609324 ], [ 139.711912, 35.609355 ], [ 139.712207, 35.60846 ], [ 139.712309, 35.606204 ], [ 139.713382, 35.606047 ] ] } },
{ "type": "Feature", "properties": { "id": "A4MTI", "name": null, "_umap_options": null, "description": null }, "geometry": { "type": "LineString", "coordinates": [ [ 139.706419, 35.721224 ], [ 139.706504, 35.721712 ], [ 139.705582, 35.722174 ], [ 139.704766, 35.722548 ], [ 139.704466, 35.722601 ], [ 139.70365, 35.722583 ], [ 139.702932, 35.722592 ], [ 139.702213, 35.722548 ], [ 139.702299, 35.722635 ], [ 139.702814, 35.722635 ], [ 139.704326, 35.722705 ], [ 139.704573, 35.722705 ], [ 139.704831, 35.723141 ], [ 139.705335, 35.723001 ], [ 139.705346, 35.722871 ], [ 139.705979, 35.722688 ], [ 139.705914, 35.723516 ], [ 139.70585, 35.72471 ], [ 139.705861, 35.724962 ], [ 139.705861, 35.725459 ], [ 139.706365, 35.725459 ], [ 139.706837, 35.725389 ], [ 139.707266, 35.725198 ], [ 139.707599, 35.72518 ], [ 139.708275, 35.725006 ], [ 139.708221, 35.725564 ], [ 139.70821, 35.725834 ], [ 139.708253, 35.725921 ], [ 139.708779, 35.725921 ], [ 139.708779, 35.726182 ], [ 139.708908, 35.726435 ], [ 139.709036, 35.726688 ], [ 139.709036, 35.727254 ], [ 139.708972, 35.726879 ], [ 139.708833, 35.7264 ], [ 139.708693, 35.726644 ], [ 139.708693, 35.726993 ], [ 139.708639, 35.727594 ], [ 139.710227, 35.727045 ], [ 139.711043, 35.726862 ], [ 139.709712, 35.727298 ], [ 139.708296, 35.727838 ], [ 139.708768, 35.728701 ], [ 139.707159, 35.729145 ], [ 139.708307, 35.731437 ], [ 139.709519, 35.730888 ], [ 139.710163, 35.730322 ] ] } },
{ "type": "Feature", "properties": { "id": "c3OTQ", "name": null, "_umap_options": null, "description": null }, "geometry": { "type": "LineString", "coordinates": [ [ 134.552726, 34.071818 ], [ 134.552034, 34.07056 ], [ 134.550966, 34.070969 ] ] } },
{ "type": "Feature", "properties": { "id": "EyNzU", "name": null, "_umap_options": null, "description": null }, "geometry": { "type": "LineString", "coordinates": [ [ 134.550912, 34.070987 ], [ 134.550591, 34.071049 ], [ 134.550129, 34.070413 ], [ 134.550177, 34.070271 ], [ 134.549496, 34.069871 ], [ 134.549266, 34.070169 ], [ 134.548273, 34.069724 ], [ 134.548375, 34.0694 ], [ 134.548268, 34.068679 ], [ 134.549239, 34.068577 ], [ 134.547393, 34.070827 ], [ 134.549201, 34.071854 ], [ 134.549888, 34.072792 ], [ 134.550537, 34.073579 ], [ 134.550891, 34.073526 ], [ 134.551352, 34.073317 ], [ 134.551835, 34.07271 ], [ 134.552693, 34.071827 ] ] } },
{ "type": "Feature", "properties": { "id": "QzMzY", "name": null, "_umap_options": null, "description": null }, "geometry": { "type": "LineString", "coordinates": [ [ 134.072935, 34.323539 ], [ 134.072471, 34.323805 ], [ 134.072543, 34.324742 ], [ 134.07228, 34.324718 ] ] } },
{ "type": "Feature", "properties": { "id": "UzODY", "name": null, "_umap_options": null, "description": null }, "geometry": { "type": "LineString", "coordinates": [ [ 134.121759, 34.344595 ], [ 134.121721, 34.344941 ], [ 134.121979, 34.345127 ], [ 134.12221, 34.345326 ], [ 134.122344, 34.345481 ], [ 134.122714, 34.345632 ], [ 134.123234, 34.345885 ], [ 134.123041, 34.346612 ], [ 134.124066, 34.347063 ], [ 134.1245, 34.347369 ], [ 134.125289, 34.348269 ], [ 134.125836, 34.348752 ], [ 134.126694, 34.349416 ], [ 134.12722, 34.349877 ], [ 134.12796, 34.350343 ], [ 134.128346, 34.350768 ], [ 134.128647, 34.351122 ], [ 134.130154, 34.35204 ], [ 134.130272, 34.352443 ], [ 134.130331, 34.352664 ], [ 134.13098, 34.353023 ], [ 134.13112, 34.353524 ], [ 134.13134, 34.353786 ], [ 134.131796, 34.354007 ], [ 134.132091, 34.354415 ], [ 134.132659, 34.354632 ], [ 134.133287, 34.355124 ] ] } },
{ "type": "Feature", "properties": { "id": "MyODk", "name": null, "_umap_options": null, "description": null }, "geometry": { "type": "LineString", "coordinates": [ [ 134.130334, 34.352666 ], [ 134.130642, 34.352868 ], [ 134.130506, 34.353164 ], [ 134.130283, 34.353429 ], [ 134.12994, 34.353305 ], [ 134.129983, 34.353133 ], [ 134.129511, 34.352969 ], [ 134.12928, 34.353039 ] ] } },
{ "type": "Feature", "properties": { "id": "g3MDI", "name": null, "_umap_options": null, "description": null }, "geometry": { "type": "LineString", "coordinates": [ [ 134.139875, 34.358108 ], [ 134.140111, 34.358193 ], [ 134.14043, 34.358348 ], [ 134.140601, 34.358543 ], [ 134.140486, 34.358749 ], [ 134.140491, 34.358789 ], [ 134.1408, 34.358975 ], [ 134.140998, 34.359108 ], [ 134.141098, 34.359252 ], [ 134.141092, 34.359325 ], [ 134.141001, 34.359429 ], [ 134.140682, 34.359586 ], [ 134.140454, 34.359599 ], [ 134.140062, 34.359619 ], [ 134.139947, 34.359635 ], [ 134.139813, 34.359726 ], [ 134.139692, 34.359814 ], [ 134.138391, 34.359079 ] ] } },
{ "type": "Feature", "properties": { "id": "M0Mzc", "name": null, "_umap_options": null, "description": null }, "geometry": { "type": "LineString", "coordinates": [ [ 134.139703, 34.35983 ], [ 134.139749, 34.35985 ], [ 134.139714, 34.359989 ], [ 134.139799, 34.360067 ], [ 134.139775, 34.36018 ], [ 134.139821, 34.360271 ], [ 134.139824, 34.360328 ], [ 134.139738, 34.360459 ], [ 134.139727, 34.360605 ], [ 134.13962, 34.360599 ], [ 134.139593, 34.360645 ], [ 134.139687, 34.360696 ], [ 134.139767, 34.360709 ] ] } },
{ "type": "Feature", "properties": { "id": "QxOTc", "name": null, "_umap_options": null, "description": null }, "geometry": { "type": "LineString", "coordinates": [ [ 134.072165, 34.324771 ], [ 134.070861, 34.324918 ], [ 134.070615, 34.32556 ], [ 134.070416, 34.326088 ], [ 134.070518, 34.32607 ] ] } },
{ "type": "Feature", "properties": { "id": "Q1MzE", "name": null, "_umap_options": null, "description": null }, "geometry": { "type": "LineString", "coordinates": [ [ 134.037516, 34.339303 ], [ 134.039705, 34.338842 ], [ 134.041507, 34.33831 ], [ 134.041142, 34.336289 ], [ 134.041443, 34.335899 ], [ 134.041657, 34.335881 ], [ 134.042215, 34.335137 ], [ 134.042451, 34.334516 ], [ 134.042859, 34.334516 ], [ 134.042902, 34.333559 ], [ 134.043181, 34.332353 ] ] } },
{ "type": "Feature", "properties": { "id": "E4OTU", "name": null, "_umap_options": null, "description": null }, "geometry": { "type": "LineString", "coordinates": [ [ 134.043245, 34.332199 ], [ 134.043417, 34.332066 ], [ 134.043546, 34.331889 ], [ 134.043546, 34.331721 ], [ 134.043546, 34.331384 ], [ 134.043417, 34.331207 ], [ 134.043063, 34.331153 ], [ 134.043084, 34.330914 ], [ 134.043278, 34.330852 ], [ 134.043363, 34.330613 ], [ 134.04332, 34.330418 ], [ 134.043213, 34.330276 ], [ 134.043224, 34.330134 ], [ 134.043438, 34.32993 ], [ 134.043492, 34.329788 ], [ 134.043492, 34.329629 ], [ 134.043004, 34.329414 ], [ 134.042918, 34.329281 ], [ 134.043438, 34.329188 ], [ 134.043326, 34.328993 ], [ 134.043245, 34.328815 ], [ 134.043406, 34.328838 ], [ 134.043642, 34.329188 ], [ 134.043766, 34.329135 ], [ 134.043792, 34.329019 ], [ 134.043846, 34.328629 ], [ 134.043857, 34.328576 ], [ 134.044093, 34.328496 ], [ 134.044409, 34.328403 ], [ 134.044442, 34.328359 ], [ 134.044345, 34.328279 ], [ 134.043959, 34.328315 ], [ 134.043921, 34.32827 ], [ 134.0439, 34.328035 ], [ 134.04376, 34.327942 ], [ 134.043964, 34.327867 ], [ 134.04405, 34.327761 ], [ 134.044061, 34.327472 ], [ 134.0439, 34.327286 ], [ 134.043921, 34.327131 ], [ 134.04405, 34.327109 ] ] } },
{ "type": "Feature", "properties": { "id": "YzODY", "name": null, "_umap_options": null, "description": null }, "geometry": { "type": "LineString", "coordinates": [ [ 134.044114, 34.327131 ], [ 134.044248, 34.327105 ], [ 134.044399, 34.327136 ], [ 134.044463, 34.327251 ], [ 134.044415, 34.327495 ], [ 134.044415, 34.327676 ], [ 134.044517, 34.327827 ], [ 134.044715, 34.328053 ], [ 134.044887, 34.328443 ], [ 134.044999, 34.328749 ], [ 134.045048, 34.329055 ], [ 134.044978, 34.329099 ], [ 134.045005, 34.329241 ], [ 134.045058, 34.329374 ], [ 134.045214, 34.329374 ], [ 134.045289, 34.329485 ], [ 134.045257, 34.329715 ], [ 134.04523, 34.329986 ], [ 134.045332, 34.330043 ], [ 134.046024, 34.329941 ] ] } },
{ "type": "Feature", "properties": { "id": "g0NjY", "name": null, "_umap_options": null, "description": null }, "geometry": { "type": "LineString", "coordinates": [ [ 134.046131, 34.329959 ], [ 134.047086, 34.329631 ], [ 134.047891, 34.32949 ], [ 134.048631, 34.329383 ], [ 134.049715, 34.329286 ], [ 134.049921, 34.329267 ], [ 134.051155, 34.32907 ], [ 134.051126, 34.328966 ] ] } },
{ "type": "Feature", "properties": { "id": "g0MzQ", "name": null, "_umap_options": null, "description": null }, "geometry": { "type": "LineString", "coordinates": [ [ 134.049157, 34.350823 ], [ 134.049243, 34.352001 ], [ 134.049232, 34.35248 ], [ 134.048964, 34.352861 ], [ 134.048717, 34.353357 ], [ 134.048234, 34.353792 ], [ 134.048706, 34.354093 ] ] } },
{ "type": "Feature", "properties": { "id": "YyOTQ", "name": null, "_umap_options": null, "description": null }, "geometry": { "type": "LineString", "coordinates": [ [ 133.973953, 34.456791 ], [ 133.974178, 34.456959 ], [ 133.974302, 34.457092 ], [ 133.974817, 34.457499 ], [ 133.974994, 34.457436 ] ] } },
{ "type": "Feature", "properties": { "id": "g4MzQ", "name": null, "_umap_options": null, "description": null }, "geometry": { "type": "LineString", "coordinates": [ [ 133.974946, 34.457428 ], [ 133.97516, 34.457039 ], [ 133.975286, 34.457083 ], [ 133.975509, 34.456791 ] ] } },
{ "type": "Feature", "properties": { "id": "I4MjI", "name": null, "_umap_options": null, "description": null }, "geometry": { "type": "LineString", "coordinates": [ [ 134.047086, 34.350903 ], [ 134.046561, 34.350753 ], [ 134.046153, 34.35054 ] ] } },
{ "type": "Feature", "properties": { "id": "g3MzU", "name": null, "_umap_options": null, "description": null }, "geometry": { "type": "LineString", "coordinates": [ [ 139.71513, 35.616052 ], [ 139.714916, 35.615564 ], [ 139.71689, 35.615267 ], [ 139.718091, 35.615128 ], [ 139.717813, 35.614151 ], [ 139.717641, 35.612947 ], [ 139.717512, 35.612058 ], [ 139.717104, 35.611028 ], [ 139.717834, 35.610767 ], [ 139.717577, 35.609999 ], [ 139.718306, 35.609772 ] ] } },
{ "type": "Feature", "properties": { "id": "QwMjg", "name": null, "_umap_options": null, "description": null }, "geometry": { "type": "LineString", "coordinates": [ [ 139.717968, 35.608887 ], [ 139.718392, 35.60979 ] ] } },
{ "type": "Feature", "properties": { "id": "Y4ODY", "name": null, "_umap_options": null, "description": null }, "geometry": { "type": "LineString", "coordinates": [ [ 140.459111, 36.375392 ], [ 140.457115, 36.374476 ], [ 140.456579, 36.374096 ], [ 140.455678, 36.374545 ], [ 140.455527, 36.373336 ] ] } },
{ "type": "Feature", "properties": { "id": "QwNTE", "name": null, "_umap_options": null, "description": null }, "geometry": { "type": "LineString", "coordinates": [ [ 140.455484, 36.373509 ], [ 140.455055, 36.374304 ], [ 140.454476, 36.373613 ], [ 140.453746, 36.373647 ], [ 140.453188, 36.37363 ], [ 140.452738, 36.373889 ], [ 140.453489, 36.374684 ], [ 140.452888, 36.374839 ], [ 140.452437, 36.374165 ], [ 140.452158, 36.374787 ], [ 140.451772, 36.375237 ], [ 140.451515, 36.374943 ], [ 140.451107, 36.375357 ], [ 140.450764, 36.375409 ] ] } },
{ "type": "Feature", "properties": { "id": "U1ODU", "name": null, "_umap_options": null, "description": null }, "geometry": { "type": "LineString", "coordinates": [ [ 140.450742, 36.375504 ], [ 140.451182, 36.375418 ], [ 140.451365, 36.375392 ], [ 140.451472, 36.375522 ], [ 140.452244, 36.375833 ], [ 140.452491, 36.37591 ], [ 140.453532, 36.37585 ], [ 140.453746, 36.376014 ], [ 140.454068, 36.375988 ], [ 140.454251, 36.376066 ], [ 140.454819, 36.37604 ], [ 140.454841, 36.375997 ] ] } },
{ "type": "Feature", "properties": { "id": "EzNjc", "name": null, "_umap_options": null, "description": null }, "geometry": { "type": "LineString", "coordinates": [ [ 139.162644, 35.796565 ], [ 139.162177, 35.796252 ], [ 139.161839, 35.795969 ], [ 139.161496, 35.79583 ], [ 139.161506, 35.795934 ], [ 139.161474, 35.796108 ], [ 139.161351, 35.796 ] ] } },
{ "type": "Feature", "properties": { "id": "E5Njg", "name": null, "_umap_options": null, "description": null }, "geometry": { "type": "LineString", "coordinates": [ [ 139.655161, 35.659977 ], [ 139.655196, 35.659868 ], [ 139.655644, 35.659848 ], [ 139.655805, 35.659794 ], [ 139.655974, 35.659558 ], [ 139.656006, 35.659295 ], [ 139.655969, 35.658935 ], [ 139.655867, 35.658325 ], [ 139.655859, 35.657957 ], [ 139.655827, 35.657802 ], [ 139.655491, 35.657451 ], [ 139.655609, 35.657026 ], [ 139.655599, 35.656993 ], [ 139.655623, 35.656887 ], [ 139.654499, 35.656817 ], [ 139.654518, 35.656632 ], [ 139.654641, 35.656446 ], [ 139.655001, 35.656191 ], [ 139.653732, 35.655825 ], [ 139.653418, 35.655117 ], [ 139.65311, 35.654433 ], [ 139.653971, 35.654219 ], [ 139.654228, 35.654901 ], [ 139.654523, 35.655568 ], [ 139.653673, 35.655801 ], [ 139.653169, 35.655662 ], [ 139.653005, 35.655208 ], [ 139.653418, 35.655089 ], [ 139.65326, 35.654666 ] ] } },
{ "type": "Feature", "properties": { "id": "Q0Njc", "name": null, "_umap_options": null, "description": null }, "geometry": { "type": "LineString", "coordinates": [ [ 139.647158, 35.647731 ], [ 139.647303, 35.648064 ], [ 139.647332, 35.64816 ], [ 139.646621, 35.64831 ], [ 139.646662, 35.648367 ], [ 139.64734, 35.648177 ], [ 139.647466, 35.648132 ], [ 139.647547, 35.648341 ], [ 139.647421, 35.648389 ], [ 139.647445, 35.64853 ], [ 139.647391, 35.648548 ], [ 139.647391, 35.648637 ], [ 139.647289, 35.648655 ], [ 139.647238, 35.64869 ], [ 139.647268, 35.648803 ], [ 139.647351, 35.648986 ], [ 139.647684, 35.64894 ], [ 139.647515, 35.648389 ], [ 139.647592, 35.648341 ], [ 139.64763, 35.648036 ], [ 139.647429, 35.648057 ], [ 139.647346, 35.647696 ], [ 139.647123, 35.647672 ] ] } },
{ "type": "Feature", "properties": { "id": "IzNTE", "name": null, "_umap_options": null, "description": null }, "geometry": { "type": "LineString", "coordinates": [ [ 139.655988, 35.646113 ], [ 139.656124, 35.64712 ], [ 139.655926, 35.647122 ], [ 139.655904, 35.647434 ], [ 139.656014, 35.647434 ], [ 139.655998, 35.647197 ], [ 139.656149, 35.647168 ], [ 139.656009, 35.646126 ] ] } },
{ "type": "Feature", "properties": { "id": "E0MjM", "name": null, "_umap_options": null, "description": null }, "geometry": { "type": "LineString", "coordinates": [ [ 139.655102, 35.674476 ], [ 139.656165, 35.675017 ], [ 139.656165, 35.675113 ], [ 139.657677, 35.676028 ], [ 139.657452, 35.676498 ], [ 139.657162, 35.678965 ], [ 139.657055, 35.680106 ] ] } },
{ "type": "Feature", "properties": { "id": "c3NDU", "name": null, "_umap_options": null, "description": null }, "geometry": { "type": "LineString", "coordinates": [ [ 142.360936, 43.768847 ], [ 142.361269, 43.769506 ], [ 142.360711, 43.769668 ], [ 142.360979, 43.770048 ] ] } },
{ "type": "Feature", "properties": { "id": "IwNzM", "name": null, "_umap_options": null, "description": null }, "geometry": { "type": "LineString", "coordinates": [ [ 142.354681, 43.757999 ], [ 142.351034, 43.761006 ], [ 142.353222, 43.762602 ], [ 142.351785, 43.763036 ], [ 142.349017, 43.763811 ], [ 142.347944, 43.764121 ], [ 142.34597, 43.764694 ], [ 142.343888, 43.765221 ], [ 142.342021, 43.765608 ], [ 142.342322, 43.765113 ], [ 142.341828, 43.764989 ], [ 142.340949, 43.764663 ], [ 142.341464, 43.763687 ], [ 142.342751, 43.764074 ] ] } },
{ "type": "Feature", "properties": { "id": "Y4MDU", "name": null, "_umap_options": null, "description": null }, "geometry": { "type": "LineString", "coordinates": [ [ 142.344253, 43.761703 ], [ 142.348158, 43.75879 ], [ 142.351999, 43.75583 ], [ 142.352364, 43.756108 ], [ 142.352793, 43.75583 ], [ 142.35481, 43.757178 ], [ 142.35584, 43.756279 ], [ 142.356291, 43.756682 ], [ 142.357514, 43.755799 ] ] } },
{ "type": "Feature", "properties": { "id": "M5ODg", "name": null, "_umap_options": null, "description": null }, "geometry": { "type": "LineString", "coordinates": [ [ 142.35863, 43.767685 ], [ 142.358844, 43.768165 ], [ 142.359188, 43.768057 ] ] } },
{ "type": "Feature", "properties": { "id": "kzNjA", "name": null, "_umap_options": null, "description": null }, "geometry": { "type": "LineString", "coordinates": [ [ 139.65091, 35.666998 ], [ 139.650639, 35.666909 ], [ 139.650462, 35.667425 ], [ 139.650277, 35.668146 ], [ 139.650138, 35.668336 ], [ 139.650071, 35.668632 ], [ 139.650022, 35.668778 ] ] } },
{ "type": "Feature", "properties": { "id": "A0NzI", "name": null, "_umap_options": null, "description": null }, "geometry": { "type": "LineString", "coordinates": [ [ 140.875033, 38.260769 ], [ 140.875191, 38.260434 ], [ 140.875282, 38.26039 ], [ 140.876471, 38.260594 ], [ 140.878946, 38.261018 ], [ 140.878997, 38.261087 ], [ 140.879383, 38.261119 ], [ 140.879397, 38.261108 ], [ 140.87945, 38.261083 ], [ 140.880834, 38.261123 ], [ 140.880907, 38.261188 ], [ 140.881754, 38.261152 ], [ 140.881757, 38.261129 ], [ 140.881872, 38.261123 ], [ 140.881875, 38.261163 ], [ 140.881964, 38.261157 ], [ 140.88194, 38.260735 ] ] } },
{ "type": "Feature", "properties": { "id": "c0NjI", "name": null, "_umap_options": null, "description": null }, "geometry": { "type": "LineString", "coordinates": [ [ 140.435159, 38.309761 ], [ 140.435051, 38.310009 ], [ 140.4351, 38.310051 ], [ 140.434965, 38.310586 ], [ 140.435636, 38.310704 ], [ 140.435427, 38.311546 ], [ 140.435759, 38.311621 ], [ 140.436435, 38.311609 ], [ 140.437052, 38.311642 ], [ 140.437337, 38.31171 ], [ 140.437642, 38.311878 ], [ 140.437524, 38.31227 ], [ 140.437497, 38.312362 ], [ 140.436296, 38.312265 ], [ 140.436103, 38.312257 ], [ 140.43591, 38.312417 ], [ 140.435679, 38.31248 ], [ 140.435448, 38.31248 ], [ 140.435298, 38.31251 ], [ 140.435228, 38.312543 ], [ 140.435236, 38.312619 ], [ 140.435183, 38.312697 ], [ 140.435089, 38.312674 ], [ 140.435, 38.312674 ], [ 140.43489, 38.312642 ], [ 140.434826, 38.312644 ], [ 140.434778, 38.312678 ], [ 140.434791, 38.312726 ], [ 140.434834, 38.312787 ], [ 140.434888, 38.312886 ], [ 140.43489, 38.313008 ], [ 140.435081, 38.313202 ], [ 140.43522, 38.313246 ], [ 140.435419, 38.313316 ], [ 140.435432, 38.313349 ], [ 140.435397, 38.313379 ], [ 140.435279, 38.313362 ], [ 140.435236, 38.313387 ], [ 140.435298, 38.313442 ], [ 140.435438, 38.313534 ], [ 140.43547, 38.313579 ], [ 140.435451, 38.313785 ], [ 140.435379, 38.31381 ], [ 140.435279, 38.313806 ], [ 140.435172, 38.313781 ], [ 140.43511, 38.313812 ], [ 140.434982, 38.314084 ], [ 140.435097, 38.314126 ], [ 140.435081, 38.314159 ], [ 140.434936, 38.314134 ], [ 140.434869, 38.313995 ], [ 140.434778, 38.313856 ], [ 140.43474, 38.313789 ], [ 140.434729, 38.313671 ], [ 140.434687, 38.313604 ], [ 140.434649, 38.313566 ], [ 140.434542, 38.313587 ], [ 140.434633, 38.313608 ], [ 140.434687, 38.313697 ], [ 140.43467, 38.313785 ], [ 140.434719, 38.313953 ], [ 140.434794, 38.314075 ], [ 140.434799, 38.314349 ], [ 140.434788, 38.314425 ], [ 140.434676, 38.314593 ], [ 140.434622, 38.314606 ], [ 140.434547, 38.314841 ], [ 140.434526, 38.315157 ], [ 140.434536, 38.315283 ], [ 140.43451, 38.315397 ] ] } },
{ "type": "Feature", "properties": { "id": "gyOTc", "name": null, "_umap_options": null, "description": null }, "geometry": { "type": "LineString", "coordinates": [ [ 140.437685, 38.31192 ], [ 140.4382, 38.312013 ], [ 140.438812, 38.312105 ], [ 140.43996, 38.31235 ], [ 140.44084, 38.312611 ], [ 140.441505, 38.312888 ], [ 140.442256, 38.313284 ], [ 140.442889, 38.313873 ], [ 140.443565, 38.314505 ], [ 140.444069, 38.315018 ], [ 140.444605, 38.315447 ], [ 140.445244, 38.315797 ], [ 140.445177, 38.315915 ], [ 140.445244, 38.316039 ], [ 140.445287, 38.316079 ], [ 140.44548, 38.316186 ], [ 140.445512, 38.316262 ], [ 140.445488, 38.31634 ], [ 140.445402, 38.316453 ], [ 140.44512, 38.31667 ], [ 140.444933, 38.316746 ], [ 140.444469, 38.316906 ], [ 140.444112, 38.317121 ], [ 140.443672, 38.317381 ], [ 140.443468, 38.317491 ], [ 140.443318, 38.317556 ], [ 140.443278, 38.317619 ], [ 140.443211, 38.317701 ], [ 140.4432, 38.317823 ], [ 140.443178, 38.317857 ], [ 140.443178, 38.317769 ], [ 140.443186, 38.317666 ], [ 140.443232, 38.317594 ], [ 140.443232, 38.317558 ], [ 140.443181, 38.317552 ], [ 140.443039, 38.317438 ], [ 140.442942, 38.317384 ], [ 140.442816, 38.317337 ], [ 140.44261, 38.317301 ], [ 140.442551, 38.317247 ], [ 140.442532, 38.31719 ], [ 140.442556, 38.31711 ], [ 140.442674, 38.317049 ], [ 140.442808, 38.316948 ], [ 140.442846, 38.316876 ], [ 140.442975, 38.316687 ], [ 140.443039, 38.31663 ], [ 140.443144, 38.31662 ], [ 140.443216, 38.316601 ], [ 140.443291, 38.316542 ], [ 140.443355, 38.316409 ], [ 140.443406, 38.31619 ], [ 140.443358, 38.316072 ], [ 140.443278, 38.315965 ], [ 140.443063, 38.315776 ], [ 140.44302, 38.315658 ], [ 140.442932, 38.315586 ], [ 140.442819, 38.315565 ], [ 140.44269, 38.315593 ], [ 140.442623, 38.315622 ], [ 140.442559, 38.315719 ], [ 140.442438, 38.31578 ], [ 140.442315, 38.315835 ], [ 140.442232, 38.315904 ], [ 140.442186, 38.315997 ], [ 140.442216, 38.316127 ], [ 140.442342, 38.316529 ], [ 140.442331, 38.316796 ], [ 140.442312, 38.316874 ], [ 140.44225, 38.31691 ], [ 140.441896, 38.316982 ], [ 140.441786, 38.316958 ], [ 140.441703, 38.316904 ], [ 140.441655, 38.316832 ], [ 140.44166, 38.316712 ], [ 140.441642, 38.316588 ], [ 140.44162, 38.31646 ], [ 140.441577, 38.316317 ], [ 140.441505, 38.316186 ], [ 140.441296, 38.316009 ], [ 140.441207, 38.315908 ], [ 140.441156, 38.31579 ], [ 140.441137, 38.315637 ], [ 140.441137, 38.315591 ], [ 140.44122, 38.315475 ], [ 140.441285, 38.315382 ], [ 140.441357, 38.31529 ], [ 140.441408, 38.315224 ], [ 140.441451, 38.31509 ], [ 140.441497, 38.314978 ], [ 140.441561, 38.314877 ], [ 140.441709, 38.314679 ], [ 140.441792, 38.314568 ], [ 140.441883, 38.314452 ], [ 140.441942, 38.314347 ], [ 140.441977, 38.314258 ], [ 140.441977, 38.314143 ], [ 140.441945, 38.313991 ], [ 140.441886, 38.313871 ], [ 140.44177, 38.313675 ], [ 140.441668, 38.313534 ], [ 140.441523, 38.313387 ], [ 140.441387, 38.313271 ], [ 140.441199, 38.313162 ], [ 140.440974, 38.313149 ], [ 140.439898, 38.312924 ], [ 140.438621, 38.312693 ], [ 140.438603, 38.312516 ], [ 140.438589, 38.312375 ], [ 140.438485, 38.312251 ], [ 140.438273, 38.312143 ], [ 140.438077, 38.312032 ], [ 140.438055, 38.311996 ] ] } },
{ "type": "Feature", "properties": { "id": "E5NTg", "name": null, "_umap_options": null, "description": null }, "geometry": { "type": "LineString", "coordinates": [ [ 139.646986, 35.653757 ], [ 139.646498, 35.653578 ], [ 139.646342, 35.65404 ], [ 139.644524, 35.65384 ], [ 139.642807, 35.653674 ], [ 139.642689, 35.652933 ], [ 139.641466, 35.652741 ], [ 139.641445, 35.65353 ], [ 139.640924, 35.653408 ], [ 139.638221, 35.652061 ], [ 139.637877, 35.651878 ], [ 139.63725, 35.651691 ], [ 139.637475, 35.651473 ], [ 139.63748, 35.651377 ] ] } },
{ "type": "Feature", "properties": { "id": "M1MDk", "name": null, "_umap_options": null, "description": null }, "geometry": { "type": "LineString", "coordinates": [ [ 139.637491, 35.651312 ], [ 139.637904, 35.651089 ], [ 139.639513, 35.650793 ], [ 139.6399, 35.650706 ], [ 139.640651, 35.650688 ], [ 139.641767, 35.650741 ], [ 139.642754, 35.65088 ], [ 139.643354, 35.651002 ], [ 139.645092, 35.650566 ], [ 139.645844, 35.650496 ], [ 139.645929, 35.650897 ], [ 139.646637, 35.652013 ], [ 139.646831, 35.652571 ], [ 139.646949, 35.653683 ] ] } },
{ "type": "Feature", "properties": { "id": "IyNzM", "name": null, "_umap_options": null, "description": null }, "geometry": { "type": "LineString", "coordinates": [ [ 139.669737, 35.663006 ], [ 139.669522, 35.66291 ], [ 139.66905, 35.661664 ], [ 139.66831, 35.661986 ], [ 139.668117, 35.662134 ], [ 139.668288, 35.662439 ], [ 139.66772, 35.662561 ], [ 139.667848, 35.662884 ] ] } },
{ "type": "Feature", "properties": { "id": "Y0MDk", "name": null, "_umap_options": null, "description": null }, "geometry": { "type": "LineString", "coordinates": [ [ 139.667827, 35.662875 ], [ 139.667602, 35.662317 ], [ 139.667205, 35.66169 ], [ 139.666647, 35.661803 ] ] } },
{ "type": "Feature", "properties": { "id": "gwNzM", "name": null, "_umap_options": null, "description": null }, "geometry": { "type": "LineString", "coordinates": [ [ 139.666497, 35.661768 ], [ 139.665896, 35.661855 ], [ 139.665864, 35.661463 ], [ 139.664973, 35.660155 ] ] } },
{ "type": "Feature", "properties": { "id": "UzOTk", "name": null, "_umap_options": null, "description": null }, "geometry": { "type": "LineString", "coordinates": [ [ 139.667344, 35.660199 ], [ 139.667548, 35.660783 ], [ 139.66758, 35.661254 ], [ 139.668546, 35.660949 ], [ 139.668417, 35.660574 ], [ 139.667752, 35.66074 ], [ 139.667891, 35.661219 ], [ 139.667344, 35.661245 ], [ 139.667226, 35.660679 ], [ 139.666979, 35.660513 ], [ 139.666765, 35.660748 ], [ 139.667248, 35.661184 ] ] } },
{ "type": "Feature", "properties": { "id": "k4MjU", "name": null, "_umap_options": null, "description": null }, "geometry": { "type": "LineString", "coordinates": [ [ 139.668674, 35.660896 ], [ 139.669125, 35.660644 ] ] } },
{ "type": "Feature", "properties": { "id": "g1MjY", "name": null, "_umap_options": null, "description": null }, "geometry": { "type": "LineString", "coordinates": [ [ 139.669586, 35.663084 ], [ 139.668664, 35.663442 ], [ 139.668267, 35.663729 ], [ 139.667698, 35.664157 ], [ 139.667183, 35.663267 ], [ 139.666936, 35.662579 ], [ 139.66669, 35.661847 ] ] } },
{ "type": "Feature", "properties": { "id": "k3NDk", "name": null, "_umap_options": null, "description": null }, "geometry": { "type": "LineString", "coordinates": [ [ 139.658217, 35.67211 ], [ 139.658257, 35.672123 ], [ 139.658198, 35.67228 ], [ 139.658158, 35.67228 ], [ 139.658335, 35.671753 ], [ 139.658469, 35.671785 ], [ 139.658517, 35.671801 ], [ 139.658536, 35.671217 ], [ 139.65864, 35.671212 ], [ 139.658656, 35.67101 ], [ 139.658705, 35.671016 ], [ 139.65874, 35.670973 ] ] } },
{ "type": "Feature", "properties": { "id": "ExMDQ", "name": null, "_umap_options": null, "description": null }, "geometry": { "type": "LineString", "coordinates": [ [ 139.711139, 35.729335 ], [ 139.710726, 35.729426 ], [ 139.710528, 35.72886 ], [ 139.710292, 35.728934 ], [ 139.710227, 35.728808 ], [ 139.710152, 35.728816 ], [ 139.709439, 35.729038 ], [ 139.709144, 35.728525 ], [ 139.708806, 35.728638 ] ] } },
{ "type": "Feature", "properties": { "id": "AyODA", "name": null, "_umap_options": null, "description": null }, "geometry": { "type": "LineString", "coordinates": [ [ 139.708795, 35.728755 ], [ 139.709187, 35.72957 ], [ 139.709321, 35.729844 ], [ 139.709358, 35.730044 ], [ 139.709364, 35.730232 ], [ 139.709793, 35.730245 ] ] } },
{ "type": "Feature", "properties": { "id": "M2MTg", "name": null, "_umap_options": null, "description": null }, "geometry": { "type": "LineString", "coordinates": [ [ 139.711064, 35.726926 ], [ 139.711869, 35.726761 ], [ 139.713993, 35.728982 ], [ 139.716632, 35.727344 ], [ 139.716783, 35.727649 ], [ 139.717748, 35.726935 ], [ 139.717888, 35.727188 ], [ 139.718392, 35.727196 ], [ 139.718456, 35.727632 ], [ 139.719154, 35.728529 ], [ 139.717555, 35.729461 ], [ 139.717727, 35.729748 ], [ 139.718059, 35.729443 ] ] } },
{ "type": "Feature", "properties": { "id": "E1OTU", "name": null, "_umap_options": null, "description": null }, "geometry": { "type": "LineString", "coordinates": [ [ 139.717716, 35.729783 ], [ 139.717544, 35.729931 ], [ 139.717619, 35.730288 ], [ 139.717619, 35.730489 ], [ 139.717791, 35.730881 ], [ 139.717019, 35.730898 ], [ 139.716986, 35.730698 ], [ 139.715345, 35.73068 ], [ 139.715345, 35.730584 ], [ 139.713982, 35.730584 ], [ 139.714004, 35.730044 ] ] } },
{ "type": "Feature", "properties": { "id": "M4NjI", "name": null, "_umap_options": null, "description": null }, "geometry": { "type": "LineString", "coordinates": [ [ 139.714004, 35.729975 ], [ 139.713972, 35.729295 ], [ 139.712888, 35.729957 ], [ 139.71233, 35.73021 ], [ 139.712276, 35.729983 ], [ 139.71204, 35.73001 ], [ 139.711976, 35.729792 ], [ 139.711965, 35.7294 ], [ 139.711869, 35.729287 ], [ 139.711343, 35.729348 ] ] } },
{ "type": "Feature", "properties": { "id": "c2MzM", "name": null, "_umap_options": null, "description": null }, "geometry": { "type": "LineString", "coordinates": [ [ 141.351042, 43.068519 ], [ 141.351042, 43.068339 ], [ 141.351643, 43.068339 ], [ 141.351675, 43.067971 ], [ 141.351728, 43.067767 ], [ 141.352694, 43.067916 ], [ 141.35263, 43.068041 ] ] } },
{ "type": "Feature", "properties": { "id": "UxNDI", "name": null, "_umap_options": null, "description": null }, "geometry": { "type": "LineString", "coordinates": [ [ 139.579829, 35.702675 ], [ 139.57999, 35.702614 ], [ 139.579378, 35.701438 ], [ 139.579121, 35.700941 ], [ 139.578735, 35.7002 ], [ 139.578692, 35.700096 ], [ 139.578606, 35.700044 ], [ 139.578391, 35.700044 ], [ 139.578241, 35.699965 ], [ 139.578198, 35.699913 ], [ 139.577951, 35.699974 ], [ 139.57779, 35.700087 ], [ 139.576997, 35.6998 ], [ 139.576954, 35.699634 ], [ 139.576954, 35.699495 ], [ 139.577061, 35.699643 ], [ 139.577002, 35.699826 ], [ 139.577756, 35.700089 ], [ 139.57756, 35.700296 ], [ 139.577495, 35.700431 ], [ 139.577233, 35.700662 ], [ 139.5769, 35.700845 ], [ 139.57675, 35.700993 ], [ 139.576643, 35.701106 ], [ 139.576621, 35.701194 ], [ 139.576846, 35.70122 ], [ 139.57705, 35.701324 ], [ 139.5772, 35.701586 ], [ 139.577769, 35.702675 ], [ 139.577168, 35.702927 ], [ 139.577447, 35.703476 ], [ 139.577748, 35.70413 ], [ 139.577994, 35.704652 ], [ 139.578155, 35.704957 ], [ 139.577994, 35.705018 ] ] } },
{ "type": "Feature", "properties": { "id": "U1MDE", "name": null, "_umap_options": null, "description": null }, "geometry": { "type": "LineString", "coordinates": [ [ 139.577994, 35.705049 ], [ 139.578279, 35.704953 ], [ 139.578279, 35.704883 ], [ 139.579319, 35.704491 ], [ 139.580086, 35.70426 ], [ 139.58036, 35.704757 ], [ 139.580939, 35.704522 ], [ 139.580687, 35.704056 ], [ 139.580628, 35.703637 ], [ 139.579893, 35.703594 ], [ 139.579856, 35.703433 ], [ 139.580623, 35.703354 ], [ 139.580612, 35.702932 ], [ 139.580371, 35.702514 ], [ 139.579867, 35.702688 ] ] } },
{ "type": "Feature", "properties": { "id": "k1NTY", "name": null, "_umap_options": null, "description": null }, "geometry": { "type": "LineString", "coordinates": [ [ 139.701827, 35.65897 ], [ 139.701751, 35.659528 ], [ 139.700722, 35.65951 ], [ 139.700443, 35.65951 ], [ 139.700432, 35.659659 ], [ 139.69982, 35.660068 ], [ 139.699241, 35.660199 ], [ 139.698597, 35.660452 ], [ 139.698747, 35.660774 ], [ 139.698125, 35.660992 ], [ 139.697106, 35.661332 ], [ 139.69761, 35.661698 ], [ 139.697793, 35.661585 ] ] } },
{ "type": "Feature", "properties": { "id": "Y2ODk", "name": null, "_umap_options": null, "description": null }, "geometry": { "type": "LineString", "coordinates": [ [ 139.697846, 35.661616 ], [ 139.698061, 35.661393 ], [ 139.698367, 35.661494 ], [ 139.698399, 35.661568 ], [ 139.699134, 35.661738 ], [ 139.699466, 35.662017 ], [ 139.700282, 35.661332 ], [ 139.700797, 35.661084 ], [ 139.700743, 35.662173 ], [ 139.700373, 35.6623 ], [ 139.700416, 35.662805 ], [ 139.700228, 35.662901 ], [ 139.700341, 35.663882 ], [ 139.699874, 35.663921 ], [ 139.699885, 35.664135 ], [ 139.700201, 35.664117 ], [ 139.70055, 35.664139 ], [ 139.701397, 35.664069 ], [ 139.701328, 35.663433 ], [ 139.701371, 35.663254 ], [ 139.701124, 35.663141 ], [ 139.700915, 35.662775 ], [ 139.70092, 35.662274 ], [ 139.702181, 35.661908 ], [ 139.701961, 35.661881 ], [ 139.701961, 35.661585 ], [ 139.70188, 35.661585 ], [ 139.701864, 35.661324 ] ] } },
{ "type": "Feature", "properties": { "id": "UzNzY", "name": null, "_umap_options": null, "description": null }, "geometry": { "type": "LineString", "coordinates": [ [ 139.701853, 35.661254 ], [ 139.701816, 35.661062 ], [ 139.701623, 35.661045 ], [ 139.701607, 35.660556 ], [ 139.701623, 35.660352 ], [ 139.701167, 35.66036 ], [ 139.700915, 35.660382 ], [ 139.700775, 35.659554 ], [ 139.70077, 35.659397 ], [ 139.700582, 35.659436 ], [ 139.700335, 35.659441 ], [ 139.700196, 35.65938 ], [ 139.700105, 35.659327 ], [ 139.700083, 35.658961 ], [ 139.699509, 35.658861 ], [ 139.699177, 35.658752 ], [ 139.698656, 35.65846 ], [ 139.69798, 35.658225 ], [ 139.698034, 35.657972 ] ] } },
{ "type": "Feature", "properties": { "id": "cxMjE", "name": "2023-03 Ichigaya", "_umap_options": null, "description": null }, "geometry": { "type": "LineString", "coordinates": [ [ 139.735451, 35.704739 ], [ 139.735708, 35.703728 ], [ 139.73309, 35.704042 ], [ 139.732747, 35.701531 ], [ 139.733133, 35.699858 ], [ 139.734507, 35.696894 ], [ 139.736395, 35.695464 ], [ 139.737811, 35.694139 ], [ 139.735279, 35.692221 ], [ 139.735794, 35.691035 ], [ 139.738626, 35.691732 ], [ 139.740515, 35.692186 ], [ 139.740386, 35.693546 ], [ 139.741588, 35.693825 ], [ 139.741416, 35.694348 ], [ 139.744034, 35.694836 ], [ 139.743862, 35.695917 ], [ 139.747038, 35.696615 ], [ 139.74618, 35.698114 ], [ 139.743862, 35.700102 ] ] } },
{ "type": "Feature", "properties": { "id": "MxMDI", "name": "2023-03 Iidabashi", "_umap_options": null, "description": null }, "geometry": { "type": "LineString", "coordinates": [ [ 139.735547, 35.704843 ], [ 139.735719, 35.704181 ], [ 139.735923, 35.70412 ], [ 139.735692, 35.703641 ], [ 139.735982, 35.703554 ], [ 139.736937, 35.702996 ], [ 139.738181, 35.702229 ], [ 139.739946, 35.701538 ], [ 139.742789, 35.700379 ], [ 139.74398, 35.699877 ], [ 139.745128, 35.699186 ], [ 139.745783, 35.698498 ], [ 139.746469, 35.6978 ], [ 139.744849, 35.69919 ], [ 139.743905, 35.699661 ], [ 139.74236, 35.698196 ], [ 139.742618, 35.697516 ] ] } },
{ "type": "Feature", "properties": { "id": "Q3MDE", "name": "2025-01 Futako-Tamagawa to Tsudayama", "_umap_options": null, "description": null }, "geometry": { "type": "LineString", "coordinates": [ [ 139.628506, 35.612959 ], [ 139.627776, 35.612295 ], [ 139.626617, 35.612016 ], [ 139.623356, 35.607967 ], [ 139.622068, 35.608002 ], [ 139.620438, 35.606745 ], [ 139.613448227457525, 35.604226680249212 ], [ 139.612816737680618, 35.60390720726555 ], [ 139.61166602297601, 35.603758880089558 ], [ 139.611329228428332, 35.603382356023381 ], [ 139.612269446540608, 35.60277763184574 ], [ 139.613265797077503, 35.603530683897304 ], [ 139.613672757155967, 35.602971600476017 ], [ 139.615309, 35.602456 ], [ 139.616404, 35.601548 ], [ 139.614687, 35.600763 ], [ 139.613721, 35.600256 ], [ 139.611983, 35.599506 ], [ 139.611357294640612, 35.599913687350984 ], [ 139.61193265199293, 35.60132855720213 ], [ 139.611301162215995, 35.602047392785437 ], [ 139.609589123265266, 35.601271506482455 ], [ 139.609044, 35.601548 ], [ 139.607027, 35.601374 ], [ 139.604467039519193, 35.602207133149285 ], [ 139.604677536111495, 35.60321120813488 ], [ 139.604382840882266, 35.602127263007219 ], [ 139.603851, 35.602316 ], [ 139.599903, 35.604457 ], [ 139.599506, 35.603785 ], [ 139.598787, 35.603995 ], [ 139.598594, 35.604222 ], [ 139.598427, 35.604264 ], [ 139.598229, 35.604031 ], [ 139.598089, 35.603909 ], [ 139.596909, 35.604503 ], [ 139.596512, 35.604895 ], [ 139.596212, 35.605663 ], [ 139.596019, 35.605938 ], [ 139.596051, 35.606274 ], [ 139.595343, 35.606226 ], [ 139.595203, 35.606161 ], [ 139.595836, 35.606274 ], [ 139.596126, 35.606239 ], [ 139.596266, 35.605515 ], [ 139.596459, 35.604947 ], [ 139.597231, 35.604293 ], [ 139.598175, 35.6039 ], [ 139.598492, 35.604233 ], [ 139.598899, 35.603958 ], [ 139.599404, 35.603787 ], [ 139.599774, 35.604189 ], [ 139.600439, 35.603857 ] ] } },
{ "type": "Feature", "properties": { "id": "M4OTk", "name": "2025-01 Komazawa", "_umap_options": null, "description": null }, "geometry": { "type": "LineString", "coordinates": [ [ 139.64138, 35.632697 ], [ 139.641981, 35.631092 ], [ 139.645951, 35.631738 ], [ 139.648054, 35.631738 ], [ 139.649642, 35.631546 ], [ 139.650714, 35.631144 ], [ 139.653246, 35.630442 ], [ 139.652989, 35.630041 ], [ 139.653161, 35.629378 ], [ 139.652324, 35.629395 ], [ 139.652388, 35.627738 ], [ 139.651916, 35.627285 ], [ 139.65286, 35.626677 ], [ 139.653847, 35.625595 ], [ 139.655564, 35.625595 ], [ 139.655778, 35.625926 ], [ 139.656014, 35.625769 ], [ 139.65668, 35.626363 ], [ 139.657559, 35.627288 ], [ 139.658096, 35.627166 ], [ 139.658782, 35.626049 ], [ 139.659083, 35.625386 ], [ 139.659576, 35.624513 ], [ 139.660692, 35.62364 ], [ 139.66213, 35.623675 ], [ 139.662795, 35.621878 ], [ 139.662387, 35.620813 ], [ 139.659727, 35.621092 ], [ 139.657838, 35.620813 ], [ 139.657023, 35.622454 ], [ 139.651594, 35.621232 ], [ 139.651251, 35.621825 ], [ 139.64859, 35.624146 ], [ 139.646423, 35.627846 ], [ 139.644792, 35.627323 ], [ 139.643934, 35.628928 ], [ 139.643741, 35.631511 ] ] } },
{ "type": "Feature", "properties": { "id": "k4NjI", "name": "2025-01 Sangenjaya and Shimokita", "_umap_options": null, "description": null }, "geometry": { "type": "LineString", "coordinates": [ [ 139.671593, 35.643613 ], [ 139.669662, 35.643508 ], [ 139.669662, 35.644485 ], [ 139.67052, 35.644624 ], [ 139.670305, 35.646125 ], [ 139.668932, 35.648044 ], [ 139.66743, 35.650103 ], [ 139.667258, 35.652545 ], [ 139.667172, 35.65421 ], [ 139.667773, 35.656383 ], [ 139.667859, 35.65736 ], [ 139.668288, 35.658581 ], [ 139.668245, 35.659034 ], [ 139.667387, 35.659104 ], [ 139.667215, 35.660081 ], [ 139.667172, 35.660294 ], [ 139.666593, 35.660713 ], [ 139.666218, 35.661184 ], [ 139.665821, 35.661393 ], [ 139.665756, 35.661314 ], [ 139.664705, 35.66155 ], [ 139.664093, 35.660782 ], [ 139.664887, 35.660119 ], [ 139.66537, 35.659945 ], [ 139.665917, 35.659666 ], [ 139.666582, 35.659631 ], [ 139.667602, 35.659247 ], [ 139.66773, 35.659727 ], [ 139.66802, 35.660259 ], [ 139.668546, 35.660782 ], [ 139.668986, 35.661829 ], [ 139.669576, 35.661515 ], [ 139.669361, 35.661027 ], [ 139.669029, 35.660399 ], [ 139.668674, 35.659614 ], [ 139.668428, 35.658925 ], [ 139.667816, 35.657658 ], [ 139.667602, 35.656698 ], [ 139.667366, 35.655565 ], [ 139.667237, 35.654814 ] ] } },
{ "type": "Feature", "properties": { "id": "gxNjQ", "name": "2025-01 Yoga", "_umap_options": null, "description": null }, "geometry": { "type": "LineString", "coordinates": [ [ 139.645243, 35.631786 ], [ 139.642797, 35.631228 ], [ 139.640522, 35.630495 ], [ 139.637604, 35.628889 ], [ 139.634213, 35.626656 ], [ 139.63357, 35.626935 ], [ 139.633141, 35.627982 ], [ 139.631553, 35.627738 ], [ 139.629879, 35.627005 ], [ 139.629707, 35.628122 ], [ 139.626575, 35.627563 ], [ 139.622583, 35.628191 ], [ 139.620266, 35.62882 ], [ 139.619708, 35.629553 ], [ 139.620352, 35.630704 ], [ 139.622068, 35.631018 ], [ 139.623013, 35.631018 ], [ 139.625244, 35.631577 ], [ 139.63254, 35.633077 ], [ 139.633055, 35.631961 ], [ 139.635158, 35.632554 ], [ 139.63769, 35.631856 ], [ 139.641681, 35.632798 ], [ 139.642367, 35.633043 ], [ 139.643483, 35.633217 ] ] } },
{ "type": "Feature", "properties": { "id": "I0NjQ", "name": "2025-02 Asahikawa Snow festival", "_umap_options": null, "description": null }, "geometry": { "type": "LineString", "coordinates": [ [ 142.360067, 43.763877 ], [ 142.356999, 43.764958 ], [ 142.358522, 43.76767 ], [ 142.355518, 43.7686 ], [ 142.354016, 43.768955 ], [ 142.354553, 43.770056 ], [ 142.354982, 43.770614 ], [ 142.356462, 43.770227 ], [ 142.359488, 43.769156 ], [ 142.360153, 43.770575 ], [ 142.35702, 43.771257 ], [ 142.360024, 43.77052 ], [ 142.360282, 43.770792 ], [ 142.362256, 43.774327 ], [ 142.362127, 43.774916 ], [ 142.361612, 43.775995 ], [ 142.360539, 43.777406 ], [ 142.35863, 43.77705 ], [ 142.354081, 43.776997 ], [ 142.351742, 43.777508 ], [ 142.350218, 43.777772 ], [ 142.344596, 43.777772 ], [ 142.344446, 43.77878 ], [ 142.347214, 43.778671 ], [ 142.350948, 43.777927 ], [ 142.35348, 43.777245 ], [ 142.356527, 43.777112 ], [ 142.357664, 43.777158 ], [ 142.357686, 43.776352 ], [ 142.358029, 43.775437 ], [ 142.357707, 43.775096 ], [ 142.358007, 43.77412 ], [ 142.358608, 43.773531 ], [ 142.360926, 43.772755 ] ] } },
{ "type": "Feature", "properties": { "id": "U4MzU", "name": "2025-02 Edogawabashi", "_umap_options": null, "description": null }, "geometry": { "type": "LineString", "coordinates": [ [ 139.735376, 35.704929 ], [ 139.730902, 35.705495 ], [ 139.731599, 35.709235 ], [ 139.73146, 35.710882 ], [ 139.729561, 35.710656 ], [ 139.727468, 35.71049 ], [ 139.725881, 35.710768 ], [ 139.724711, 35.711611 ], [ 139.723295, 35.71216 ], [ 139.722812, 35.712335 ], [ 139.722973, 35.712439 ], [ 139.723123, 35.712622 ], [ 139.723188, 35.712962 ], [ 139.723209, 35.71311 ], [ 139.723896, 35.713014 ], [ 139.724615, 35.713982 ], [ 139.725248, 35.714652 ], [ 139.726428, 35.713386 ], [ 139.727147, 35.712746 ], [ 139.728187, 35.712127 ], [ 139.730891, 35.712206 ], [ 139.731749, 35.710166 ], [ 139.733584, 35.709504 ] ] } },
{ "type": "Feature", "properties": { "id": "kyMTI", "name": "2025-02 Ginza", "_umap_options": null, "description": null }, "geometry": { "type": "LineString", "coordinates": [ [ 139.76532, 35.681843 ], [ 139.765406, 35.679332 ], [ 139.765062, 35.677867 ], [ 139.766779, 35.677448 ], [ 139.765921, 35.675983 ], [ 139.769096, 35.674937 ], [ 139.764719, 35.67089 ], [ 139.760942, 35.667542 ], [ 139.758797, 35.665003 ], [ 139.757552, 35.663329 ], [ 139.763002, 35.663398 ], [ 139.76429, 35.663922 ], [ 139.767208, 35.666643 ], [ 139.768882, 35.668317 ], [ 139.773002, 35.66455 ], [ 139.775791, 35.666678 ], [ 139.775019, 35.667515 ], [ 139.775791, 35.670445 ], [ 139.773345, 35.670585 ] ] } },
{ "type": "Feature", "properties": { "id": "E5MDU", "name": "2025-02 Kagura", "_umap_options": null, "description": null }, "geometry": { "type": "MultiLineString", "coordinates": [ [ [ 142.360067, 43.764015 ], [ 142.356677, 43.764803 ], [ 142.353501, 43.762696 ], [ 142.351216, 43.761006 ] ], [ [ 142.351356, 43.76099 ], [ 142.347622, 43.763596 ], [ 142.344832, 43.764744 ], [ 142.342794, 43.764108 ], [ 142.342279, 43.765054 ], [ 142.34185, 43.765503 ], [ 142.341163, 43.765379 ], [ 142.340477, 43.765643 ], [ 142.339597, 43.765596 ], [ 142.339811, 43.765023 ], [ 142.342021, 43.765503 ], [ 142.344232, 43.761689 ] ] ] } },
{ "type": "Feature", "properties": { "id": "M3NTA", "name": "2025-02 Kawagoe", "_umap_options": null, "description": null }, "geometry": { "type": "LineString", "coordinates": [ [ 139.483233, 35.907436 ], [ 139.481109, 35.910044 ], [ 139.479994, 35.911192 ], [ 139.481989, 35.91387 ], [ 139.482911, 35.91387 ], [ 139.483147, 35.914044 ], [ 139.484435, 35.91387 ], [ 139.485228, 35.914183 ], [ 139.48555, 35.913957 ], [ 139.485808, 35.912235 ], [ 139.486194, 35.912305 ], [ 139.486837, 35.912305 ], [ 139.488468, 35.912514 ], [ 139.488275, 35.914113 ], [ 139.489583, 35.914305 ], [ 139.489412, 35.91507 ], [ 139.48924, 35.915904 ], [ 139.490935, 35.916043 ], [ 139.49083, 35.916678 ], [ 139.489736, 35.916521 ], [ 139.489704, 35.917217 ], [ 139.488889, 35.917156 ], [ 139.488117, 35.917373 ], [ 139.48817, 35.917738 ], [ 139.489318, 35.917773 ], [ 139.489382, 35.918642 ], [ 139.489296, 35.919599 ], [ 139.485285, 35.919216 ], [ 139.485392, 35.918539 ], [ 139.48549, 35.916599 ], [ 139.485211, 35.916147 ], [ 139.485233, 35.916581 ], [ 139.484353, 35.916529 ], [ 139.483366, 35.916529 ], [ 139.48345, 35.917661 ], [ 139.482633, 35.917837 ], [ 139.482612, 35.916533 ], [ 139.481925, 35.916602 ], [ 139.482076, 35.918167 ], [ 139.480274, 35.918219 ], [ 139.477678, 35.918445 ], [ 139.479137, 35.918167 ], [ 139.481904, 35.918046 ] ] } },
{ "type": "Feature", "properties": { "id": "I3MDY", "name": "2025-02 Meji Jingu", "_umap_options": null, "description": null }, "geometry": { "type": "LineString", "coordinates": [ [ 139.701633, 35.683474 ], [ 139.702342, 35.680928 ], [ 139.703114, 35.680143 ], [ 139.702084, 35.679132 ], [ 139.701397, 35.679219 ], [ 139.700389, 35.678173 ], [ 139.700754, 35.6769 ], [ 139.700217, 35.676533 ], [ 139.700217, 35.675906 ], [ 139.701076, 35.675627 ], [ 139.701526, 35.675766 ], [ 139.701827, 35.675051 ], [ 139.701955, 35.674092 ], [ 139.701891, 35.67308 ], [ 139.701676, 35.671598 ], [ 139.701912, 35.669976 ], [ 139.702728, 35.669574 ], [ 139.702964, 35.67029 ], [ 139.703693, 35.670359 ], [ 139.704101, 35.671406 ], [ 139.705131, 35.671162 ], [ 139.705989, 35.670551 ], [ 139.706719, 35.670202 ], [ 139.705496, 35.668528 ], [ 139.712512, 35.665319 ], [ 139.713693, 35.664464 ], [ 139.712749, 35.663487 ], [ 139.711761, 35.664185 ], [ 139.710796, 35.663068 ], [ 139.708307, 35.661411 ], [ 139.708092, 35.661708 ], [ 139.705904, 35.660208 ], [ 139.703908, 35.659772 ], [ 139.703629, 35.660121 ], [ 139.702556, 35.65951 ], [ 139.701966, 35.659475 ], [ 139.701183, 35.659353 ], [ 139.700603, 35.659397 ], [ 139.700593, 35.658333 ], [ 139.700271, 35.659458 ], [ 139.699413, 35.659484 ], [ 139.697353, 35.660356 ] ] } },
{ "type": "Feature", "properties": { "id": "Y5MDI", "name": "2025-02 Monzennakacho", "_umap_options": null, "description": null }, "geometry": { "type": "LineString", "coordinates": [ [ 139.794693, 35.672355 ], [ 139.796495, 35.671692 ], [ 139.797096, 35.671553 ], [ 139.797396, 35.672146 ], [ 139.797611, 35.672774 ], [ 139.799112, 35.672146 ], [ 139.800871, 35.671867 ], [ 139.800507, 35.672233 ], [ 139.800593, 35.672843 ], [ 139.799305, 35.673279 ], [ 139.799263, 35.673541 ], [ 139.800678, 35.673332 ], [ 139.800957, 35.674396 ], [ 139.800871, 35.675268 ], [ 139.799499, 35.67525 ], [ 139.799198, 35.675233 ], [ 139.797697, 35.675128 ], [ 139.797614, 35.67377 ], [ 139.79609, 35.67412 ], [ 139.794738, 35.67241 ] ] } },
{ "type": "Feature", "properties": { "id": "gyODQ", "name": "2025-02 Takaosan", "_umap_options": null, "description": null }, "geometry": { "type": "LineString", "coordinates": [ [ 139.269815, 35.632511 ], [ 139.269086, 35.631551 ], [ 139.267756, 35.631307 ], [ 139.26516, 35.630644 ], [ 139.26424, 35.630815 ], [ 139.263071, 35.630815 ], [ 139.262368, 35.630628 ], [ 139.262036, 35.630362 ], [ 139.261022, 35.630139 ], [ 139.261177, 35.629367 ], [ 139.261376, 35.629188 ], [ 139.261376, 35.628647 ], [ 139.261102, 35.628425 ], [ 139.260647, 35.628351 ], [ 139.259949, 35.628508 ], [ 139.259268, 35.628861 ], [ 139.258839, 35.628717 ], [ 139.258603, 35.628617 ], [ 139.25834, 35.628678 ], [ 139.258131, 35.628438 ], [ 139.257627, 35.628198 ], [ 139.257289, 35.628272 ], [ 139.256807, 35.62794 ], [ 139.256957, 35.627705 ], [ 139.256973, 35.627334 ], [ 139.256576, 35.626889 ], [ 139.256318, 35.626658 ], [ 139.256066, 35.62661 ], [ 139.255498, 35.62678 ], [ 139.255208, 35.626667 ], [ 139.254865, 35.626331 ], [ 139.25449, 35.626204 ], [ 139.25412, 35.62572 ], [ 139.253573, 35.625484 ], [ 139.253213, 35.625297 ], [ 139.252956, 35.624891 ], [ 139.252773, 35.624791 ], [ 139.252725, 35.624315 ], [ 139.252339, 35.6239 ], [ 139.252184, 35.623547 ], [ 139.251663, 35.623216 ], [ 139.251266, 35.622989 ], [ 139.250945, 35.622779 ], [ 139.250827, 35.622548 ], [ 139.250247, 35.622325 ], [ 139.249727, 35.622299 ], [ 139.249352, 35.622557 ], [ 139.248746, 35.622627 ], [ 139.248381, 35.622932 ], [ 139.248317, 35.62291 ], [ 139.248456, 35.622618 ], [ 139.248231, 35.622513 ], [ 139.247679, 35.622448 ], [ 139.24704, 35.622373 ], [ 139.246992, 35.622666 ], [ 139.246896, 35.622666 ], [ 139.246778, 35.622365 ], [ 139.246434, 35.622181 ], [ 139.245678, 35.622321 ], [ 139.24519, 35.622596 ], [ 139.244932, 35.622932 ], [ 139.244986, 35.62301 ], [ 139.245598, 35.622513 ], [ 139.246166, 35.622578 ], [ 139.245635, 35.622962 ], [ 139.24534, 35.623255 ], [ 139.24519, 35.623647 ], [ 139.244868, 35.624018 ], [ 139.24453, 35.624306 ], [ 139.244455, 35.624581 ], [ 139.244466, 35.624869 ], [ 139.244182, 35.625022 ], [ 139.244412, 35.625637 ], [ 139.24379, 35.62517 ], [ 139.243586, 35.625109 ], [ 139.2432, 35.624646 ], [ 139.242986, 35.624624 ], [ 139.242766, 35.624843 ], [ 139.243077, 35.624681 ], [ 139.243586, 35.625205 ], [ 139.244192, 35.625519 ], [ 139.244809, 35.625798 ], [ 139.245362, 35.625776 ], [ 139.24563, 35.625925 ], [ 139.245871, 35.626208 ], [ 139.246107, 35.626234 ], [ 139.246273, 35.626405 ], [ 139.246814, 35.626256 ], [ 139.247157, 35.626046 ], [ 139.247822, 35.625907 ], [ 139.248444, 35.626177 ], [ 139.248991, 35.626203 ], [ 139.249141, 35.626378 ], [ 139.249603, 35.626456 ], [ 139.249817, 35.6265 ], [ 139.249978, 35.626325 ], [ 139.249849, 35.626029 ], [ 139.249989, 35.625654 ], [ 139.250364, 35.625592 ], [ 139.250804, 35.625662 ], [ 139.250965, 35.625959 ], [ 139.251051, 35.626125 ], [ 139.250589, 35.626221 ], [ 139.250268, 35.626387 ], [ 139.250192, 35.626779 ], [ 139.250053, 35.627207 ], [ 139.250268, 35.627617 ], [ 139.25031, 35.627931 ], [ 139.2506, 35.628105 ], [ 139.250847, 35.62862 ], [ 139.251179, 35.628882 ], [ 139.251576, 35.628777 ], [ 139.252134, 35.629214 ], [ 139.253174, 35.62992 ], [ 139.25385, 35.630016 ], [ 139.254183, 35.630016 ], [ 139.254408, 35.630234 ], [ 139.254966, 35.630191 ], [ 139.255395, 35.630278 ], [ 139.256237, 35.630547 ], [ 139.256666, 35.631629 ], [ 139.25717, 35.632033 ], [ 139.257492, 35.632295 ], [ 139.257234, 35.63329 ], [ 139.256891, 35.634058 ], [ 139.258178, 35.634721 ], [ 139.259358, 35.635139 ], [ 139.260581, 35.635454 ], [ 139.260023, 35.635105 ], [ 139.261203, 35.634948 ], [ 139.260281, 35.634703 ], [ 139.25998, 35.634267 ], [ 139.260581, 35.634424 ], [ 139.261482, 35.634093 ], [ 139.262662, 35.633499 ], [ 139.264185, 35.633046 ], [ 139.264914, 35.632749 ], [ 139.266588, 35.631946 ], [ 139.267779, 35.631467 ] ] } },
{ "type": "Feature", "properties": { "id": "c0MTE", "name": "2025-02 Ueno", "_umap_options": null, "description": null }, "geometry": { "type": "LineString", "coordinates": [ [ 139.773088, 35.707859 ], [ 139.773474, 35.711032 ], [ 139.772744, 35.713194 ], [ 139.772487, 35.716262 ], [ 139.772873, 35.718075 ], [ 139.77356, 35.718946 ], [ 139.774761, 35.720585 ], [ 139.77592, 35.721108 ], [ 139.776778, 35.720515 ], [ 139.778581, 35.719399 ], [ 139.778881, 35.718563 ], [ 139.778323, 35.71682 ], [ 139.777079, 35.715007 ], [ 139.775233, 35.712252 ], [ 139.77386, 35.709847 ], [ 139.773602, 35.70772 ], [ 139.77047, 35.708173 ], [ 139.769697, 35.708103 ], [ 139.76974, 35.70643 ], [ 139.76974, 35.704582 ], [ 139.771972, 35.704721 ], [ 139.772143, 35.705837 ], [ 139.774632, 35.706604 ], [ 139.774632, 35.707162 ] ] } },
{ "type": "Feature", "properties": { "id": "EzODc", "name": "2025-03 Koenji Asagaya", "_umap_options": null, "description": null }, "geometry": { "type": "LineString", "coordinates": [ [ 139.649962369669282, 35.709725507715419 ], [ 139.64976590618312, 35.70847208480123 ], [ 139.649569442696986, 35.707446542302037 ], [ 139.649934303456973, 35.707400962329167 ], [ 139.649779939289289, 35.706438079311731 ], [ 139.649653641333913, 35.70542390592427 ], [ 139.649653641333913, 35.703862737403576 ], [ 139.651253415435434, 35.70347528938602 ], [ 139.651244957878902, 35.703641479211122 ], [ 139.651576176876972, 35.704102042591416 ], [ 139.650916620887728, 35.704546464605933 ], [ 139.650313197323129, 35.704762976997571 ], [ 139.65027109800468, 35.70508204681871 ], [ 139.649667674440082, 35.705116232795241 ], [ 139.648707, 35.705716 ], [ 139.649179, 35.706325 ], [ 139.649587, 35.706221 ], [ 139.64959440564806, 35.703896520413686 ], [ 139.649667674440082, 35.703053652639227 ], [ 139.648053867232392, 35.703418311577572 ], [ 139.648278396930863, 35.704045065230893 ], [ 139.647885469958538, 35.704204601737736 ], [ 139.647773205109331, 35.703885528404797 ], [ 139.646691, 35.704148 ], [ 139.644868, 35.704531 ], [ 139.644568, 35.704462 ], [ 139.643925, 35.70474 ], [ 139.643346, 35.703835 ], [ 139.642681, 35.703904 ], [ 139.642359, 35.704322 ], [ 139.641909, 35.704549 ], [ 139.641287, 35.704897 ], [ 139.640622, 35.704932 ], [ 139.6394, 35.705158 ], [ 139.638821, 35.705541 ], [ 139.637212, 35.705611 ], [ 139.637148, 35.705228 ], [ 139.636655, 35.705071 ], [ 139.636526, 35.704235 ], [ 139.635797, 35.704235 ], [ 139.634553, 35.704113 ], [ 139.634489, 35.704566 ], [ 139.634489, 35.704984 ], [ 139.635368, 35.705193 ], [ 139.636547, 35.705472 ] ] } },
{ "type": "Feature", "properties": { "id": "MzOTI", "name": "2025-03 Waseda to Takadanobaba", "_umap_options": null, "description": null }, "geometry": { "type": "LineString", "coordinates": [ [ 139.735193, 35.704948 ], [ 139.728627, 35.70568 ], [ 139.72867, 35.70481 ], [ 139.726954, 35.704581 ], [ 139.724936, 35.705313 ], [ 139.721675, 35.705662 ], [ 139.720087, 35.705975 ], [ 139.718843, 35.706777 ], [ 139.720109, 35.707919 ], [ 139.720924, 35.708721 ], [ 139.721053, 35.709453 ], [ 139.720473, 35.709662 ], [ 139.719808, 35.710203 ], [ 139.719572, 35.710917 ], [ 139.718252, 35.710459 ], [ 139.717137, 35.710076 ], [ 139.716493, 35.709431 ], [ 139.717759, 35.707644 ], [ 139.717485, 35.707259 ], [ 139.718547, 35.706705 ], [ 139.718574, 35.70654 ], [ 139.717727, 35.706362 ], [ 139.716139, 35.706859 ], [ 139.715903, 35.706307 ], [ 139.714658, 35.705914 ], [ 139.713585, 35.70549 ], [ 139.712985, 35.70563 ], [ 139.712684, 35.705725 ], [ 139.712641, 35.706004 ], [ 139.71292, 35.705926 ], [ 139.713092, 35.705778 ], [ 139.713478, 35.705743 ], [ 139.7138, 35.705935 ], [ 139.714208, 35.705961 ], [ 139.714851, 35.706257 ], [ 139.715238, 35.706432 ], [ 139.715538, 35.706292 ], [ 139.715946, 35.706867 ], [ 139.714959, 35.707443 ], [ 139.712309, 35.708044 ], [ 139.710495, 35.708401 ], [ 139.709154, 35.708401 ], [ 139.709766, 35.710933 ], [ 139.709938, 35.711647 ], [ 139.707513, 35.712031 ], [ 139.705088, 35.71346 ], [ 139.705367, 35.714785 ], [ 139.704895, 35.714872 ], [ 139.70408, 35.714192 ], [ 139.704058, 35.713844 ], [ 139.703372, 35.714367 ], [ 139.702857, 35.714698 ], [ 139.702342, 35.71475 ], [ 139.702084, 35.714384 ], [ 139.70129, 35.713791 ], [ 139.701483, 35.713408 ], [ 139.703994, 35.713687 ], [ 139.703758, 35.712728 ], [ 139.704616, 35.713608 ] ] } },
{ "type": "Feature", "properties": { "id": "I1NDE", "name": "2025-03-01 Narita", "_umap_options": null, "description": null }, "geometry": { "type": "LineString", "coordinates": [ [ 140.31557, 35.776417 ], [ 140.315527, 35.776961 ], [ 140.315736, 35.776983 ], [ 140.315913, 35.777279 ], [ 140.316023, 35.777429 ], [ 140.317353, 35.777899 ], [ 140.317739, 35.779345 ], [ 140.318168, 35.780721 ], [ 140.31731, 35.781992 ], [ 140.317932, 35.782602 ], [ 140.317889, 35.78309 ], [ 140.318511, 35.784169 ], [ 140.318619, 35.784483 ], [ 140.319026, 35.784448 ], [ 140.319348, 35.784918 ], [ 140.319627, 35.784918 ], [ 140.31982, 35.78511 ], [ 140.320167, 35.785099 ], [ 140.320449, 35.784945 ], [ 140.32086, 35.78526 ], [ 140.321241, 35.785079 ], [ 140.321594, 35.785407 ], [ 140.321506, 35.785551 ], [ 140.321924, 35.785669 ], [ 140.322026, 35.785834 ], [ 140.321983, 35.786152 ], [ 140.322138, 35.786222 ], [ 140.322444, 35.786265 ], [ 140.322734, 35.786326 ], [ 140.322916, 35.786548 ], [ 140.322959, 35.786888 ], [ 140.322702, 35.786932 ], [ 140.322921, 35.78698 ], [ 140.322782, 35.787093 ], [ 140.322525, 35.78721 ], [ 140.322374, 35.787019 ], [ 140.322117, 35.787019 ], [ 140.322004, 35.787228 ], [ 140.321801, 35.787258 ], [ 140.321624, 35.787001 ], [ 140.321302, 35.786906 ], [ 140.320926, 35.78704 ], [ 140.320765, 35.78721 ], [ 140.320465, 35.787036 ], [ 140.320208, 35.786901 ], [ 140.319977, 35.786858 ], [ 140.319768, 35.786853 ], [ 140.319822, 35.787101 ], [ 140.319671, 35.787236 ], [ 140.319623, 35.787419 ], [ 140.31965, 35.78748 ], [ 140.319832, 35.787454 ], [ 140.319897, 35.787519 ], [ 140.319972, 35.787672 ], [ 140.320154, 35.787659 ], [ 140.320154, 35.787776 ], [ 140.31994, 35.787907 ], [ 140.319714, 35.787885 ], [ 140.31928, 35.787776 ], [ 140.319875, 35.787681 ], [ 140.319784, 35.787485 ], [ 140.319478, 35.787498 ], [ 140.319189, 35.78748 ], [ 140.319108, 35.787271 ], [ 140.319173, 35.787019 ], [ 140.318829, 35.786853 ], [ 140.31854, 35.786892 ], [ 140.318422, 35.786879 ], [ 140.318229, 35.786583 ], [ 140.317961, 35.786592 ], [ 140.317757, 35.786374 ], [ 140.317558, 35.786078 ], [ 140.31751, 35.78583 ], [ 140.318046, 35.785752 ], [ 140.31817, 35.785713 ], [ 140.318239, 35.785691 ], [ 140.318148, 35.784946 ], [ 140.318079, 35.784524 ], [ 140.318926, 35.784428 ], [ 140.319505, 35.784041 ], [ 140.319859, 35.783688 ], [ 140.319881, 35.782865 ], [ 140.319918, 35.782329 ], [ 140.320179, 35.781791 ], [ 140.319685, 35.781408 ], [ 140.31917, 35.781112 ], [ 140.318184, 35.780886 ], [ 140.317461, 35.77805 ], [ 140.316829, 35.777619 ], [ 140.31611, 35.777406 ], [ 140.315865, 35.777091 ], [ 140.315489, 35.776434 ] ] } },
{ "type": "Feature", "properties": { "id": "QyODE", "name": "2025-03-01 Sakura", "_umap_options": null, "description": null }, "geometry": { "type": "LineString", "coordinates": [ [ 140.229661, 35.725022 ], [ 140.229383, 35.724673 ], [ 140.229447, 35.724063 ], [ 140.229235, 35.721638 ], [ 140.229192, 35.72049 ], [ 140.229492, 35.719409 ], [ 140.22769, 35.719218 ], [ 140.227625, 35.718913 ], [ 140.226682, 35.718896 ], [ 140.226628, 35.718033 ], [ 140.227432, 35.718041 ], [ 140.226724, 35.716325 ], [ 140.226724, 35.716098 ], [ 140.227111, 35.715924 ], [ 140.227411, 35.716107 ], [ 140.227111, 35.715845 ], [ 140.226682, 35.716019 ], [ 140.226596, 35.716307 ], [ 140.225641, 35.716403 ], [ 140.225641, 35.71656 ], [ 140.225534, 35.716438 ], [ 140.225105, 35.716464 ], [ 140.225105, 35.716621 ], [ 140.224998, 35.716481 ], [ 140.224569, 35.716508 ], [ 140.224569, 35.716682 ], [ 140.224483, 35.716534 ], [ 140.22355, 35.716612 ], [ 140.223292, 35.716699 ], [ 140.222852, 35.716908 ], [ 140.22208, 35.716743 ], [ 140.221685, 35.716341 ], [ 140.221041, 35.716114 ], [ 140.221706, 35.715696 ], [ 140.222092, 35.715364 ], [ 140.222371, 35.715033 ], [ 140.2228, 35.714754 ], [ 140.223422, 35.714475 ], [ 140.22385, 35.714399 ], [ 140.223979, 35.714747 ], [ 140.224311, 35.715035 ], [ 140.224558, 35.715122 ], [ 140.226028, 35.714643 ], [ 140.225952, 35.713606 ], [ 140.225867, 35.712769 ], [ 140.225856, 35.71174 ], [ 140.225824, 35.710494 ], [ 140.226049, 35.710293 ], [ 140.226113, 35.709622 ] ] } },
{ "type": "Feature", "properties": { "id": "E1MTc", "name": "2025-03-06 Yanaka", "_umap_options": { "opacity": 0.600000 }, "description": null }, "geometry": { "type": "LineString", "coordinates": [ [ 139.767272, 35.732566 ], [ 139.767927, 35.731703 ], [ 139.768281, 35.731564 ], [ 139.768882, 35.731041 ], [ 139.769225, 35.730553 ], [ 139.769429, 35.730588 ], [ 139.769955, 35.729827 ], [ 139.769826, 35.729658 ], [ 139.770201, 35.72914 ], [ 139.770738, 35.728674 ], [ 139.770223, 35.728373 ], [ 139.769654, 35.72795 ], [ 139.769188, 35.727806 ], [ 139.768968, 35.728281 ], [ 139.768753, 35.728508 ], [ 139.768555, 35.728909 ], [ 139.768345, 35.728913 ], [ 139.768506, 35.728878 ], [ 139.768758, 35.728543 ], [ 139.769005, 35.728247 ], [ 139.769225, 35.727841 ], [ 139.768345, 35.727637 ], [ 139.767557, 35.727467 ], [ 139.767192, 35.727332 ], [ 139.766725, 35.727454 ], [ 139.766725, 35.728054 ], [ 139.766285, 35.7287 ], [ 139.766082, 35.728742 ], [ 139.765974, 35.729018 ], [ 139.766028, 35.729401 ], [ 139.765878, 35.729832 ], [ 139.765459, 35.730425 ], [ 139.763888, 35.729558 ], [ 139.764258, 35.728965 ], [ 139.76458, 35.728217 ], [ 139.764891, 35.727633 ], [ 139.764558, 35.726465 ], [ 139.764349, 35.725833 ], [ 139.76606, 35.725511 ], [ 139.766006, 35.724697 ], [ 139.765728, 35.724155 ], [ 139.766715, 35.723789 ], [ 139.767938, 35.723676 ], [ 139.769236, 35.723598 ], [ 139.770255, 35.723336 ], [ 139.770319, 35.72385 ], [ 139.770523, 35.724025 ], [ 139.771156, 35.724051 ], [ 139.771435, 35.72399 ], [ 139.772143, 35.72419 ], [ 139.772744, 35.723781 ], [ 139.772948, 35.723789 ], [ 139.772809, 35.724059 ], [ 139.773173, 35.724321 ], [ 139.772412, 35.72494 ], [ 139.771929, 35.725175 ], [ 139.771532, 35.725402 ], [ 139.771156, 35.725968 ], [ 139.771038, 35.726256 ], [ 139.770781, 35.726317 ], [ 139.77077, 35.726604 ], [ 139.771081, 35.726953 ], [ 139.771092, 35.727136 ], [ 139.771446, 35.727537 ], [ 139.771854, 35.727894 ] ] } },
{ "type": "Feature", "properties": { "id": "A3MzY", "name": "2025-03-07 West Chidoya", "_umap_options": { "smoothFactor": 1 }, "description": null }, "geometry": { "type": "LineString", "coordinates": [ [ 139.750342, 35.695374 ], [ 139.748679, 35.695034 ], [ 139.748636, 35.695313 ], [ 139.743594, 35.694154 ], [ 139.743873, 35.6935 ], [ 139.741824, 35.687118 ], [ 139.74147, 35.684305 ], [ 139.744109, 35.684034 ], [ 139.741609, 35.684313 ], [ 139.741577, 35.684069 ], [ 139.741802, 35.681724 ], [ 139.741319, 35.681837 ], [ 139.740375, 35.682229 ], [ 139.739385210218103, 35.682153092264301 ], [ 139.739360620410594, 35.683091838714297 ], [ 139.736680331391881, 35.682971999356958 ], [ 139.735819688128998, 35.682572533532493 ], [ 139.734909865251069, 35.682272932851639 ], [ 139.736336074086722, 35.679037173814379 ], [ 139.738315, 35.680679 ], [ 139.738476, 35.679512 ], [ 139.738508, 35.678776 ], [ 139.740118, 35.67895 ], [ 139.741588, 35.677974 ], [ 139.741824, 35.677608 ], [ 139.740568, 35.677669 ], [ 139.74103, 35.676753 ], [ 139.741523, 35.675611 ], [ 139.741641, 35.675602 ], [ 139.741781, 35.675088 ], [ 139.741555, 35.67507 ], [ 139.741051, 35.67507 ], [ 139.741545, 35.675 ], [ 139.741405, 35.674442 ], [ 139.740762, 35.674477 ], [ 139.74074, 35.674634 ], [ 139.739807, 35.674695 ], [ 139.740858, 35.674599 ], [ 139.741126, 35.675157 ], [ 139.744002, 35.675035 ], [ 139.744259, 35.673902 ], [ 139.746158, 35.674277 ], [ 139.746898, 35.674399 ], [ 139.747285, 35.674843 ], [ 139.747006, 35.674399 ], [ 139.745659, 35.674198 ], [ 139.745069, 35.673879 ] ] } },
{ "type": "Feature", "properties": { "id": "EzNjU", "name": "2025-03-09 Koto", "_umap_options": null, "description": null }, "geometry": { "type": "LineString", "coordinates": [ [ 139.806508, 35.669469 ], [ 139.808621, 35.669399 ], [ 139.809051, 35.669225 ], [ 139.809136, 35.669338 ], [ 139.808375, 35.669425 ], [ 139.809566, 35.672574 ], [ 139.809201, 35.672635 ], [ 139.809158, 35.673341 ], [ 139.809356, 35.673791 ], [ 139.809152, 35.673948 ], [ 139.808697, 35.674005 ], [ 139.808241, 35.674184 ], [ 139.808611, 35.674223 ], [ 139.808836, 35.674467 ], [ 139.808648, 35.67455 ], [ 139.8086, 35.674716 ], [ 139.808756, 35.6752 ], [ 139.808831, 35.675365 ], [ 139.808809, 35.675779 ], [ 139.808772, 35.676525 ], [ 139.808745, 35.676978 ], [ 139.808536, 35.677048 ], [ 139.80838, 35.677257 ], [ 139.808428, 35.677449 ], [ 139.808214, 35.677654 ], [ 139.808112, 35.678034 ], [ 139.807881, 35.678082 ], [ 139.807506, 35.678047 ], [ 139.807248, 35.677898 ], [ 139.807221, 35.678465 ], [ 139.807243, 35.678906 ], [ 139.807259, 35.679193 ], [ 139.807532, 35.679525 ], [ 139.807511, 35.679743 ], [ 139.807452, 35.68003 ], [ 139.807538, 35.680166 ], [ 139.807538, 35.680279 ], [ 139.810655, 35.680445 ], [ 139.811631, 35.680479 ], [ 139.811497, 35.681585 ], [ 139.812795, 35.681638 ], [ 139.813449, 35.681716 ], [ 139.813396, 35.6823 ], [ 139.814029, 35.682379 ], [ 139.813739, 35.68441 ], [ 139.813836, 35.68441 ], [ 139.813986, 35.683347 ], [ 139.814651, 35.683399 ], [ 139.814651, 35.68373 ], [ 139.816046, 35.6838 ], [ 139.816035, 35.684611 ], [ 139.815949, 35.686093 ], [ 139.814887, 35.686145 ], [ 139.814833, 35.686599 ], [ 139.814276, 35.68659 ], [ 139.814222, 35.687087 ], [ 139.814833, 35.687113 ], [ 139.814737, 35.687985 ], [ 139.814748, 35.687837 ], [ 139.814705, 35.688028 ], [ 139.815252, 35.688081 ], [ 139.815724, 35.688046 ], [ 139.815595, 35.688997 ], [ 139.815542, 35.689799 ], [ 139.814533, 35.689764 ], [ 139.813546, 35.689746 ], [ 139.813331, 35.692641 ], [ 139.813203, 35.69448 ], [ 139.813095, 35.695553 ], [ 139.814018, 35.695466 ], [ 139.814018, 35.695657 ], [ 139.814018, 35.695997 ], [ 139.81478, 35.695753 ], [ 139.815316, 35.695858 ], [ 139.815241, 35.696285 ], [ 139.815187, 35.696529 ], [ 139.814018, 35.696381 ], [ 139.813986, 35.696503 ], [ 139.813739, 35.696503 ], [ 139.813739, 35.69639 ], [ 139.813052, 35.696111 ], [ 139.811754, 35.696111 ], [ 139.810424, 35.69605 ], [ 139.810435, 35.69598 ], [ 139.811894, 35.69598 ], [ 139.811786, 35.697732 ], [ 139.808707, 35.697619 ], [ 139.808761, 35.69741 ], [ 139.81022, 35.697532 ], [ 139.81022, 35.697418 ], [ 139.809566, 35.697375 ], [ 139.809566, 35.697288 ], [ 139.810317, 35.697296 ], [ 139.810477, 35.69734 ], [ 139.810477, 35.697593 ], [ 139.813503, 35.697732 ], [ 139.813181, 35.697235 ], [ 139.814007, 35.697235 ], [ 139.813954, 35.696782 ] ] } },
{ "type": "Feature", "properties": { "id": "A4NDM", "name": "2025-03-10 Nakano", "_umap_options": null, "description": null }, "geometry": { "type": "LineString", "coordinates": [ [ 139.665692, 35.705864 ], [ 139.665799, 35.705868 ], [ 139.665778, 35.706016 ], [ 139.665488, 35.706129 ], [ 139.665788, 35.706147 ], [ 139.665778, 35.706687 ], [ 139.666191, 35.706695 ], [ 139.666193, 35.706818 ], [ 139.666289, 35.706821 ], [ 139.666266, 35.707033 ], [ 139.66623, 35.707033 ], [ 139.666258, 35.706847 ], [ 139.666148, 35.706835 ], [ 139.666159, 35.706726 ], [ 139.665756, 35.706712 ], [ 139.665641, 35.708543 ], [ 139.665648, 35.708685 ], [ 139.665885, 35.708679 ], [ 139.665861, 35.709205 ], [ 139.665857, 35.709722 ], [ 139.665673, 35.709719 ], [ 139.665676, 35.709783 ], [ 139.665851, 35.709782 ], [ 139.66585, 35.70998 ], [ 139.665418, 35.709985 ], [ 139.664946, 35.709966 ], [ 139.665134, 35.71045 ], [ 139.665461, 35.71116 ], [ 139.665595, 35.711578 ], [ 139.665821, 35.712602 ], [ 139.66714, 35.712755 ], [ 139.668143, 35.713138 ], [ 139.667543, 35.714001 ], [ 139.667392, 35.714163 ], [ 139.667526, 35.714189 ], [ 139.667623, 35.713993 ], [ 139.667832, 35.713635 ], [ 139.66839, 35.714054 ], [ 139.668782, 35.713631 ], [ 139.67001, 35.714572 ], [ 139.670123, 35.714742 ], [ 139.670745, 35.71537 ], [ 139.670461, 35.715518 ], [ 139.669999, 35.71571 ], [ 139.670252, 35.716141 ], [ 139.670933, 35.715958 ], [ 139.67067, 35.715714 ], [ 139.671029, 35.715596 ], [ 139.671303, 35.715862 ], [ 139.671904, 35.715553 ], [ 139.672097, 35.715614 ], [ 139.67251, 35.715522 ], [ 139.673073, 35.715426 ], [ 139.673154, 35.715357 ], [ 139.673561, 35.715431 ], [ 139.673561, 35.71537 ], [ 139.672505, 35.715361 ], [ 139.671823, 35.715514 ], [ 139.671303, 35.715819 ], [ 139.671443, 35.716006 ], [ 139.671839, 35.715806 ], [ 139.672574, 35.715727 ] ] } },
{ "type": "Feature", "properties": { "id": "cxMzA", "name": "2025-03-13 Yutenji", "_umap_options": null, "description": null }, "geometry": { "type": "LineString", "coordinates": [ [ 139.684886, 35.628383 ], [ 139.685487, 35.629439 ], [ 139.685862, 35.629971 ], [ 139.687697, 35.632807 ], [ 139.689435, 35.633749 ], [ 139.691473, 35.634822 ], [ 139.693351, 35.635747 ], [ 139.694338, 35.636271 ], [ 139.693855, 35.636567 ], [ 139.692911, 35.636934 ], [ 139.692675, 35.637064 ], [ 139.692492, 35.636846 ], [ 139.691817, 35.637012 ], [ 139.691913, 35.637422 ], [ 139.691645, 35.637544 ], [ 139.691784, 35.637762 ], [ 139.691967, 35.638077 ], [ 139.692085, 35.637981 ] ] } },
{ "type": "Feature", "properties": { "id": "IwODc", "name": "After viewing", "_umap_options": null, "description": "" }, "geometry": { "type": "LineString", "coordinates": [ [ 139.71085, 35.605065 ], [ 139.711472, 35.604934 ], [ 139.712523, 35.60482 ], [ 139.713403, 35.604654 ], [ 139.713296, 35.604122 ], [ 139.712867, 35.601816 ], [ 139.709959, 35.602298 ], [ 139.7082, 35.602621 ], [ 139.707513, 35.602725 ], [ 139.707212, 35.602979 ], [ 139.70718, 35.603354 ], [ 139.707159, 35.603598 ], [ 139.706622, 35.603694 ], [ 139.704874, 35.603991 ], [ 139.703768, 35.604166 ], [ 139.702867, 35.604288 ], [ 139.701183, 35.604611 ], [ 139.700593, 35.604183 ], [ 139.700518, 35.604305 ], [ 139.699048, 35.602996 ], [ 139.698619, 35.602778 ], [ 139.698887, 35.602533 ], [ 139.698629, 35.602385 ], [ 139.697889, 35.601922 ] ] } },
{ "type": "Feature", "properties": { "id": "A3NDQ", "name": "House to Honacho", "_umap_options": null, "description": null }, "geometry": { "type": "LineString", "coordinates": [ [ 139.655156, 35.674282 ], [ 139.654748, 35.675006 ], [ 139.654287, 35.67552 ], [ 139.653676, 35.676218 ], [ 139.653289, 35.676566 ], [ 139.652646, 35.67709 ], [ 139.653123, 35.679701 ], [ 139.65308, 35.679802 ], [ 139.652892, 35.679871 ], [ 139.652898, 35.680002 ], [ 139.652849, 35.680089 ], [ 139.653, 35.680107 ], [ 139.653429, 35.680225 ], [ 139.653606, 35.680355 ], [ 139.653456, 35.680761 ], [ 139.6536, 35.680796 ], [ 139.653858, 35.680839 ], [ 139.653944, 35.68077 ], [ 139.654073, 35.680599 ], [ 139.654287, 35.680368 ], [ 139.654657, 35.680286 ], [ 139.655204, 35.680246 ], [ 139.655473, 35.680163 ], [ 139.655789, 35.680068 ], [ 139.65617, 35.679915 ], [ 139.656401, 35.679954 ], [ 139.656969, 35.68015 ], [ 139.657549, 35.680324 ], [ 139.657838, 35.680681 ], [ 139.657688, 35.681006 ], [ 139.657849, 35.681424 ], [ 139.657946, 35.68193 ], [ 139.658085, 35.682331 ], [ 139.658257, 35.682793 ], [ 139.658321, 35.683194 ], [ 139.658461, 35.683595 ], [ 139.658858, 35.6837 ], [ 139.659222, 35.683639 ], [ 139.659641, 35.683622 ], [ 139.660167, 35.683639 ], [ 139.658986, 35.683744 ], [ 139.658225, 35.683587 ], [ 139.656948, 35.683343 ], [ 139.656991, 35.682601 ] ] } },
{ "type": "Feature", "properties": { "id": "kxNDc", "name": "Meguro 2025-03-13", "_umap_options": null, "description": null }, "geometry": { "type": "LineString", "coordinates": [ [ 139.676099, 35.617593 ], [ 139.675756, 35.617261 ], [ 139.675208, 35.617593 ], [ 139.674758, 35.617872 ], [ 139.674489, 35.617898 ], [ 139.674103, 35.61802 ], [ 139.673502, 35.617697 ], [ 139.672912, 35.617575 ], [ 139.67199, 35.617191 ], [ 139.671485, 35.616982 ], [ 139.671485, 35.616877 ], [ 139.671496, 35.617069 ], [ 139.672709, 35.617523 ], [ 139.673406, 35.617697 ], [ 139.674178, 35.618055 ], [ 139.674608, 35.617846 ], [ 139.675122, 35.617663 ], [ 139.675852, 35.617261 ], [ 139.676045, 35.617654 ], [ 139.675702, 35.617942 ], [ 139.675326, 35.618378 ], [ 139.674897, 35.61878 ], [ 139.674618, 35.619513 ], [ 139.674736, 35.61953 ], [ 139.675004, 35.618806 ], [ 139.675874, 35.618832 ], [ 139.676431, 35.618928 ], [ 139.676464, 35.618771 ], [ 139.676968, 35.618928 ], [ 139.67685, 35.619118 ], [ 139.677215, 35.620392 ], [ 139.677451, 35.621788 ], [ 139.677536, 35.622695 ], [ 139.679403, 35.622957 ], [ 139.679918, 35.622922 ], [ 139.680047, 35.62362 ], [ 139.680948, 35.623516 ], [ 139.68127, 35.624737 ], [ 139.682515, 35.624563 ], [ 139.682847, 35.625009 ], [ 139.682719, 35.625197 ], [ 139.682949, 35.625306 ], [ 139.682949, 35.625541 ], [ 139.682804, 35.625698 ], [ 139.682761, 35.625978 ], [ 139.682305, 35.626008 ], [ 139.682767, 35.62603 ], [ 139.682702, 35.626309 ], [ 139.682477, 35.626457 ], [ 139.68245, 35.626671 ], [ 139.68318, 35.626487 ], [ 139.683781, 35.626424 ], [ 139.685245, 35.629208 ], [ 139.68568, 35.629008 ], [ 139.6859, 35.629439 ], [ 139.68612, 35.629435 ], [ 139.686479, 35.6294 ], [ 139.686549, 35.629884 ], [ 139.685894, 35.629937 ], [ 139.686409, 35.630887 ], [ 139.68524, 35.630865 ], [ 139.685208, 35.630451 ], [ 139.684746, 35.630512 ], [ 139.684655, 35.630098 ], [ 139.684151, 35.630203 ], [ 139.684108, 35.629675 ], [ 139.684424, 35.62964 ], [ 139.684392, 35.629303 ], [ 139.685229, 35.629138 ], [ 139.685159, 35.628803 ], [ 139.684886, 35.62827 ] ] } },
{ "type": "Feature", "properties": { "id": "c3NzA", "name": "Sasazuka to Hatagaya pt 1", "_umap_options": null, "description": null }, "geometry": { "type": "LineString", "coordinates": [ [ 139.667248, 35.678406 ], [ 139.66773, 35.678754 ], [ 139.668374, 35.679173 ], [ 139.668524, 35.678964 ], [ 139.669404, 35.679155 ], [ 139.669994, 35.679086 ], [ 139.670638, 35.678981 ], [ 139.671088, 35.679495 ], [ 139.671367, 35.679566 ], [ 139.671968, 35.679836 ], [ 139.672344, 35.68035 ], [ 139.672827, 35.68069 ], [ 139.673095, 35.680708 ], [ 139.673352, 35.680952 ], [ 139.673696, 35.681178 ], [ 139.673867, 35.681388 ], [ 139.673996, 35.68178 ] ] } },
{ "type": "Feature", "properties": { "id": "IwNDQ", "name": "Sasazuka to Hatagaya pt2", "_umap_options": null, "description": null }, "geometry": { "type": "LineString", "coordinates": [ [ 139.673996, 35.681841 ], [ 139.674103, 35.682224 ], [ 139.674393, 35.682468 ], [ 139.674844, 35.682032 ], [ 139.675455, 35.681631 ], [ 139.675734, 35.681204 ], [ 139.67612, 35.680637 ], [ 139.676785, 35.68014 ], [ 139.676957, 35.679861 ], [ 139.677397, 35.679015 ], [ 139.677569, 35.678449 ], [ 139.677665, 35.678108 ], [ 139.677794, 35.677725 ], [ 139.676861, 35.677437 ], [ 139.676979, 35.676722 ], [ 139.677107, 35.676478 ] ] } },
{ "type": "Feature", "properties": { "id": "QzNzA", "name": "Sasazuka to other house", "_umap_options": null, "description": null }, "geometry": { "type": "LineString", "coordinates": [ [ 139.657087, 35.682508 ], [ 139.657216, 35.679893 ], [ 139.658031, 35.677695 ], [ 139.660177, 35.673893 ], [ 139.662988, 35.674864 ], [ 139.663589, 35.674229 ], [ 139.663782, 35.673532 ], [ 139.666475, 35.674351 ], [ 139.666582, 35.673689 ], [ 139.666775, 35.673008 ], [ 139.668514, 35.673305 ], [ 139.6689, 35.671901 ], [ 139.668621, 35.671735 ], [ 139.667537, 35.673078 ], [ 139.668471, 35.673392 ], [ 139.668095, 35.674796 ], [ 139.668084, 35.675895 ], [ 139.66787, 35.675921 ], [ 139.667698, 35.676601 ], [ 139.667387, 35.677168 ], [ 139.666851, 35.677534 ], [ 139.666711, 35.677639 ], [ 139.666775, 35.677822 ], [ 139.667033, 35.678092 ], [ 139.666915, 35.67818 ], [ 139.667258, 35.678363 ] ] } },
{ "type": "Feature", "properties": { "id": "k4NzY", "name": "Test", "_umap_options": null, "description": null }, "geometry": { "type": "LineString", "coordinates": [ [ 139.731717, 35.708098 ], [ 139.731352, 35.708132 ], [ 139.731191, 35.70727 ], [ 139.726996, 35.707339 ], [ 139.724218, 35.707854 ], [ 139.722351, 35.708316 ], [ 139.72131, 35.707605 ], [ 139.721428, 35.707487 ], [ 139.721149, 35.707461 ], [ 139.720012, 35.706128 ], [ 139.719819, 35.706049 ], [ 139.718735, 35.70659 ], [ 139.718199, 35.706729 ], [ 139.717866, 35.706938 ], [ 139.71718, 35.707348 ], [ 139.717019, 35.707113 ], [ 139.71719, 35.706825 ], [ 139.717147, 35.706398 ], [ 139.718714, 35.706476 ], [ 139.718435, 35.706903 ], [ 139.717458, 35.707941 ], [ 139.716911, 35.708716 ], [ 139.716343, 35.709405 ], [ 139.713478, 35.709893 ], [ 139.711611, 35.710965 ], [ 139.709938, 35.711445 ], [ 139.707652, 35.711942 ], [ 139.707159, 35.71209 ], [ 139.707196, 35.712073 ] ] } },
{ "type": "Feature", "properties": { "id": "Q1NjA", "name": "To Hotel", "_umap_options": null, "description": null }, "geometry": { "type": "LineString", "coordinates": [ [ 134.550816, 34.073935 ], [ 134.550489, 34.073441 ], [ 134.549786, 34.072565 ], [ 134.549282, 34.071884 ], [ 134.550092, 34.071257 ], [ 134.550338, 34.07116 ], [ 134.550569, 34.071076 ], [ 134.550869, 34.070974 ] ] } },
{ "type": "Feature", "properties": { "id": "cwNTQ", "name": "To sharehouse", "_umap_options": null, "description": null }, "geometry": { "type": "LineString", "coordinates": [ [ 139.713349, 35.606031 ], [ 139.712314, 35.606192 ], [ 139.712217, 35.605537 ], [ 139.711896, 35.60528 ], [ 139.711375, 35.604966 ], [ 139.710721, 35.605053 ], [ 139.710544, 35.605123 ] ] } },
{ "type": "Feature", "properties": { "id": "A2MjQ", "name": "Wakayama Castle 1", "_umap_options": null, "description": null }, "geometry": { "type": "LineString", "coordinates": [ [ 135.173882, 34.229747 ], [ 135.17385, 34.229436 ], [ 135.173802, 34.228535 ], [ 135.173593, 34.228513 ], [ 135.173593, 34.228358 ], [ 135.173469, 34.2283 ], [ 135.173163, 34.228411 ], [ 135.1726, 34.228589 ], [ 135.172359, 34.228606 ], [ 135.172321, 34.228482 ], [ 135.172139, 34.228464 ], [ 135.172176, 34.228043 ], [ 135.171962, 34.227945 ], [ 135.172192, 34.227856 ], [ 135.172192, 34.227781 ], [ 135.171962, 34.227754 ], [ 135.171994, 34.227701 ], [ 135.172273, 34.227639 ], [ 135.172305, 34.227537 ], [ 135.17253, 34.227599 ] ] } },
{ "type": "Feature", "properties": { "id": "I3NzQ", "name": "Wakayama Castle market", "_umap_options": null, "description": null }, "geometry": { "type": "LineString", "coordinates": [ [ 135.170352, 34.228868 ], [ 135.170336, 34.228961 ], [ 135.169988, 34.228788 ], [ 135.169988, 34.228646 ] ] } },
{ "type": "Feature", "properties": { "id": "U4ODg", "name": "Wakayama Castle Musuem", "_umap_options": null, "description": null }, "geometry": { "type": "LineString", "coordinates": [ [ 135.170358, 34.228966 ], [ 135.170347, 34.229232 ], [ 135.170272, 34.229232 ], [ 135.170277, 34.229578 ], [ 135.170159, 34.229534 ] ] } },
{ "type": "Feature", "properties": { "id": "AzNzM", "name": "Wakayama Castle Teahouse", "_umap_options": null, "description": null }, "geometry": { "type": "LineString", "coordinates": [ [ 135.172327, 34.228598 ], [ 135.172074, 34.228611 ], [ 135.171479, 34.228464 ], [ 135.171479, 34.228411 ], [ 135.170798, 34.228247 ], [ 135.170787, 34.228416 ], [ 135.170535, 34.228416 ], [ 135.170497, 34.228358 ], [ 135.170369, 34.22842 ], [ 135.170283, 34.228495 ], [ 135.170369, 34.228602 ], [ 135.170369, 34.228766 ], [ 135.170363, 34.228855 ], [ 135.170503, 34.228837 ] ] } },
{ "type": "Feature", "properties": { "id": "c2MzM", "name": "Wakayama Castle Tower", "_umap_options": null, "description": null }, "geometry": { "type": "LineString", "coordinates": [ [ 135.17253, 34.227617 ], [ 135.172192, 34.227528 ], [ 135.171758, 34.227461 ], [ 135.171399, 34.227315 ], [ 135.171372, 34.227359 ], [ 135.171179, 34.227346 ], [ 135.171093, 34.227461 ], [ 135.170975, 34.227453 ], [ 135.170953, 34.227515 ], [ 135.171238, 34.227612 ], [ 135.171313, 34.227679 ], [ 135.171452, 34.227745 ] ] } },
{ "type": "Feature", "properties": { "id": "EyODQ", "name": "Wakayama Downtown", "_umap_options": null, "description": null }, "geometry": { "type": "LineString", "coordinates": [ [ 135.170159, 34.229552 ], [ 135.170251, 34.2296 ], [ 135.170288, 34.229729 ], [ 135.170476, 34.229782 ], [ 135.171683, 34.229923 ], [ 135.171629, 34.232727 ], [ 135.171683, 34.233162 ], [ 135.171683, 34.233526 ], [ 135.17253, 34.233526 ], [ 135.173657, 34.233508 ], [ 135.173603, 34.233828 ], [ 135.174494, 34.233845 ] ] } },
{ "type": "Feature", "properties": { "id": "kzNzY", "name": "Walk to Couri sharehouse", "_umap_options": null, "description": null }, "geometry": { "type": "LineString", "coordinates": [ [ 139.666529, 35.673664 ], [ 139.666421, 35.674021 ], [ 139.664576, 35.673454 ], [ 139.663117, 35.67301 ], [ 139.66154, 35.6726 ], [ 139.661518, 35.672914 ], [ 139.660703, 35.672739 ], [ 139.65934, 35.672382 ], [ 139.657881, 35.672007 ], [ 139.65698, 35.671754 ], [ 139.656304, 35.672556 ], [ 139.655156, 35.674239 ] ] } },
{ "type": "Feature", "properties": { "id": "k4MTY", "name": "Walk to station vs home Wakayama", "_umap_options": null, "description": null }, "geometry": { "type": "LineString", "coordinates": [ [ 135.191579, 34.232253 ], [ 135.19152, 34.232506 ], [ 135.192282, 34.232586 ], [ 135.1924, 34.232648 ], [ 135.192572, 34.232621 ], [ 135.192738, 34.232435 ], [ 135.192942, 34.232417 ], [ 135.192915, 34.231707 ], [ 135.192883, 34.230633 ], [ 135.192845, 34.229582 ], [ 135.194401, 34.229599 ], [ 135.194428, 34.229209 ] ] } },
{ "type": "Feature", "properties": { "id": "UxNTM", "name": null, "_umap_options": null, "description": null }, "geometry": { "type": "LineString", "coordinates": [ [ 140.993729, 43.197715 ], [ 140.994308, 43.197918 ], [ 140.994651, 43.196995 ], [ 140.994909, 43.197011 ], [ 140.995166, 43.197042 ], [ 140.995166, 43.196823 ], [ 140.99581, 43.196886 ], [ 140.996819, 43.195321 ], [ 140.997419, 43.195478 ], [ 140.998406, 43.194039 ], [ 141.00081, 43.194539 ], [ 140.999565, 43.196197 ], [ 140.998857, 43.197449 ], [ 140.998106, 43.198997 ], [ 140.998986, 43.199263 ], [ 140.999994, 43.199435 ], [ 140.998578, 43.201782 ], [ 141.000295, 43.202079 ], [ 141.001325, 43.199967 ], [ 141.002097, 43.198685 ], [ 141.003127, 43.197715 ], [ 141.003878, 43.198106 ], [ 141.002247, 43.200233 ], [ 141.003213, 43.200562 ], [ 141.003964, 43.201344 ], [ 141.004565, 43.200437 ], [ 141.005273, 43.199154 ], [ 141.006432, 43.197511 ], [ 141.005552, 43.197136 ], [ 141.005166, 43.197136 ], [ 141.004844, 43.196604 ], [ 141.003642, 43.197245 ], [ 141.002505, 43.196416 ], [ 141.002848, 43.196119 ], [ 141.004479, 43.195306 ], [ 141.005831, 43.194758 ], [ 141.006153, 43.194258 ], [ 141.006796, 43.193256 ], [ 141.007118, 43.192161 ], [ 141.007354, 43.19116 ], [ 141.007397, 43.190738 ], [ 141.007955, 43.189658 ], [ 141.008159, 43.189025 ], [ 141.006807, 43.188391 ], [ 141.005938, 43.189236 ], [ 141.004007, 43.187476 ], [ 141.00376, 43.187578 ], [ 141.002676, 43.18836 ], [ 141.00214, 43.189377 ], [ 141.000574, 43.19163 ], [ 140.999157, 43.194273 ], [ 140.998321, 43.195869 ], [ 140.997334, 43.197386 ], [ 140.996733, 43.198513 ], [ 140.995338, 43.198231 ], [ 140.993943, 43.1982 ], [ 140.993879, 43.199295 ], [ 140.994051, 43.199561 ], [ 140.994673, 43.199748 ], [ 140.994737, 43.199514 ], [ 140.994136, 43.199326 ], [ 140.994759, 43.197934 ], [ 140.993686, 43.19759 ] ] } },
{ "type": "Feature", "properties": { "id": "U4Mzc", "name": null, "_umap_options": null, "description": null }, "geometry": { "type": "LineString", "coordinates": [ [ 141.007408, 43.186866 ], [ 141.00773, 43.186756 ], [ 141.008899, 43.18757 ], [ 141.009811, 43.187288 ], [ 141.010798, 43.187139 ], [ 141.011131, 43.187304 ], [ 141.011646, 43.186967 ], [ 141.012858, 43.186717 ], [ 141.014071, 43.186459 ], [ 141.014779, 43.186232 ], [ 141.015272, 43.185896 ], [ 141.015873, 43.18545 ], [ 141.017118, 43.187139 ], [ 141.015916, 43.187718 ], [ 141.014135, 43.188829 ], [ 141.014607, 43.189017 ], [ 141.016753, 43.189737 ], [ 141.018791, 43.190441 ], [ 141.018491, 43.190628 ] ] } },
{ "type": "Feature", "properties": { "id": "QwNjQ", "name": null, "_umap_options": null, "description": null }, "geometry": { "type": "LineString", "coordinates": [ [ 139.061208, 37.913444 ], [ 139.060822, 37.913343 ], [ 139.058998, 37.916627 ], [ 139.059126, 37.916948 ], [ 139.058633, 37.916864 ], [ 139.053333, 37.919437 ], [ 139.050393, 37.920859 ], [ 139.048913, 37.921231 ], [ 139.043677, 37.922111 ], [ 139.043291, 37.920605 ], [ 139.042432, 37.919166 ], [ 139.042625, 37.919098 ], [ 139.043548, 37.920605 ], [ 139.044063, 37.922585 ], [ 139.045136, 37.926648 ], [ 139.043269, 37.927054 ], [ 139.04284, 37.927223 ], [ 139.041553, 37.926174 ], [ 139.041252, 37.926174 ], [ 139.039965, 37.925717 ], [ 139.039128, 37.927189 ], [ 139.037454, 37.926258 ], [ 139.038012, 37.925869 ], [ 139.038827, 37.925243 ], [ 139.039106, 37.92531 ], [ 139.040051, 37.924633 ], [ 139.040673, 37.924058 ], [ 139.04151, 37.923364 ], [ 139.041252, 37.92245 ], [ 139.043505, 37.922128 ] ] } },
{ "type": "Feature", "properties": { "id": "QzMDg", "name": null, "_umap_options": null, "description": null }, "geometry": { "type": "LineString", "coordinates": [ [ 139.744163, 35.655108 ], [ 139.745064, 35.654995 ], [ 139.745407, 35.655187 ], [ 139.745579, 35.655387 ], [ 139.745804, 35.655928 ], [ 139.745815, 35.656459 ], [ 139.746062, 35.656948 ], [ 139.746351, 35.657383 ], [ 139.746544, 35.657689 ], [ 139.746963, 35.658403 ], [ 139.746662, 35.658508 ], [ 139.746716, 35.658674 ], [ 139.747081, 35.659397 ], [ 139.747274, 35.659728 ], [ 139.747521, 35.659763 ], [ 139.747692, 35.659972 ], [ 139.747885, 35.660103 ], [ 139.748465, 35.659903 ], [ 139.748669, 35.659999 ], [ 139.748851, 35.660051 ], [ 139.749066, 35.659929 ], [ 139.750578, 35.659659 ], [ 139.750729, 35.659755 ], [ 139.751222, 35.660923 ], [ 139.750729, 35.660696 ], [ 139.749827, 35.660339 ] ] } },
{ "type": "Feature", "properties": { "id": "AyODY", "name": null, "_umap_options": null, "description": null }, "geometry": { "type": "LineString", "coordinates": [ [ 139.751308, 35.660905 ], [ 139.750793, 35.659528 ], [ 139.750986, 35.659371 ], [ 139.752553, 35.659162 ], [ 139.752874, 35.656965 ], [ 139.754355, 35.656913 ] ] } },
{ "type": "Feature", "properties": { "id": "MzMzc", "name": null, "_umap_options": null, "description": null }, "geometry": { "type": "LineString", "coordinates": [ [ 139.740086, 35.701516 ], [ 139.740601, 35.702492 ], [ 139.741759, 35.702056 ], [ 139.74133, 35.70108 ], [ 139.740965, 35.700418 ] ] } },
{ "type": "Feature", "properties": { "id": "gzMTM", "name": null, "_umap_options": null, "description": null }, "geometry": { "type": "LineString", "coordinates": [ [ 139.740493, 35.702422 ], [ 139.739871, 35.702858 ], [ 139.740043, 35.703293 ], [ 139.73794, 35.70345 ], [ 139.736803, 35.703921 ], [ 139.736652, 35.703886 ], [ 139.736009, 35.704147 ] ] } },
{ "type": "Feature", "properties": { "id": "IyMzA", "name": null, "_umap_options": null, "description": null }, "geometry": { "type": "LineString", "coordinates": [ [ 139.739678, 35.701551 ], [ 139.739292, 35.700924 ], [ 139.740279, 35.69932 ], [ 139.740987, 35.698606 ], [ 139.742575, 35.700366 ] ] } },
{ "type": "Feature", "properties": { "id": "gwOTE", "name": null, "_umap_options": null, "description": null }, "geometry": { "type": "LineString", "coordinates": [ [ 139.772959, 35.712528 ], [ 139.771543, 35.712179 ], [ 139.771349, 35.712005 ], [ 139.771006, 35.712249 ], [ 139.770684, 35.712249 ], [ 139.77055, 35.712262 ], [ 139.770598, 35.711931 ], [ 139.770486, 35.7117 ], [ 139.770459, 35.711369 ], [ 139.770309, 35.711208 ], [ 139.769821, 35.710764 ], [ 139.769611, 35.710555 ], [ 139.769413, 35.71042 ], [ 139.769354, 35.710263 ], [ 139.769322, 35.710071 ], [ 139.769322, 35.709888 ], [ 139.769536, 35.709758 ], [ 139.769756, 35.709618 ], [ 139.769949, 35.709592 ], [ 139.770132, 35.70964 ], [ 139.77033, 35.70988 ], [ 139.770561, 35.710189 ], [ 139.770727, 35.710176 ], [ 139.77091, 35.710106 ], [ 139.771044, 35.710006 ], [ 139.77121, 35.709919 ], [ 139.771248, 35.709814 ], [ 139.771768, 35.709884 ], [ 139.772154, 35.710006 ], [ 139.772358, 35.710067 ], [ 139.772519, 35.71025 ], [ 139.772578, 35.710481 ], [ 139.773318, 35.710533 ], [ 139.773243, 35.710925 ], [ 139.772959, 35.711931 ], [ 139.772776, 35.71231 ], [ 139.772589, 35.71272 ], [ 139.772696, 35.712837 ], [ 139.772658, 35.713116 ], [ 139.772589, 35.713399 ], [ 139.772428, 35.713399 ], [ 139.772353, 35.713582 ], [ 139.772449, 35.713704 ], [ 139.772417, 35.713747 ], [ 139.772551, 35.713791 ], [ 139.772551, 35.714017 ] ] } },
{ "type": "Feature", "properties": { "id": "U2MDY", "name": null, "_umap_options": null, "description": null }, "geometry": { "type": "LineString", "coordinates": [ [ 139.773109, 35.71373 ], [ 139.773409, 35.714531 ], [ 139.77401, 35.715455 ], [ 139.77489, 35.716657 ], [ 139.774675, 35.716744 ], [ 139.775105, 35.717319 ], [ 139.775362, 35.717319 ], [ 139.775641, 35.71772 ], [ 139.775405, 35.718051 ], [ 139.775791, 35.718556 ], [ 139.776306, 35.718434 ], [ 139.776306, 35.71812 ], [ 139.776049, 35.717876 ], [ 139.775534, 35.717145 ], [ 139.775941, 35.716866 ], [ 139.776049, 35.71657 ], [ 139.775383, 35.715455 ], [ 139.774997, 35.71488 ], [ 139.774332, 35.713939 ], [ 139.774289, 35.713573 ], [ 139.774418, 35.712929 ], [ 139.774439, 35.712441 ], [ 139.774032, 35.712772 ], [ 139.773839, 35.71272 ], [ 139.773839, 35.712267 ], [ 139.773345, 35.71251 ], [ 139.77313, 35.71251 ] ] } },
{ "type": "Feature", "properties": { "id": null, "name": null, "_umap_options": null, "description": null }, "geometry": { "type": "LineString", "coordinates": [ [ 137.443524210227338, 36.874102325264495 ], [ 137.44429, 36.873127 ], [ 137.443314, 36.873077 ], [ 137.442062, 36.873005 ], [ 137.441162, 36.872604 ], [ 137.439316, 36.872009 ], [ 137.43779, 36.871437 ], [ 137.436279, 36.87064 ], [ 137.434534893081519, 36.870279354162626 ] ] } },
{ "type": "Feature", "properties": { "id": null, "name": null, "_umap_options": null, "description": null }, "geometry": { "type": "LineString", "coordinates": [ [ 137.015880021568847, 36.741701556255244 ], [ 137.016144, 36.742203 ], [ 137.016342, 36.742958 ], [ 137.016083, 36.744183 ], [ 137.015121, 36.745152 ], [ 137.014328, 36.746143 ], [ 137.015442, 36.747051 ], [ 137.015533, 36.747967 ], [ 137.015808, 36.747128 ], [ 137.016754, 36.745956 ], [ 137.017059, 36.745251 ], [ 137.017899, 36.744022 ], [ 137.017395, 36.743458 ], [ 137.015945, 36.74287 ], [ 137.015374710079527, 36.742565797432086 ] ] } },
{ "type": "Feature", "properties": { "id": null, "name": null, "_umap_options": null, "description": null }, "geometry": { "type": "LineString", "coordinates": [ [ 137.213638497285501, 36.70187305178964 ], [ 137.213013, 36.701794 ], [ 137.212753, 36.701099 ], [ 137.21019, 36.6968 ], [ 137.209, 36.692497 ], [ 137.209564, 36.692387 ], [ 137.210037, 36.69297 ], [ 137.211151, 36.692787 ], [ 137.211807, 36.693272 ], [ 137.212112, 36.692535 ], [ 137.21167, 36.693672 ], [ 137.210922, 36.693592 ], [ 137.210602, 36.694355 ], [ 137.212418, 36.694607 ], [ 137.213379, 36.695591 ], [ 137.213654, 36.696243 ], [ 137.213577, 36.695736 ], [ 137.213364, 36.696762 ], [ 137.213638, 36.695843 ], [ 137.21254, 36.695782 ], [ 137.213287, 36.696453 ], [ 137.213425, 36.698238 ], [ 137.213348, 36.699776 ], [ 137.212875, 36.700199 ], [ 137.213058, 36.701435 ], [ 137.213531783208225, 36.701915091463988 ] ] } },
{ "type": "Feature", "properties": { "id": null, "name": "Kanazawa", "_umap_options": null, "description": null }, "geometry": { "type": "LineString", "coordinates": [ [ 136.651244584407436, 36.579382101198547 ], [ 136.64769, 36.577312 ], [ 136.647873, 36.577793 ], [ 136.648773, 36.578064 ], [ 136.649521, 36.577679 ], [ 136.650345, 36.578239 ], [ 136.650009, 36.579002 ], [ 136.650604, 36.579437 ], [ 136.649826, 36.578724 ], [ 136.650146, 36.578072 ], [ 136.650024, 36.577374 ], [ 136.651382, 36.576427 ], [ 136.651978, 36.575993 ], [ 136.654007, 36.57489 ], [ 136.655487, 36.575058 ], [ 136.656067, 36.575413 ], [ 136.657776, 36.575256 ], [ 136.657898, 36.574078 ], [ 136.657227, 36.573433 ], [ 136.656342, 36.572735 ], [ 136.655986723551734, 36.572029414379244 ], [ 136.656370071332645, 36.571774321805002 ], [ 136.655975770758005, 36.57145765398888 ], [ 136.655921006789299, 36.571220152274677 ], [ 136.657848698487442, 36.571009039026677 ], [ 136.658724921986618, 36.570877092953623 ], [ 136.658646, 36.570374 ], [ 136.65863, 36.569668 ], [ 136.658615394049207, 36.568361278036619 ], [ 136.658965883448872, 36.568290904413196 ], [ 136.65898778903636, 36.567393635093978 ], [ 136.660641660891002, 36.566813043509612 ], [ 136.660411652222507, 36.566021320679781 ], [ 136.659958, 36.566013 ], [ 136.659119, 36.565456 ], [ 136.65939304240473, 36.565757411266524 ], [ 136.659653, 36.566181 ], [ 136.65921, 36.565308 ], [ 136.660532132953591, 36.564842518319772 ], [ 136.661014055878127, 36.565722223276616 ], [ 136.662079, 36.564762 ], [ 136.662796, 36.563114 ], [ 136.663986, 36.56263 ], [ 136.664190366062542, 36.562088977052646 ], [ 136.663730348725522, 36.561596320341103 ], [ 136.662659, 36.561085 ], [ 136.662503635826681, 36.562132964106262 ], [ 136.662186, 36.56181 ], [ 136.661346, 36.560963 ], [ 136.661316, 36.561993 ], [ 136.660675, 36.562531 ], [ 136.661942, 36.563393 ], [ 136.66272, 36.563354 ], [ 136.662109, 36.564575 ], [ 136.66156, 36.563896 ], [ 136.662415, 36.564957 ], [ 136.660034, 36.562305 ], [ 136.658783, 36.561726 ], [ 136.655411, 36.562157 ], [ 136.653992, 36.562309 ], [ 136.653732, 36.564209 ], [ 136.654360233681473, 36.569927074573059 ], [ 136.654776439843602, 36.573340049146829 ], [ 136.654114, 36.573425 ], [ 136.650406, 36.573746 ], [ 136.6492, 36.573753 ], [ 136.648132, 36.575169 ], [ 136.649109, 36.576672 ], [ 136.649033, 36.578201 ], [ 136.650101, 36.579086 ], [ 136.650574, 36.579433 ], [ 136.650574, 36.579433 ] ] } },
{ "type": "Feature", "properties": { "id": null, "name": null, "_umap_options": null, "description": null }, "geometry": { "type": "LineString", "coordinates": [ [ 136.351025349265939, 36.056501677801386 ], [ 136.351184164775162, 36.056182909996998 ], [ 136.351403220649956, 36.055846431469377 ], [ 136.351819426812057, 36.055753456885697 ], [ 136.352033006289957, 36.055195607077025 ], [ 136.353194002426363, 36.055124768723147 ], [ 136.354207135847247, 36.05506278511119 ], [ 136.354442620912636, 36.055058357708475 ], [ 136.354486432087612, 36.055279727539443 ], [ 136.355570758667824, 36.055053930305512 ], [ 136.356364836213913, 36.055049502902285 ], [ 136.356731754804201, 36.055478959854952 ], [ 136.35655103370749, 36.055673764297978 ], [ 136.35655103370749, 36.055895132397943 ], [ 136.357208201331844, 36.055877422972863 ], [ 136.357273918094279, 36.056081081120709 ], [ 136.357054862219485, 36.056076653775271 ], [ 136.357082244203866, 36.056576942233455 ], [ 136.356709849216713, 36.056616788080099 ], [ 136.356687943629225, 36.056315730072406 ], [ 136.356457934960702, 36.055912841819044 ], [ 136.356457934960702, 36.055611781118415 ], [ 136.356030776004843, 36.055638345344207 ], [ 136.355965059242436, 36.055142478317592 ], [ 136.354316663784658, 36.05556750738883 ], [ 136.353394, 36.055611 ], [ 136.352844, 36.055721 ], [ 136.351835856002651, 36.055784448425797 ] ] } },
{ "type": "Feature", "properties": { "id": null, "name": null, "_umap_options": null, "description": null }, "geometry": { "type": "LineString", "coordinates": [ [ 136.223729141834866, 36.061242788281803 ], [ 136.222275, 36.061737 ], [ 136.222183, 36.0611 ], [ 136.223038, 36.060989 ], [ 136.222336, 36.061192 ], [ 136.223602, 36.061787 ], [ 136.223846074387154, 36.062382929286414 ] ] } },
{ "type": "Feature", "properties": { "id": null, "name": null, "_umap_options": null, "description": null }, "geometry": { "type": "LineString", "coordinates": [ [ 136.648312904182376, 36.577916088160471 ], [ 136.648987, 36.578777 ], [ 136.648392, 36.578159 ], [ 136.650696, 36.577034 ], [ 136.65274, 36.575588 ], [ 136.654495, 36.573792 ], [ 136.655518, 36.572407 ], [ 136.655472, 36.571472 ], [ 136.65477, 36.570225 ], [ 136.654228800156602, 36.567868661326088 ], [ 136.654877, 36.567848 ], [ 136.655701, 36.567677 ], [ 136.655630757755233, 36.566672293377394 ], [ 136.655302173943056, 36.566091696371025 ], [ 136.654327, 36.566154 ], [ 136.652725, 36.566277 ], [ 136.652023, 36.566254 ], [ 136.651138, 36.566357 ], [ 136.651367, 36.565678 ], [ 136.652213486108508, 36.565053648423081 ], [ 136.65239, 36.564579 ], [ 136.652496, 36.564121 ], [ 136.652267, 36.563637 ], [ 136.651535, 36.563622 ], [ 136.650925, 36.563744 ], [ 136.650146, 36.56385 ], [ 136.650702000572494, 36.563259024151449 ], [ 136.65062, 36.562931 ], [ 136.650570567047623, 36.562396885901997 ], [ 136.651794, 36.562069 ], [ 136.652328, 36.56184 ], [ 136.652878, 36.561974 ], [ 136.653503, 36.56213 ], [ 136.653824, 36.562538 ], [ 136.653854, 36.563297 ], [ 136.65387, 36.562565 ], [ 136.658463, 36.56192 ], [ 136.659551857913954, 36.561851446530341 ], [ 136.662180528411454, 36.565387936573181 ], [ 136.663231996610421, 36.565616659210768 ], [ 136.663253902197908, 36.566901012211993 ], [ 136.66437108715931, 36.567217698711069 ], [ 136.664017, 36.57019 ], [ 136.663803, 36.571098 ], [ 136.664179413268897, 36.571897470049471 ], [ 136.663681, 36.572289 ], [ 136.662876030813891, 36.572847464192144 ], [ 136.663182709038608, 36.573146534003634 ], [ 136.664650383399703, 36.572381264823157 ], [ 136.664836580893251, 36.572504412099804 ], [ 136.666205680110693, 36.572117377140501 ], [ 136.666446641572946, 36.572407653541823 ], [ 136.667300959484635, 36.572222932321765 ], [ 136.667374, 36.572819 ], [ 136.666731414210204, 36.572944222199077 ], [ 136.666578075097846, 36.572812279432299 ], [ 136.666501405541652, 36.572583578102524 ], [ 136.665833, 36.572659 ], [ 136.665088495149263, 36.572988203071247 ], [ 136.664566, 36.572128 ], [ 136.663840746631621, 36.571056588535747 ], [ 136.659918776504242, 36.571431264945588 ], [ 136.657826792900011, 36.571747932869911 ], [ 136.656174, 36.572102 ], [ 136.655106, 36.573029 ], [ 136.653992, 36.574295 ], [ 136.650635, 36.576958 ], [ 136.648758, 36.578018 ], [ 136.649231, 36.57848 ], [ 136.650513, 36.579399 ], [ 136.650848, 36.579834 ], [ 136.650848, 36.579834 ] ] } },
{ "type": "Feature", "properties": { "id": null, "name": null, "_umap_options": null, "description": null }, "geometry": { "type": "LineString", "coordinates": [ [ 137.583013225749852, 36.815790422444081 ], [ 137.584488368322667, 36.815273318610053 ], [ 137.585972239549676, 36.814888982416306 ], [ 137.585771480501336, 36.814406812462401 ], [ 137.586766547088899, 36.814392836476401 ], [ 137.586923662865871, 36.814602475998271 ], [ 137.587892543490597, 36.814427776436595 ], [ 137.588381348130071, 36.814665367742869 ], [ 137.589035997200881, 36.814993801569614 ], [ 137.589184384323545, 36.815007777445878 ], [ 137.591375276547041, 36.813652105567726 ], [ 137.591654593483867, 36.813260773137458 ], [ 137.591733151372352, 36.812960284377866 ], [ 137.591724422718073, 36.812638829980408 ], [ 137.591645864829559, 36.812317374233096 ], [ 137.591462563089777, 36.812051822815064 ], [ 137.591226889424291, 36.811709399889999 ] ] } },
{ "type": "Feature", "properties": { "id": null, "name": null, "_umap_options": null, "description": null }, "geometry": { "type": "LineString", "coordinates": [ [ 137.584243966002902, 36.815559822517216 ], [ 137.583528216352164, 36.815839337490772 ], [ 137.583004497095573, 36.815951143194383 ], [ 137.583065597675528, 36.816230656738973 ], [ 137.583388557883751, 36.816607998405082 ], [ 137.583502030389354, 36.81681064408766 ], [ 137.583388557883751, 36.817132080966459 ], [ 137.583231442106751, 36.817453516495377 ], [ 137.582908481898556, 36.817767962989215 ], [ 137.582602978998864, 36.81786579052384 ], [ 137.582602978998864, 36.817963617933408 ], [ 137.582297476099171, 36.817963617933408 ], [ 137.581826128768228, 36.818131321773222 ], [ 137.581695198954066, 36.81782386445289 ], [ 137.582218918210685, 36.817243884781796 ], [ 137.58248950649326, 36.816929436134899 ], [ 137.581930872619523, 36.816545108256577 ], [ 137.582245104173495, 36.816321498421196 ], [ 137.583004497095573, 36.816132827114487 ], [ 137.582899753244277, 36.815825361766336 ], [ 137.582934667861366, 36.815811386039336 ] ] } },
{ "type": "Feature", "properties": { "id": null, "name": null, "_umap_options": null, "description": null }, "geometry": { "type": "LineString", "coordinates": [ [ 139.15333304475962, 35.789573359363821 ], [ 139.153354866395318, 35.789353865894348 ], [ 139.153206479272683, 35.789106049958299 ], [ 139.153049363495626, 35.788801589321849 ], [ 139.152765682231632, 35.788543150889666 ], [ 139.152477636640498, 35.788631657296676 ], [ 139.15224196297504, 35.788585633977327 ], [ 139.1517269723727, 35.788670600084536 ], [ 139.151504391688661, 35.788564392436328 ], [ 139.151347275911661, 35.788366137779931 ], [ 139.151469477071544, 35.788157261803377 ], [ 139.151190160134689, 35.787810314052855 ], [ 139.151006858394879, 35.787562493303788 ], [ 139.150867199926438, 35.787261567069649 ], [ 139.151124695227594, 35.786953559038331 ], [ 139.150941393487784, 35.786617227066124 ], [ 139.151050501666276, 35.786256111153683 ], [ 139.151163974171851, 35.786231328628936 ], [ 139.151225074751778, 35.786128658086987 ], [ 139.15154367063289, 35.786266732233351 ], [ 139.151591678231426, 35.786040148892646 ], [ 139.151783708625516, 35.78590915510415 ], [ 139.151822987569744, 35.785583439883474 ], [ 139.151792437279795, 35.785296667769067 ], [ 139.151923367093929, 35.785094864549826 ], [ 139.152001924982443, 35.784489451818018 ], [ 139.15185790218689, 35.784404481241047 ], [ 139.152111033160878, 35.783947762833613 ], [ 139.151949553056795, 35.783813225127972 ], [ 139.151389828101287, 35.783976086532086 ], [ 139.150911934279634, 35.78383977864052 ], [ 139.150946848896723, 35.783737105009415 ], [ 139.150929391588193, 35.783641512199168 ], [ 139.150534419982165, 35.783262680302158 ], [ 139.150344571751646, 35.782933413728877 ], [ 139.150342389588104, 35.782784712248734 ], [ 139.150238736818551, 35.782790023020674 ], [ 139.150061981569451, 35.782821887620408 ], [ 139.150060890487651, 35.782712131663352 ], [ 139.149803395186495, 35.78275638812574 ], [ 139.149320045955903, 35.782843130720529 ], [ 139.149368053554412, 35.782882076344556 ], [ 139.149582996666027, 35.782887387109987 ], [ 139.149598271810987, 35.782933413728877 ], [ 139.149874315502501, 35.782910400389419 ], [ 139.15008707645049, 35.782910400407637 ], [ 139.150069619141931, 35.782804185077438 ], [ 139.150340207424506, 35.782790023020674 ], [ 139.150346753915215, 35.782947575760105 ], [ 139.150547512963584, 35.783271531535306 ], [ 139.150591156234981, 35.783287463754149 ], [ 139.150715539558405, 35.783354733078703 ], [ 139.150821374491557, 35.783452096476346 ], [ 139.150873746417176, 35.783427313077354 ], [ 139.150707901985925, 35.783083885181597 ], [ 139.150751545257322, 35.782931643474797 ], [ 139.150873746417176, 35.782758158383722 ], [ 139.150886839398623, 35.782581132390305 ], [ 139.150748272011953, 35.782430659985934 ], [ 139.150561697026774, 35.782358079077291 ], [ 139.150299837398478, 35.782188133275866 ], [ 139.150160178930065, 35.78201110601303 ], [ 139.150387123941272, 35.781657050304723 ], [ 139.150675169532406, 35.781232181373277 ], [ 139.150832285309377, 35.780920609380381 ], [ 139.151460748417293, 35.780410761667106 ], [ 139.151870995168309, 35.780169999110356 ], [ 139.152263784610739, 35.779992967353472 ], [ 139.152508186930504, 35.779978804795874 ], [ 139.152630388090415, 35.780092105185894 ], [ 139.1526129307818, 35.780198324154874 ], [ 139.152263784610739, 35.780198324154874 ], [ 139.151626592848572, 35.780410761667106 ], [ 139.150099078350138, 35.781989862715008 ], [ 139.15008598536869, 35.781911970573667 ], [ 139.149662645636283, 35.781996943814995 ], [ 139.149392057353708, 35.781989862715015 ], [ 139.149077825799736, 35.781756186062005 ], [ 139.148497370290329, 35.78152958986373 ], [ 139.148292246914821, 35.781327777080833 ], [ 139.148252967970564, 35.781115342019049 ], [ 139.148235510662033, 35.780874581596095 ], [ 139.14832716153191, 35.780630279833396 ], [ 139.148279153933402, 35.780339949226125 ], [ 139.148108945175011, 35.780063780103525 ], [ 139.147951829398039, 35.779723878327964 ], [ 139.147768527658201, 35.779766366129387 ], [ 139.147349552252905, 35.779426463082245 ], [ 139.147375738215771, 35.77927067369999 ], [ 139.147864542855274, 35.779160912815563 ], [ 139.147812170929598, 35.779068855182729 ], [ 139.147803442275347, 35.779015744961427 ], [ 139.147873271509553, 35.778895361661853 ], [ 139.148209324699167, 35.778902443037488 ], [ 139.148047844595084, 35.778732489848771 ], [ 139.148030387286497, 35.778615646820803 ], [ 139.14812640248357, 35.778569617702026 ], [ 139.147820899583877, 35.778392582381464 ], [ 139.147899457472363, 35.778296983144472 ], [ 139.147707427078274, 35.778250953841194 ], [ 139.147497939375654, 35.778364256681634 ], [ 139.147432474468559, 35.778165976601635 ], [ 139.147332094944375, 35.778151813712903 ], [ 139.147236079747358, 35.778080999259842 ], [ 139.146712360490767, 35.778080999259842 ], [ 139.146206098542706, 35.778633350320909 ], [ 139.145874409680147, 35.778845792014934 ], [ 139.145359419077835, 35.778934309219913 ], [ 139.145237217917952, 35.779022826326319 ], [ 139.145062644832421, 35.779599955444148 ], [ 139.145481620237689, 35.779624740036368 ], [ 139.146040254111426, 35.779936317107996 ], [ 139.146241013159795, 35.78024081170274 ], [ 139.14671672481785, 35.780265596095184 ], [ 139.147454296104286, 35.780601954942767 ], [ 139.147768527658201, 35.78072233565819 ], [ 139.147873271509496, 35.781026827242414 ], [ 139.147820899583877, 35.781380885757571 ], [ 139.14780344227529, 35.78180575389429 ], [ 139.1479867440151, 35.781947376101904 ], [ 139.148327161531938, 35.781876565029634 ], [ 139.148693765011558, 35.781919051680568 ], [ 139.149069097145428, 35.782046511497143 ], [ 139.149400786007959, 35.782131484594636 ], [ 139.149889590647433, 35.782032349305389 ], [ 139.150072892387271, 35.781989862715008 ] ] } },
{ "type": "Feature", "properties": { "id": null, "name": null, "_umap_options": null, "description": null }, "geometry": { "type": "LineString", "coordinates": [ [ 139.151123604145795, 35.786960639696126 ], [ 139.15103413543946, 35.787146506737834 ], [ 139.150962124041655, 35.787286349273153 ], [ 139.151060321402269, 35.787438582639474 ], [ 139.151071232220147, 35.787304050842359 ], [ 139.151165065253565, 35.787192530890543 ], [ 139.15137455295627, 35.787112873686297 ], [ 139.151477114643967, 35.787001353466252 ], [ 139.151490207625415, 35.78707924062055 ], [ 139.15139855675551, 35.787219083274209 ], [ 139.151335274012013, 35.787284579116019 ], [ 139.151315634539884, 35.787350074903841 ], [ 139.151612408785297, 35.787672242587988 ], [ 139.151845900287157, 35.787750129084841 ], [ 139.15195500846562, 35.787941304708063 ], [ 139.151996469573447, 35.788010340236767 ], [ 139.152051023662693, 35.788097077098087 ], [ 139.152341251417397, 35.78807052500774 ], [ 139.152585653737134, 35.787884660126885 ], [ 139.152716583551296, 35.787856337821175 ], [ 139.152908613945385, 35.787881119839234 ], [ 139.153118101648005, 35.787987328400526 ], [ 139.153283946079256, 35.788036892347229 ], [ 139.153397418584888, 35.788088226402309 ], [ 139.15372910744739, 35.787990868683465 ], [ 139.153993149239255, 35.78809884723713 ], [ 139.15446886089731, 35.788061674308992 ], [ 139.154604155038641, 35.788072295147366 ], [ 139.154739449179914, 35.788137790286065 ], [ 139.154822371395568, 35.788228067280663 ], [ 139.154767817306293, 35.788346666313799 ], [ 139.154656526964317, 35.788461724908153 ], [ 139.154512504168736, 35.788640507931959 ], [ 139.154512504168736, 35.78873609473019 ], [ 139.154748177834222, 35.788897175926351 ], [ 139.154892200629746, 35.789123751122219 ], [ 139.155053680733857, 35.78922110745328 ], [ 139.155289354399372, 35.78931846366509 ], [ 139.155496659938422, 35.78934147511589 ], [ 139.155647229224712, 35.789481313789146 ], [ 139.155699601150332, 35.789599910952084 ], [ 139.155666868696812, 35.78973089865773 ], [ 139.155559942681919, 35.789838874847341 ], [ 139.155435559358523, 35.789886667540166 ], [ 139.15531335819864, 35.79029024913347 ], [ 139.155402826904975, 35.790453097266216 ], [ 139.155496659938422, 35.790550451968805 ], [ 139.156022561358611, 35.790835435049011 ], [ 139.156293149641186, 35.790916858598493 ], [ 139.156421897291779, 35.790916858598493 ], [ 139.156432808109628, 35.790987661617201 ], [ 139.156242959879108, 35.791233701616704 ], [ 139.156000739722913, 35.791389467553529 ], [ 139.155889449380908, 35.791477970790709 ], [ 139.155782523366014, 35.791837292921201 ], [ 139.155669050860382, 35.791968276939073 ], [ 139.155666868696812, 35.792299276130187 ], [ 139.155520663737718, 35.792456810020319 ], [ 139.155522845901288, 35.792538231908537 ], [ 139.155708329804639, 35.792547082108754 ], [ 139.155865445581611, 35.792534691828173 ], [ 139.15587853856303, 35.792609033482641 ], [ 139.155773794711706, 35.792724085906023 ], [ 139.155529392391941, 35.792819667792621 ], [ 139.155389733923528, 35.792878078888947 ], [ 139.155319904689321, 35.792998441012635 ], [ 139.155405009068517, 35.793173673778561 ], [ 139.155494477774852, 35.793223234490739 ], [ 139.155640682734003, 35.793168363700417 ], [ 139.155760701730316, 35.793076322289636 ], [ 139.155830530964522, 35.793097562624673 ], [ 139.155793434183835, 35.793244474786484 ], [ 139.155673415187522, 35.793412626927513 ], [ 139.155597039462634, 35.793501127911441 ], [ 139.155592675135495, 35.793586088763284 ], [ 139.155645047061171, 35.79365334937323 ], [ 139.155760701730316, 35.793566618576087 ], [ 139.155915635343717, 35.793469267568582 ], [ 139.15601383270436, 35.793428557111895 ], [ 139.156439354600309, 35.793448027332921 ], [ 139.156633567157968, 35.793398466760934 ], [ 139.157166015068867, 35.793446257313008 ], [ 139.157473700132158, 35.793391386676703 ], [ 139.157790113849643, 35.793255094932249 ], [ 139.157977779916621, 35.793122343008363 ], [ 139.158034516169408, 35.793016141309565 ], [ 139.158123984875743, 35.792902859341083 ], [ 139.158130531366481, 35.793076322289636 ], [ 139.158158899492832, 35.793221464465837 ], [ 139.158106527567185, 35.793486967760629 ], [ 139.157979962080162, 35.793754240181393 ], [ 139.157886129046716, 35.79404275178554 ], [ 139.157825028466704, 35.794140102090438 ], [ 139.157866489574587, 35.79415426212487 ], [ 139.158056337805107, 35.794026821724295 ], [ 139.158204724927828, 35.793881681019137 ], [ 139.158420759121128, 35.793752470168322 ], [ 139.158492770518933, 35.793718839912415 ], [ 139.158499317009671, 35.793748930142044 ], [ 139.158470948883235, 35.793867520936146 ], [ 139.158366205031911, 35.794069301880519 ], [ 139.158287647143425, 35.794232142269031 ], [ 139.158191631946352, 35.79435250234171 ], [ 139.158115256221464, 35.794423302299293 ], [ 139.158158899492832, 35.794432152289552 ], [ 139.158466584556123, 35.79430648233545 ], [ 139.158667343604463, 35.794136562081441 ], [ 139.158721897693709, 35.79414187209489 ], [ 139.158787362600776, 35.79444808226954 ], [ 139.158754630147229, 35.794603841905598 ], [ 139.158634611150916, 35.794734821363221 ], [ 139.158601878697397, 35.794844560742561 ], [ 139.158617153842386, 35.794947220024746 ], [ 139.158673890095145, 35.794954299970343 ], [ 139.158817912890754, 35.79481093094887 ], [ 139.158889924288502, 35.794771991169974 ], [ 139.1589117459242, 35.794860490639877 ], [ 139.15891829241491, 35.794970229845667 ], [ 139.158881195634251, 35.795159618118511 ], [ 139.15874153716581, 35.795313606381441 ], [ 139.158595332206687, 35.795387945436069 ], [ 139.158647704132335, 35.795418035033634 ], [ 139.158946660541318, 35.795338386074043 ], [ 139.15910377631829, 35.79529236663879 ], [ 139.159273985076709, 35.795157848136739 ], [ 139.159435465180792, 35.795087048833665 ], [ 139.159540209032116, 35.795125988458167 ], [ 139.159551119849993, 35.79518970780255 ], [ 139.159505294414998, 35.795271126890448 ], [ 139.159418007872262, 35.795409185153176 ], [ 139.159339449983776, 35.795465824371071 ], [ 139.159378728928004, 35.795494143964859 ], [ 139.159542391195686, 35.795405645200731 ], [ 139.159699506972686, 35.795322456272565 ], [ 139.159754061061903, 35.795260507014156 ], [ 139.15980861515115, 35.79529236663879 ], [ 139.159764971879753, 35.795412725105486 ], [ 139.159699506972686, 35.795545473202907 ], [ 139.159592580957792, 35.79558795254723 ], [ 139.159605673939183, 35.795633971811299 ], [ 139.160042106653066, 35.795586182574993 ], [ 139.160583283218216, 35.795570252823175 ], [ 139.160716395195919, 35.795649901550334 ], [ 139.160958615352115, 35.795855217901021 ], [ 139.161254298515701, 35.795805658830467 ], [ 139.161476879199796, 35.795837518236532 ] ] } },
{ "type": "Feature", "properties": { "id": null, "name": null, "_umap_options": null, "description": null }, "geometry": { "type": "LineString", "coordinates": [ [ 139.183538552884301, 35.801299447561419 ], [ 139.183717490296942, 35.801218034651185 ], [ 139.183940070980981, 35.801179098012454 ], [ 139.184193201955026, 35.801179098012454 ], [ 139.18443323994768, 35.801182637707669 ], [ 139.184594720051791, 35.801200336181395 ], [ 139.184773657464461, 35.801207415569785 ], [ 139.184852215352947, 35.801140161354624 ], [ 139.184869672661506, 35.801019811564345 ], [ 139.184869672661506, 35.8008959218839 ] ] } },
{ "type": "Feature", "properties": { "id": null, "name": null, "_umap_options": null, "description": null }, "geometry": { "type": "LineString", "coordinates": [ [ 139.774155775785147, 35.697595396322249 ], [ 139.772934, 35.697598 ], [ 139.771301558470896, 35.697616578400833 ], [ 139.771330461937396, 35.698179921945091 ], [ 139.771347, 35.698761 ], [ 139.771460527536533, 35.699470902556605 ], [ 139.7715, 35.700211 ], [ 139.771612270735488, 35.701419070090452 ], [ 139.770983620339706, 35.701460145399565 ], [ 139.770918587540137, 35.700855749430488 ], [ 139.770477809676407, 35.700879221204112 ], [ 139.770398325143617, 35.699729096170778 ], [ 139.770644004608641, 35.699729096170778 ], [ 139.770569, 35.699245 ], [ 139.770521164876129, 35.698643503751633 ], [ 139.771092008338996, 35.698590690770466 ], [ 139.771851, 35.698212 ], [ 139.772501052329602, 35.6982033945064 ], [ 139.772598, 35.698914 ], [ 139.772537181662699, 35.699482638668862 ], [ 139.772912926726832, 35.699500242782143 ], [ 139.772941830193332, 35.699928608833382 ], [ 139.773079121659066, 35.700356972607473 ], [ 139.773115250992163, 35.701113938560347 ], [ 139.773239, 35.701611 ], [ 139.773529, 35.702541 ], [ 139.772461, 35.703033 ], [ 139.771896, 35.703239 ], [ 139.771973, 35.703892 ], [ 139.772089177932344, 35.704499659551381 ], [ 139.772095, 35.705368 ], [ 139.772354, 35.706169 ], [ 139.772797, 35.706852 ], [ 139.773422, 35.707069 ], [ 139.773727, 35.7076 ], [ 139.773941, 35.708561 ], [ 139.774139, 35.709026 ], [ 139.774704, 35.70887 ], [ 139.774689, 35.708263 ], [ 139.774475, 35.707397 ], [ 139.774384, 35.706844 ], [ 139.77446, 35.7075 ], [ 139.774414, 35.707169 ], [ 139.774589327782337, 35.70716353998592 ] ] } },
{ "type": "Feature", "properties": { "id": null, "name": null, "_umap_options": null, "description": null }, "geometry": { "type": "LineString", "coordinates": [ [ 139.7009469273344, 35.690761508542494 ], [ 139.701268459205295, 35.690691822242002 ], [ 139.701543042136819, 35.690750509142312 ], [ 139.701694785335775, 35.690856145454077 ], [ 139.701614, 35.69109 ], [ 139.70162252666961, 35.691366718988704 ], [ 139.702215047732295, 35.691278689302123 ], [ 139.702337887464807, 35.691243477400278 ], [ 139.702532985863542, 35.691619070218472 ], [ 139.702598018663082, 35.69186555204422 ], [ 139.701810399201662, 35.692223536196522 ], [ 139.70082045547494, 35.692464147592716 ], [ 139.701019, 35.692905 ], [ 139.701420202404279, 35.693596771975258 ], [ 139.701691, 35.694221 ], [ 139.701940464800799, 35.694858484861001 ], [ 139.702698, 35.69463 ], [ 139.703371186391252, 35.694471170470486 ], [ 139.703232, 35.694252 ], [ 139.703979, 35.694057 ], [ 139.704317774918252, 35.69402516975132 ], [ 139.704404485317696, 35.694189486095929 ], [ 139.705071071513231, 35.693997294623557 ], [ 139.704595970783089, 35.692874945859835 ], [ 139.705575075709874, 35.692625532878566 ], [ 139.705502817043708, 35.692361447695333 ], [ 139.705600366243061, 35.692247010511039 ], [ 139.70538359024448, 35.691897829369758 ], [ 139.705564236909964, 35.691806865964324 ], [ 139.705882175041182, 35.691683625055987 ], [ 139.706156757972678, 35.692185390420718 ], [ 139.705921917307563, 35.692252879088585 ], [ 139.706073660506547, 35.69259325584752 ], [ 139.705831593974835, 35.692687152628835 ], [ 139.705723205975545, 35.692660744170261 ], [ 139.70559675330972, 35.69267248126404 ], [ 139.70465016478272, 35.692907222776888 ], [ 139.704866940781244, 35.693535152927765 ], [ 139.704261774451965, 35.693727345513821 ], [ 139.704332226651502, 35.693857918838603 ], [ 139.704915715380935, 35.69368039774929 ], [ 139.704975328780534, 35.693816839613405 ], [ 139.704969909380566, 35.693818306579281 ], [ 139.704335839584814, 35.694011965929846 ], [ 139.704216612785615, 35.693743483801491 ], [ 139.704057643720006, 35.693438322899794 ], [ 139.703681898655844, 35.69323292548161 ], [ 139.703552, 35.692863 ], [ 139.703204991459017, 35.692992316404684 ], [ 139.70255466346336, 35.691953581083112 ], [ 139.702670277329275, 35.69184794622479 ], [ 139.70256, 35.691555 ], [ 139.702345113331461, 35.6908209333657 ], [ 139.702148, 35.690067 ], [ 139.702135563199533, 35.689500468830182 ], [ 139.701065, 35.689255 ], [ 139.700954918534933, 35.689236280998919 ] ] } },
{ "type": "Feature", "properties": { "id": null, "name": null, "_umap_options": null, "description": null }, "geometry": { "type": "LineString", "coordinates": [ [ 139.655026525780755, 35.674542481258221 ], [ 139.654737491116038, 35.674970981360637 ], [ 139.654340068452001, 35.675534484842522 ], [ 139.653920968188146, 35.675945370289753 ], [ 139.653501867924291, 35.676326904882288 ], [ 139.653012355199735, 35.676785 ], [ 139.65277928126244, 35.677031271645546 ], [ 139.652128953266782, 35.677318886286308 ], [ 139.651225719939475, 35.677541933661409 ], [ 139.650373067678487, 35.677647587463596 ], [ 139.649982870881104, 35.677894112458063 ], [ 139.649441841794527, 35.677229485868011 ], [ 139.648654967954172, 35.677289409881574 ], [ 139.648618083242923, 35.677539092787029 ], [ 139.648703892489635, 35.678052592409486 ], [ 139.64784401436205, 35.677964548030879 ], [ 139.64697691036784, 35.678017374669707 ], [ 139.645170443713255, 35.678351942570124 ], [ 139.644821, 35.677818 ], [ 139.644729665849525, 35.67754780332077 ], [ 139.645119862646908, 35.677113447362984 ], [ 139.645584, 35.677013 ], [ 139.646469, 35.676571 ], [ 139.647208138099614, 35.676350383874571 ], [ 139.648361, 35.67593 ], [ 139.64939034981839, 35.675481656560137 ], [ 139.650024, 35.675274 ], [ 139.651169, 35.674599 ], [ 139.651933854868076, 35.674313555603128 ], [ 139.652887669261702, 35.674935762260937 ], [ 139.6536608369899, 35.674818365149612 ], [ 139.653748, 35.675323 ], [ 139.653949871654589, 35.675898412060022 ], [ 139.654755, 35.675014 ], [ 139.654907, 35.674526 ], [ 139.654907, 35.674526 ] ] } },
{ "type": "Feature", "properties": { "id": null, "name": null, "_umap_options": null, "description": null }, "geometry": { "type": "LineString", "coordinates": [ [ 139.65500484818088, 35.674524871615787 ], [ 139.656016469507477, 35.672986947853481 ], [ 139.656623442303413, 35.672247325109723 ], [ 139.658126422560059, 35.672904767887083 ], [ 139.658458812424499, 35.672552567072671 ], [ 139.659369271618402, 35.673045647777684 ], [ 139.660351989478528, 35.673339146751111 ], [ 139.660873, 35.672318 ], [ 139.661284126272335, 35.671478344989957 ], [ 139.661522579870706, 35.671020475445644 ], [ 139.66167432306969, 35.670509771701539 ], [ 139.661898324934867, 35.670568473447531 ], [ 139.662606459863497, 35.671002865026111 ], [ 139.663269, 35.671341 ], [ 139.663993826254227, 35.671672058237277 ], [ 139.664940414781256, 35.672082963569231 ], [ 139.665421, 35.672462 ], [ 139.66585087397516, 35.67276975775858 ], [ 139.666197715572821, 35.673121957614597 ], [ 139.667165981699725, 35.673485895833089 ], [ 139.668167, 35.673458 ], [ 139.667526, 35.673225 ], [ 139.668152, 35.673466 ], [ 139.667404435298124, 35.673579815103949 ], [ 139.667194885166197, 35.674219637195684 ], [ 139.668163151293044, 35.674477912550209 ], [ 139.668106, 35.675114 ], [ 139.668091, 35.675575 ], [ 139.667908, 35.676071 ], [ 139.667755, 35.676517 ], [ 139.667343, 35.677143 ], [ 139.666869721168325, 35.677577151611025 ], [ 139.666580686503607, 35.677201492680602 ], [ 139.665802, 35.67664 ], [ 139.66507, 35.676319 ], [ 139.66423, 35.675827 ], [ 139.663336272391945, 35.67558731308997 ], [ 139.662674, 35.675472 ], [ 139.662461942531081, 35.675422958427546 ], [ 139.662288521732251, 35.675657750698818 ], [ 139.661746581735883, 35.676538215564044 ], [ 139.660538, 35.676216 ], [ 139.659622, 35.675995 ], [ 139.659007978287519, 35.675757537204966 ], [ 139.658220358826071, 35.675352520611476 ], [ 139.657685644696329, 35.676062765743289 ], [ 139.656769, 35.675518 ], [ 139.655871952175119, 35.674818365149612 ], [ 139.655243, 35.674553 ], [ 139.654907, 35.674587 ], [ 139.654907, 35.674587 ] ] } },
{ "type": "Feature", "properties": { "id": null, "name": null, "_umap_options": null, "description": null }, "geometry": { "type": "LineString", "coordinates": [ [ 139.654892, 35.674522 ], [ 139.654388, 35.674343 ], [ 139.654016043276982, 35.674673020298378 ], [ 139.653115951595481, 35.674205439194012 ], [ 139.652853263894428, 35.673831999968584 ], [ 139.652435, 35.673565 ], [ 139.651841143634556, 35.673138465342745 ], [ 139.651987939702764, 35.672827784981237 ], [ 139.651972487485068, 35.672316258114954 ], [ 139.651713662838461, 35.672338225593769 ], [ 139.651413, 35.672302 ], [ 139.650803, 35.67255 ], [ 139.650208, 35.672813 ], [ 139.649506, 35.673115 ], [ 139.64834894243242, 35.673775513210906 ], [ 139.647692223179803, 35.67399832185621 ], [ 139.647293, 35.673359 ], [ 139.646805, 35.672974 ], [ 139.646363332456872, 35.672708533612202 ], [ 139.645544364918351, 35.672338225593755 ], [ 139.645569, 35.672199 ], [ 139.645328033870413, 35.672011851000576 ], [ 139.645233, 35.671581 ], [ 139.645277814162881, 35.671155111343971 ], [ 139.645127155040228, 35.670743998573364 ], [ 139.644482024950889, 35.670392511166817 ], [ 139.643723, 35.670162 ], [ 139.643048831758449, 35.670056713716711 ], [ 139.642181, 35.67004 ], [ 139.641967176518818, 35.66953889245017 ], [ 139.641383855300319, 35.669391391232274 ], [ 139.641159798143548, 35.669149739711806 ], [ 139.640723272993256, 35.669137186366079 ], [ 139.640394913366976, 35.669284688053693 ], [ 139.639865674910453, 35.669454157741292 ], [ 139.639583671937288, 35.669328624673909 ], [ 139.639290079800816, 35.66932234801537 ], [ 139.638629497493781, 35.669702084969408 ], [ 139.637665, 35.669952 ], [ 139.637829845227401, 35.670179107343458 ], [ 139.637268, 35.670509 ], [ 139.636922027437009, 35.670668679973701 ], [ 139.637802, 35.670624 ], [ 139.638335905357366, 35.67114883482904 ], [ 139.63938665616152, 35.670540010534836 ], [ 139.638811061051882, 35.670781657846575 ], [ 139.638119574309428, 35.671264950275386 ], [ 139.637024, 35.672001 ], [ 139.636597, 35.671562 ], [ 139.636078, 35.671028 ], [ 139.635681, 35.670364 ], [ 139.635083213529697, 35.670561978502505 ], [ 139.634827, 35.670204 ], [ 139.634519207583338, 35.669802510969262 ], [ 139.633804, 35.669849 ], [ 139.633148, 35.669918 ], [ 139.632761517819034, 35.670332883685383 ], [ 139.632479514845841, 35.670700062732209 ], [ 139.632019, 35.670757 ], [ 139.631241, 35.670906 ], [ 139.630188, 35.671143 ], [ 139.629713567876053, 35.671252397262315 ], [ 139.629530286693779, 35.670845042731024 ], [ 139.629485286693779, 35.669918042731027 ], [ 139.630613659557525, 35.669755436297571 ], [ 139.63056730290441, 35.669441604443449 ], [ 139.632077757185385, 35.669275273060506 ], [ 139.633001027193473, 35.669055589570746 ], [ 139.632889, 35.668739 ], [ 139.63258381731535, 35.667724922368357 ], [ 139.632444747356004, 35.667298099888121 ], [ 139.632452473464866, 35.666846167715825 ], [ 139.63309374049976, 35.666497801586878 ], [ 139.633377, 35.666187 ], [ 139.633881, 35.665703 ], [ 139.634132902140607, 35.665606479525891 ], [ 139.634774169175529, 35.665581371718091 ], [ 139.63528409235991, 35.665565679334208 ], [ 139.635849, 35.664814 ], [ 139.636137827388296, 35.664442096631618 ], [ 139.636581, 35.664684 ], [ 139.637299, 35.664963 ], [ 139.638367, 35.665348 ], [ 139.639206, 35.665642 ], [ 139.640537846380823, 35.666140018574836 ], [ 139.64119, 35.666348 ], [ 139.641693, 35.666576 ], [ 139.642288, 35.666801 ], [ 139.643156997282404, 35.667081549374807 ], [ 139.644319776664958, 35.667458158585639 ], [ 139.644775617087362, 35.667568002604135 ], [ 139.645065346169389, 35.667611940169202 ], [ 139.645401, 35.667137 ], [ 139.64595, 35.667248 ], [ 139.646463771872021, 35.667276131022248 ], [ 139.646417415218878, 35.667411082531459 ], [ 139.647638140417854, 35.66769353844019 ], [ 139.647614962091296, 35.668063868006428 ], [ 139.648304757660441, 35.66812272321264 ], [ 139.649059744447044, 35.668132912311819 ], [ 139.648862728671247, 35.668682126250651 ], [ 139.649716463699633, 35.668678987896037 ], [ 139.650500663748346, 35.668682126250665 ], [ 139.651342809613425, 35.668839043824882 ], [ 139.651099437184541, 35.670179107343486 ], [ 139.651033765259314, 35.670182245615202 ], [ 139.650964230279584, 35.67047724487967 ], [ 139.651362124885594, 35.670552563659982 ], [ 139.651230781035082, 35.670916603429625 ], [ 139.651535962334805, 35.671051548784511 ], [ 139.651505, 35.671322 ], [ 139.651543688443667, 35.671688613309321 ], [ 139.651470290409577, 35.672237802784188 ], [ 139.651709799784072, 35.672291152417529 ], [ 139.65248241066945, 35.672319396326621 ], [ 139.652497862887174, 35.673047458089407 ], [ 139.652683289499635, 35.673151018059244 ], [ 139.652282904435452, 35.673494546214634 ], [ 139.652833948622316, 35.673831999968584 ], [ 139.653135266867622, 35.674192886643375 ], [ 139.654031495494706, 35.674691849010301 ], [ 139.654388, 35.674343 ], [ 139.654892, 35.674522 ], [ 139.654892, 35.674522 ] ] } },
{ "type": "Feature", "properties": { "id": null, "name": null, "_umap_options": null, "description": null }, "geometry": { "type": "LineString", "coordinates": [ [ 139.64051442188233, 35.681836384408939 ], [ 139.640503, 35.68195 ], [ 139.640482936984, 35.682459711105501 ], [ 139.640032639431325, 35.682435528645641 ], [ 139.640017753561835, 35.6830189284453 ], [ 139.639135765793469, 35.683121703097591 ], [ 139.640028917963946, 35.683139839787209 ], [ 139.64009962584413, 35.683357479740863 ], [ 139.640170333724313, 35.683535823149221 ], [ 139.64025964894131, 35.683632551610728 ], [ 139.640062411170362, 35.683683938558211 ], [ 139.639950767149031, 35.683847167465949 ], [ 139.63996193155117, 35.68395296380185 ], [ 139.640315470952004, 35.684013418787963 ], [ 139.640468051114453, 35.684373125008101 ], [ 139.640471772581833, 35.68455448887385 ], [ 139.640337799756253, 35.68471469327897 ], [ 139.640479215516564, 35.684914192654489 ], [ 139.640341521223633, 35.685246690592692 ], [ 139.640203826930673, 35.685385734649863 ], [ 139.640211269865432, 35.685573141592002 ], [ 139.639954488616411, 35.68550664240486 ], [ 139.639976817420688, 35.685654754155017 ], [ 139.639723757639047, 35.685709162483974 ], [ 139.639199030738894, 35.685757525411887 ], [ 139.639003164402141, 35.686033931983829 ], [ 139.638860377207578, 35.686277425035378 ], [ 139.638367, 35.68626 ], [ 139.637613685636296, 35.686150473114388 ], [ 139.636976429347555, 35.686219410644121 ], [ 139.636046947870568, 35.686108155762504 ], [ 139.636006011729421, 35.685923772753007 ], [ 139.634785370429768, 35.685950976830398 ], [ 139.634186, 35.686249 ], [ 139.633360048424379, 35.686694551353327 ], [ 139.632995344621406, 35.687011928612421 ], [ 139.632507, 35.687519 ], [ 139.632291987287175, 35.687767583670919 ], [ 139.632217, 35.688034 ], [ 139.632248, 35.688545 ], [ 139.632336644895702, 35.688834556424261 ], [ 139.632548768536196, 35.688789217929035 ], [ 139.63269, 35.689224 ], [ 139.632904, 35.690289 ], [ 139.633036280762582, 35.690814312251092 ], [ 139.632809271252569, 35.690868717061008 ], [ 139.633185139457652, 35.691715009325826 ], [ 139.632919, 35.691864 ], [ 139.632355, 35.69157 ], [ 139.631983105494896, 35.691403695715302 ], [ 139.631849132669316, 35.691524594349126 ], [ 139.631908676147361, 35.691370448558864 ], [ 139.632109635385689, 35.691328133976093 ], [ 139.631830525332418, 35.690744794939981 ], [ 139.631547693811768, 35.69036698240707 ], [ 139.631212761747832, 35.690119136413465 ], [ 139.630621048434904, 35.690388139956227 ], [ 139.630461025337695, 35.69033071230978 ], [ 139.630267509034098, 35.689998235649313 ], [ 139.630375431588021, 35.689587171680493 ], [ 139.630468468272426, 35.689339323263837 ], [ 139.630449860935556, 35.689046135727878 ], [ 139.63025262316458, 35.688323741221076 ], [ 139.630137257675898, 35.687861284399361 ], [ 139.630274951968829, 35.687444164182089 ], [ 139.630587555228516, 35.687102607597389 ], [ 139.631012, 35.686642 ], [ 139.631171825606742, 35.686528305618452 ], [ 139.630877829683953, 35.685893545989494 ], [ 139.631692831039459, 35.68556709621366 ], [ 139.632254772613379, 35.685352484985124 ], [ 139.633072, 35.685024 ], [ 139.633591, 35.684795 ], [ 139.634230871790606, 35.684530307048909 ], [ 139.634982608200744, 35.684113169414886 ], [ 139.63586831743649, 35.683680915797517 ], [ 139.63652, 35.683342 ], [ 139.637085237268764, 35.682898016920156 ], [ 139.637170831018437, 35.68255946367497 ], [ 139.637453662539087, 35.682311593423819 ], [ 139.638465901665597, 35.681873284387663 ], [ 139.639284624488567, 35.681598206452492 ], [ 139.63926601715167, 35.681897467017933 ], [ 139.640445722310176, 35.681833987597848 ], [ 139.64045507325298, 35.68178257189453 ] ] } },
{ "type": "Feature", "properties": { "id": null, "name": null, "_umap_options": null, "description": null }, "geometry": { "type": "LineString", "coordinates": [ [ 139.640481819043828, 35.681806822804283 ], [ 139.640472, 35.681988 ], [ 139.640497369958581, 35.681820923110109 ] ] } },
{ "type": "Feature", "properties": { "id": null, "name": null, "_umap_options": null, "description": null }, "geometry": { "type": "LineString", "coordinates": [ [ 139.539380295832302, 35.674841702257496 ], [ 139.539262266585922, 35.674888597740328 ], [ 139.538927355742146, 35.675150633427968 ], [ 139.538256491646365, 35.675171460205434 ], [ 139.538260764666063, 35.674380038841385 ], [ 139.538538510947774, 35.674282846202964 ], [ 139.538243663853564, 35.674325057671403 ], [ 139.536914763454774, 35.674293259705593 ], [ 139.537218147854787, 35.674307144373664 ], [ 139.537235239933636, 35.674931951936571 ], [ 139.53689339835617, 35.674897240533618 ], [ 139.53555167016458, 35.674806990815298 ], [ 139.535419206553286, 35.674782692796775 ], [ 139.535393568434984, 35.674348798363368 ], [ 139.535350838237804, 35.674852115687216 ], [ 139.535526032046278, 35.674866000258049 ], [ 139.535500393927947, 35.675178402463374 ], [ 139.535269650863142, 35.675188815849154 ], [ 139.535295288981473, 35.675039557189756 ], [ 139.535239739725142, 35.675785847695316 ], [ 139.535637130558939, 35.675140220020914 ], [ 139.5357183179336, 35.674831288826425 ], [ 139.536669092078853, 35.674942586592934 ], [ 139.537243785973089, 35.675029143784499 ], [ 139.53723096691391, 35.675272122886511 ], [ 139.537303608249147, 35.67565047458686 ], [ 139.538303494863243, 35.675685185662203 ], [ 139.538256491646337, 35.675188815849154 ], [ 139.53833, 35.675732 ], [ 139.538568422085774, 35.676393288303736 ], [ 139.538315, 35.675156 ], [ 139.538918809702665, 35.675167989076236 ], [ 139.539346111674519, 35.674869471400392 ], [ 139.540009, 35.674858 ], [ 139.54068, 35.674732 ], [ 139.541321, 35.674595 ], [ 139.542136393550635, 35.674411279307172 ], [ 139.542136393550635, 35.67398432521636 ], [ 139.543137, 35.673805 ], [ 139.54393, 35.67371 ], [ 139.544533557612681, 35.673689274306859 ], [ 139.544999568557728, 35.673526084284056 ], [ 139.545255697945095, 35.673442819181673 ], [ 139.544802092078868, 35.672387643849021 ], [ 139.544586, 35.671856 ], [ 139.544586, 35.671192 ], [ 139.544632, 35.67057 ], [ 139.544724, 35.669857 ], [ 139.544891, 35.669216 ], [ 139.545212, 35.668587 ], [ 139.545731, 35.668129 ], [ 139.545693682466236, 35.667671733398251 ], [ 139.546204, 35.667618 ], [ 139.547012, 35.667553 ], [ 139.547775, 35.667553 ], [ 139.548545923128302, 35.667183992441352 ], [ 139.548652748621265, 35.667649168935732 ], [ 139.54943043821001, 35.667340208730565 ], [ 139.549927, 35.66708 ], [ 139.550139759483301, 35.667270779306428 ], [ 139.550071391167791, 35.667555439561632 ], [ 139.550319226311444, 35.667454767148371 ], [ 139.550178216660726, 35.666968760608832 ], [ 139.551071277781858, 35.666465393573738 ], [ 139.5515840401481, 35.666413320940677 ], [ 139.552261, 35.666073 ], [ 139.552870219083331, 35.665864820476116 ], [ 139.552877069973903, 35.665419499461734 ] ] } },
{ "type": "Feature", "properties": { "id": null, "name": null, "_umap_options": null, "description": null }, "geometry": { "type": "LineString", "coordinates": [ [ 139.69827039755188, 35.690875038559291 ], [ 139.698321673788513, 35.691041619792998 ], [ 139.698825890115273, 35.691048560670183 ], [ 139.698796012867632, 35.691465486048223 ], [ 139.69813366092086, 35.69124290498624 ], [ 139.698150752999766, 35.691673237143767 ], [ 139.698330219827938, 35.692172974800101 ], [ 139.699321560402581, 35.692075803834378 ], [ 139.699304468323731, 35.692672709325279 ], [ 139.699800138611039, 35.692610242680871 ], [ 139.699595033664593, 35.693533355889855 ], [ 139.699814, 35.693619 ], [ 139.699552303467414, 35.69375545672149 ], [ 139.699099363377229, 35.694914535399931 ], [ 139.698723337642036, 35.694817367774391 ], [ 139.698486, 35.695393 ], [ 139.698074, 35.696487 ], [ 139.697754, 35.69735 ], [ 139.699005, 35.697571 ], [ 139.697739, 35.697334 ], [ 139.697372, 35.697983 ], [ 139.696962853518045, 35.698842784543714 ], [ 139.69725, 35.698273 ], [ 139.697678, 35.699326 ], [ 139.697791819343394, 35.699745005253334 ], [ 139.697266, 35.700607 ], [ 139.696655, 35.701504 ], [ 139.697281, 35.701717 ], [ 139.698166, 35.701641 ], [ 139.698853, 35.701591 ], [ 139.699951, 35.701523 ], [ 139.700729, 35.701378 ], [ 139.701904, 35.701363 ], [ 139.702759, 35.701294 ], [ 139.703125, 35.700764 ], [ 139.702972, 35.700153 ], [ 139.70311, 35.700706 ], [ 139.703461, 35.701244 ], [ 139.70433, 35.701183 ], [ 139.705048, 35.701157 ], [ 139.705704, 35.701084 ], [ 139.706573, 35.701019 ], [ 139.707962, 35.700943 ], [ 139.707850507760554, 35.699911567960363 ], [ 139.707642, 35.698711 ], [ 139.707491574104239, 35.698044657714085 ], [ 139.70694, 35.698067 ], [ 139.7061, 35.698174 ], [ 139.705115775140769, 35.698322267952193 ], [ 139.70488, 35.697369 ], [ 139.704575, 35.696224 ], [ 139.703654402397092, 35.696323452666235 ], [ 139.703552867312681, 35.695985488942526 ], [ 139.702859620729498, 35.696073597232754 ], [ 139.702748522216808, 35.695587764982243 ], [ 139.701799911839288, 35.69596255012214 ], [ 139.701538, 35.695015 ], [ 139.70197937866746, 35.694845129965174 ], [ 139.701455762366209, 35.693658821948432 ], [ 139.700594920278689, 35.693797100558548 ], [ 139.699073725258927, 35.693686050278032 ], [ 139.699253192087099, 35.692922575413668 ], [ 139.699158, 35.692638 ], [ 139.698822, 35.692085 ], [ 139.699295922284279, 35.691999455135395 ], [ 139.699039541101172, 35.691062442422755 ], [ 139.698364, 35.690819 ], [ 139.698254560915245, 35.690754225274432 ] ] } },
{ "type": "Feature", "properties": { "id": null, "name": null, "_umap_options": null, "description": null }, "geometry": { "type": "LineString", "coordinates": [ [ 139.65851635860156, 35.67501178810604 ], [ 139.658924431984644, 35.67465946701752 ], [ 139.659291911680441, 35.674819139821778 ], [ 139.659975594835402, 35.67495104320173 ], [ 139.660291798294537, 35.674583101650377 ], [ 139.659855950283287, 35.674326235788307 ], [ 139.659958502756524, 35.673777789694221 ], [ 139.659698, 35.674362 ], [ 139.659101762302953, 35.675331131985352 ], [ 139.658734282607156, 35.675181873592109 ], [ 139.658520631621258, 35.675039557189749 ], [ 139.657995050195893, 35.675608821276505 ], [ 139.657631843519823, 35.676025353401585 ], [ 139.657196, 35.675785 ], [ 139.656847744401517, 35.675520307919854 ], [ 139.656189699364887, 35.675034350487287 ], [ 139.655029, 35.674461 ], [ 139.655029, 35.674461 ] ] } },
{ "type": "Feature", "properties": { "id": null, "name": null, "_umap_options": null, "description": null }, "geometry": { "type": "LineString", "coordinates": [ [ 139.640597141272963, 35.681795868978973 ], [ 139.640549, 35.682114 ], [ 139.640516421203159, 35.682433317558143 ], [ 139.640018647439376, 35.682415104812272 ], [ 139.640023131887688, 35.683139968888014 ], [ 139.640117305302454, 35.683413157157624 ], [ 139.640171118682332, 35.683511504705685 ], [ 139.639928958472922, 35.683700914456693 ], [ 139.639725, 35.684315 ], [ 139.639496, 35.685085 ], [ 139.639556749262169, 35.685405581980589 ], [ 139.639776487229966, 35.685460218157779 ], [ 139.640005194094414, 35.685536708742987 ], [ 139.640090398612529, 35.685460218157779 ], [ 139.640193540923946, 35.685325448853028 ], [ 139.639960349611187, 35.685161539932295 ], [ 139.639763033884975, 35.685055909560504 ], [ 139.639619531538671, 35.684815508882664 ], [ 139.639978287404432, 35.683941318493098 ], [ 139.640072460819226, 35.683689986983282 ], [ 139.642507516258348, 35.683362162084975 ], [ 139.642503031810037, 35.683136326371439 ], [ 139.642685, 35.682983 ], [ 139.643094978988586, 35.682644585106452 ], [ 139.640964866035375, 35.682480670677961 ], [ 139.640561265686358, 35.682451530299865 ], [ 139.640520905651442, 35.682025351054165 ], [ 139.640540365834937, 35.681812810366353 ] ] } },
{ "type": "Feature", "properties": { "id": null, "name": null, "_umap_options": null, "description": null }, "geometry": { "type": "LineString", "coordinates": [ [ 139.633224708230756, 35.681562743655327 ], [ 139.63258343212064, 35.681908788812713 ], [ 139.632386116394457, 35.681464393705134 ], [ 139.633354757232127, 35.681238552619952 ], [ 139.634222778456461, 35.68073767419984 ], [ 139.633682121959652, 35.679996415225368 ], [ 139.634036393377158, 35.679511939973509 ], [ 139.634901891903382, 35.679238738346477 ], [ 139.635408634563845, 35.679857994024992 ], [ 139.636404182091439, 35.679144028230759 ], [ 139.636246, 35.678989 ], [ 139.635773, 35.678402 ], [ 139.635363790080618, 35.678553908823723 ], [ 139.635139567664481, 35.678113137777544 ], [ 139.635345852287315, 35.678550266097787 ], [ 139.63588362206707, 35.678368655519151 ], [ 139.635404150115534, 35.678644976918214 ], [ 139.634883954110109, 35.678819827368315 ], [ 139.634641793900698, 35.678320774028229 ], [ 139.634408602587939, 35.678320774028229 ], [ 139.634029666704663, 35.678537516555693 ], [ 139.633904102151632, 35.678413663754945 ], [ 139.632666394414628, 35.678559372912332 ], [ 139.632271762962262, 35.679564758846858 ], [ 139.631668, 35.679688 ], [ 139.630753, 35.679947 ], [ 139.629807, 35.680206 ], [ 139.629123680239871, 35.680315147339506 ], [ 139.629132649136494, 35.680861542287417 ], [ 139.628128132712277, 35.681131095750168 ], [ 139.628137101608928, 35.681269514742034 ], [ 139.626984, 35.681568 ], [ 139.627096709598078, 35.682005316931026 ], [ 139.627329900910865, 35.683112650009591 ], [ 139.626217757726891, 35.683294775688964 ], [ 139.626068, 35.682785 ], [ 139.626373, 35.682213 ], [ 139.626633, 35.68169 ], [ 139.62723124304776, 35.680693981567828 ], [ 139.627563, 35.680573 ], [ 139.628357, 35.680248 ], [ 139.629033991273417, 35.680089303001523 ], [ 139.629204400309675, 35.68140793349378 ], [ 139.630127, 35.681122 ], [ 139.631042, 35.680824 ], [ 139.631247066520558, 35.680732229154373 ], [ 139.631978031597129, 35.680575596064685 ], [ 139.632111, 35.681187 ], [ 139.632202254013237, 35.681468036298035 ], [ 139.633269552713983, 35.681256765634394 ], [ 139.633632793028141, 35.681081920524186 ], [ 139.633331, 35.680668 ], [ 139.632924250193156, 35.68010205229568 ], [ 139.632713481122039, 35.680160334757367 ], [ 139.632341271911258, 35.67981063934868 ], [ 139.632874921261646, 35.679588436261476 ], [ 139.632713481122039, 35.678954607662092 ], [ 139.633345788335475, 35.678892681609433 ], [ 139.633972, 35.67865 ], [ 139.634933, 35.678196 ], [ 139.635565590255112, 35.677963785052626 ] ] } },
{ "type": "Feature", "properties": { "id": null, "name": null, "_umap_options": null, "description": null }, "geometry": { "type": "LineString", "coordinates": [ [ 139.652377787016093, 35.692253024639712 ], [ 139.652086297875115, 35.692278519338458 ], [ 139.652099751220078, 35.692049066756383 ], [ 139.652207377979863, 35.692052708866015 ], [ 139.65219744483224, 35.691829620484292 ], [ 139.652072844530153, 35.691688497079426 ], [ 139.652956280849679, 35.69179411866876 ], [ 139.653373334543687, 35.69168121282673 ], [ 139.653463023510142, 35.692016287762186 ], [ 139.653449570165179, 35.692977799326776 ], [ 139.653442, 35.693592 ], [ 139.653458, 35.694134 ], [ 139.653651370339674, 35.694609428789846 ], [ 139.653471992406764, 35.694729614461579 ], [ 139.651678213077787, 35.69479517020617 ], [ 139.651631875586617, 35.694341579778481 ], [ 139.651494350696566, 35.694110474215933 ], [ 139.651507804041557, 35.693731703695967 ], [ 139.651503319593218, 35.693476760986975 ], [ 139.651292550522101, 35.69246426618335 ], [ 139.651606461904663, 35.691764981692572 ], [ 139.652039, 35.691647 ], [ 139.652066616286106, 35.691541574323828 ] ] } },
{ "type": "Feature", "properties": { "id": null, "name": null, "_umap_options": null, "description": null }, "geometry": { "type": "LineString", "coordinates": [ [ 139.679173610091198, 35.668447059280766 ], [ 139.679321, 35.668465 ], [ 139.67981, 35.668869 ], [ 139.68071, 35.669285 ], [ 139.681381, 35.669559 ], [ 139.681466086319091, 35.669368186248633 ], [ 139.682250266849081, 35.669516340679813 ], [ 139.682286740362116, 35.669042245532154 ], [ 139.682556, 35.668407 ], [ 139.682733540896635, 35.668353321002151 ], [ 139.682693, 35.668442 ], [ 139.683609, 35.668797 ], [ 139.68407394250022, 35.668938536843264 ], [ 139.68425, 35.669239 ], [ 139.684621045195598, 35.669812648717247 ], [ 139.684156007904562, 35.669916356270491 ], [ 139.684238073308848, 35.670316369856621 ], [ 139.684630163573843, 35.670160809255769 ], [ 139.685333, 35.67009 ], [ 139.686218, 35.669956 ], [ 139.687402150563571, 35.670027471356597 ], [ 139.687927, 35.669361 ], [ 139.688904, 35.669132 ], [ 139.689818520801339, 35.668745934635012 ], [ 139.69020149268809, 35.668782973557306 ], [ 139.690584464574812, 35.668457030451329 ], [ 139.69086713430076, 35.668012560434789 ], [ 139.691505420778668, 35.668294058399269 ], [ 139.690994, 35.669033 ], [ 139.69091272619201, 35.669620048618029 ], [ 139.690887, 35.670364 ], [ 139.691022146731086, 35.67125713464884 ], [ 139.690948, 35.670704 ], [ 139.692474, 35.671173 ], [ 139.69313, 35.671349 ], [ 139.692139, 35.670929 ], [ 139.691055, 35.670677 ], [ 139.690475, 35.670277 ], [ 139.689819, 35.670483 ], [ 139.689331, 35.67075 ], [ 139.688505474332516, 35.67113861371066 ], [ 139.688870209462749, 35.671790476692813 ], [ 139.68811338406752, 35.671546028698359 ], [ 139.687465979211339, 35.671642326482512 ], [ 139.687128599215896, 35.671242319541186 ], [ 139.686844, 35.671154 ], [ 139.686188, 35.670883 ], [ 139.685181, 35.670654 ], [ 139.684418, 35.670929 ], [ 139.683929, 35.671165 ], [ 139.683472129535346, 35.671308987503956 ], [ 139.68277, 35.671104 ], [ 139.681529914966859, 35.670797865033109 ], [ 139.681602861992928, 35.670197847521564 ], [ 139.681210771727905, 35.670101547994747 ], [ 139.681122, 35.669842 ], [ 139.680573, 35.669628 ], [ 139.679977, 35.669281 ], [ 139.67970623931572, 35.669271885720917 ], [ 139.679306, 35.668488 ], [ 139.679155355523392, 35.668482058318581 ] ] } },
{ "type": "Feature", "properties": { "id": null, "name": null, "_umap_options": null, "description": null }, "geometry": { "type": "LineString", "coordinates": [ [ 139.700975050755716, 35.659186642634339 ], [ 139.700439, 35.6595 ], [ 139.699631, 35.659534 ], [ 139.698486, 35.660004 ], [ 139.697784, 35.660229 ], [ 139.696894382327713, 35.660515459954908 ], [ 139.696447581793166, 35.660922929158055 ], [ 139.697021, 35.661236 ], [ 139.696356398010607, 35.66158969245997 ], [ 139.695864005584781, 35.662078648676157 ], [ 139.695800176936984, 35.662515743365041 ], [ 139.694997759650505, 35.663145451845679 ], [ 139.695526625589338, 35.663464008361856 ], [ 139.69603, 35.663158 ], [ 139.696518, 35.662647 ], [ 139.697085868271046, 35.662249041805552 ], [ 139.697571, 35.661991 ], [ 139.697922, 35.661541 ], [ 139.698371559605107, 35.660893295104295 ], [ 139.698818360139683, 35.660700673486829 ], [ 139.699448, 35.660702 ], [ 139.700815284977637, 35.660419148748538 ], [ 139.700642035790821, 35.659922773765885 ], [ 139.700485, 35.659565 ], [ 139.700523496873473, 35.659211544532283 ], [ 139.700988534164509, 35.659137457789491 ] ] } },
{ "type": "Feature", "properties": { "id": null, "name": null, "_umap_options": null, "description": null }, "geometry": { "type": "LineString", "coordinates": [ [ 139.710297, 35.646992 ], [ 139.709854, 35.64727 ], [ 139.708976233516552, 35.647445708617333 ], [ 139.709313613512023, 35.647697640137416 ], [ 139.707918501638886, 35.649083249296808 ], [ 139.707818199478083, 35.649001743540936 ], [ 139.706961071922052, 35.649364813995433 ], [ 139.706641928683098, 35.648816502877416 ], [ 139.707426109213088, 35.648453429930903 ], [ 139.707727015695497, 35.648357104178331 ], [ 139.708038, 35.647896 ], [ 139.708192052986561, 35.647386430497136 ], [ 139.708649, 35.647125 ], [ 139.708848576220987, 35.647290103458026 ], [ 139.709122127568662, 35.647304923010061 ] ] } },
{ "type": "Feature", "properties": { "id": null, "name": null, "_umap_options": null, "description": null }, "geometry": { "type": "LineString", "coordinates": [ [ 139.669511892425646, 35.66122667757493 ], [ 139.669754, 35.66177 ], [ 139.670223125929567, 35.662374984319655 ], [ 139.669666904856001, 35.662989877271194 ], [ 139.670105, 35.663387 ], [ 139.670639, 35.663792 ], [ 139.671188, 35.66415 ], [ 139.671782368611304, 35.664501160306848 ], [ 139.671718539963507, 35.665301239744593 ], [ 139.671112, 35.665882 ], [ 139.670898, 35.666382 ], [ 139.670697281598876, 35.666886558650596 ], [ 139.670286954577364, 35.667286587419156 ], [ 139.669968, 35.667084 ], [ 139.66925657783446, 35.667508824757768 ], [ 139.668973908108541, 35.667234731951126 ], [ 139.66847239730447, 35.667538456356183 ], [ 139.668015, 35.668121 ], [ 139.667049930296571, 35.66844962263805 ], [ 139.666821970840175, 35.668849643574177 ], [ 139.665848, 35.668877 ], [ 139.664980058432519, 35.668938536843328 ], [ 139.664001, 35.669014 ], [ 139.663315, 35.668976 ], [ 139.662674, 35.668999 ], [ 139.661360062265203, 35.669020022253044 ], [ 139.661545, 35.670094 ], [ 139.661423, 35.670731 ], [ 139.661163, 35.671391 ], [ 139.660721, 35.672112 ], [ 139.660675, 35.672615 ], [ 139.659882, 35.672421 ], [ 139.659241, 35.672279 ], [ 139.658585, 35.672115 ], [ 139.657995380688845, 35.671990479040538 ], [ 139.657852, 35.672264 ], [ 139.657471, 35.672791 ], [ 139.656815, 35.673306 ], [ 139.656357, 35.674 ], [ 139.656097, 35.674446 ], [ 139.656097, 35.674446 ] ] } },
{ "type": "Feature", "properties": { "id": null, "name": null, "_umap_options": null, "description": null }, "geometry": { "type": "LineString", "coordinates": [ [ 139.700714, 35.689137 ], [ 139.70158122875111, 35.689373953011902 ], [ 139.702164, 35.689648 ], [ 139.702942, 35.689743 ], [ 139.703888, 35.689751 ], [ 139.704437, 35.689827 ], [ 139.703751, 35.689716 ], [ 139.702667, 35.689552 ], [ 139.701584, 35.689323 ], [ 139.702271, 35.689392 ], [ 139.702225, 35.690327 ], [ 139.702347, 35.691048 ], [ 139.70267543414181, 35.691877098290675 ], [ 139.702265107120326, 35.692084455914745 ], [ 139.701763596316255, 35.692254784988364 ], [ 139.701581228751138, 35.691891909567417 ], [ 139.701298559025219, 35.691840070086798 ], [ 139.701362387673015, 35.691366107558856 ], [ 139.701462689833789, 35.690721810230897 ], [ 139.701752, 35.689892 ], [ 139.701873016855302, 35.689692404849282 ], [ 139.70079, 35.689163 ], [ 139.700259063904042, 35.689018470389392 ], [ 139.699748434721727, 35.688944411310302 ], [ 139.699249, 35.688732 ], [ 139.698435388252875, 35.68855189704319 ], [ 139.698227, 35.688995 ], [ 139.697601, 35.688782 ], [ 139.696945, 35.688507 ], [ 139.696487, 35.688251 ], [ 139.695690756397937, 35.687981637025089 ], [ 139.695280429376396, 35.689307300140854 ], [ 139.694, 35.689083 ], [ 139.692262246173755, 35.688818510718043 ], [ 139.691132, 35.688633 ], [ 139.690456807279105, 35.688537085146237 ], [ 139.688934038110432, 35.688314906361903 ], [ 139.689178, 35.68745 ], [ 139.689087, 35.686981 ], [ 139.689417312157985, 35.68620417704701 ], [ 139.687698, 35.685268 ], [ 139.686829, 35.684692 ], [ 139.686490312737874, 35.684493334414164 ], [ 139.68692, 35.683609 ], [ 139.687653, 35.682919 ], [ 139.688034, 35.682384 ], [ 139.687561, 35.682056 ], [ 139.687265374889591, 35.681567782569346 ], [ 139.686207643011954, 35.680915999445602 ], [ 139.686859, 35.680206 ], [ 139.687137717593998, 35.679738332346489 ], [ 139.687128599215754, 35.679086534278838 ], [ 139.68605, 35.679279 ], [ 139.685593, 35.679985 ], [ 139.686152932742402, 35.680145703435123 ], [ 139.685386988968929, 35.679901281031505 ] ] } },
{ "type": "Feature", "properties": { "id": null, "name": null, "_umap_options": null, "description": null }, "geometry": { "type": "LineString", "coordinates": [ [ 139.838045204492829, 35.141450156174301 ], [ 139.838013, 35.141464 ], [ 139.838019522592049, 35.141138662733979 ], [ 139.837764208000891, 35.141504027086263 ], [ 139.83769126097485, 35.14192904069791 ], [ 139.837036, 35.143177 ], [ 139.836823, 35.143627 ], [ 139.83638, 35.144192 ], [ 139.835530205328212, 35.145351437840738 ], [ 139.835922, 35.146179 ], [ 139.836770304771022, 35.146872457044743 ], [ 139.837445064761937, 35.146932104277411 ], [ 139.838475441504869, 35.147103589827829 ], [ 139.839022544200219, 35.147729881811735 ], [ 139.839554, 35.148155 ], [ 139.840627378773206, 35.148080304985555 ], [ 139.841575690111824, 35.148207053421508 ], [ 139.842087, 35.148762 ], [ 139.842679013880741, 35.149153932549758 ], [ 139.842834, 35.149647 ], [ 139.842943446850171, 35.149810031310352 ], [ 139.843235234954363, 35.149996422038818 ], [ 139.843773219271441, 35.150190267943515 ], [ 139.844315, 35.150711 ], [ 139.844772, 35.150955 ], [ 139.845460119248742, 35.151062568800121 ], [ 139.845441882492253, 35.151375700160031 ], [ 139.845306, 35.151722 ], [ 139.845703, 35.152821 ], [ 139.846299010048313, 35.153329016200409 ], [ 139.846451, 35.154175 ], [ 139.846207, 35.154587 ], [ 139.846085, 35.155098 ], [ 139.846436, 35.155636 ], [ 139.846848, 35.15601 ], [ 139.848053, 35.156227 ], [ 139.848801, 35.156563 ], [ 139.849262482981402, 35.156698748906059 ], [ 139.850402280263381, 35.157213142725524 ], [ 139.850113, 35.157036 ], [ 139.850365806750347, 35.157377151665273 ], [ 139.850274622967817, 35.157816992189424 ], [ 139.850555, 35.15818 ], [ 139.850301978102578, 35.157846811799899 ], [ 139.85042051701987, 35.15734733188264 ], [ 139.850372, 35.157146 ], [ 139.850028426754903, 35.157011858574826 ], [ 139.848572, 35.156506 ], [ 139.847885607864782, 35.156273812428033 ], [ 139.84671, 35.155895 ], [ 139.846313, 35.155582 ], [ 139.846052813835371, 35.154723148206713 ], [ 139.846436, 35.154175 ], [ 139.846253418157005, 35.153343926829528 ], [ 139.845856, 35.153046 ], [ 139.845581, 35.152599 ], [ 139.845428, 35.151962 ], [ 139.845184, 35.150986 ], [ 139.844387763243475, 35.150665656161912 ], [ 139.843914763243475, 35.150432656161918 ], [ 139.8435361414368, 35.150548136092844 ], [ 139.843369, 35.15086 ], [ 139.843071104145736, 35.151234045646454 ], [ 139.842533119828659, 35.151502443463109 ], [ 139.841461, 35.151829 ], [ 139.841010350659957, 35.153097901099592 ], [ 139.84079, 35.153156 ], [ 139.839989092295298, 35.153276828976963 ], [ 139.839172, 35.153278 ], [ 139.837855391783478, 35.153403569318691 ], [ 139.836970909092628, 35.153127722439812 ], [ 139.836121, 35.153351 ], [ 139.835541, 35.153469 ], [ 139.834991, 35.153458 ], [ 139.834508946963581, 35.153545220055229 ], [ 139.833542398868502, 35.153522854165864 ], [ 139.833389, 35.154079 ], [ 139.833578872381509, 35.155058630952361 ], [ 139.833587990759753, 35.155259919935737 ], [ 139.833557, 35.155521 ], [ 139.83374, 35.15596 ], [ 139.834007436159538, 35.155945789769113 ], [ 139.834122, 35.155373 ], [ 139.834381289667988, 35.154648596297577 ], [ 139.834654841015691, 35.154745513766116 ], [ 139.83455453885486, 35.155215189093575 ], [ 139.834417763181023, 35.155833963560369 ], [ 139.834686, 35.156296 ], [ 139.834846326959052, 35.15654219361975 ], [ 139.834082662780133, 35.156842257653828 ], [ 139.83389573602588, 35.156734160179028 ], [ 139.833663217380348, 35.156801255180298 ], [ 139.833635862245586, 35.156946627493205 ], [ 139.832806089824345, 35.156786345184798 ], [ 139.832626, 35.156658 ], [ 139.832409440370185, 35.156659610112719 ], [ 139.832290901452865, 35.156391229308355 ], [ 139.832632840637473, 35.156432231988539 ], [ 139.832970220632944, 35.156234673430269 ], [ 139.833093318739344, 35.155925288309021 ], [ 139.832924628741665, 35.156242128478908 ], [ 139.832614603880955, 35.156380046755615 ], [ 139.832395762802804, 35.15616757796171 ], [ 139.831976317403047, 35.156678247635703 ], [ 139.832309138209411, 35.156983902403397 ], [ 139.831921607133495, 35.156670792627025 ], [ 139.832176921724681, 35.15627567618936 ], [ 139.832062941996469, 35.15611539255903 ], [ 139.832085737942123, 35.15592156077026 ], [ 139.831866896863971, 35.155865647668456 ], [ 139.831652614974956, 35.156145212793227 ], [ 139.830868434444966, 35.156804982678743 ], [ 139.830759013905919, 35.157341740672166 ], [ 139.830917445728119, 35.157486180152468 ], [ 139.831225190994246, 35.157568184388445 ], [ 139.830826, 35.15778 ], [ 139.830953919241125, 35.158117983380954 ], [ 139.831026866267166, 35.158281990496462 ], [ 139.831551173016862, 35.158485135215173 ], [ 139.831904510174269, 35.158637959348091 ], [ 139.832011651118762, 35.158606276319738 ], [ 139.832382, 35.158916 ], [ 139.832499484355452, 35.1590200184243 ], [ 139.83297364002479, 35.159170977857393 ], [ 139.833037468672558, 35.159061019779514 ], [ 139.832948564484553, 35.158897014234647 ], [ 139.83284, 35.159 ], [ 139.83342, 35.159294 ], [ 139.833422720153862, 35.159342437614427 ], [ 139.833689432717819, 35.159379711426837 ], [ 139.833792014473204, 35.159431894735505 ], [ 139.833862681904691, 35.159204524360028 ], [ 139.833757820554752, 35.159075929358103 ], [ 139.833874079877518, 35.159006972534208 ], [ 139.834033651497009, 35.159129976557587 ], [ 139.834302643655548, 35.159113203292634 ], [ 139.834156749603466, 35.158688279426592 ], [ 139.834368751897898, 35.158835512070084 ], [ 139.83454200108477, 35.158637959348091 ], [ 139.834717529866197, 35.158526136839996 ], [ 139.835038952699676, 35.158218624150116 ], [ 139.834858864729142, 35.158255898477471 ], [ 139.834222857845816, 35.158136620569827 ], [ 139.834061, 35.157913 ], [ 139.833892316634035, 35.157732192612393 ], [ 139.833974382038321, 35.157465679080559 ], [ 139.834081522982842, 35.157290487891714 ], [ 139.834268449737067, 35.157312852745335 ], [ 139.834273008926203, 35.157271850508998 ], [ 139.834097480144806, 35.157312852745335 ], [ 139.833999457578557, 35.15746754281458 ], [ 139.834409784600041, 35.157584957971977 ], [ 139.833990339200284, 35.157491771352994 ], [ 139.833917392174214, 35.157730328884433 ], [ 139.834231976224061, 35.158127301975917 ], [ 139.834870262701969, 35.158265217056638 ], [ 139.835025275132296, 35.158222351583625 ], [ 139.834546560273878, 35.158626777104196 ], [ 139.834225904187974, 35.158439266095662 ], [ 139.833835326769929, 35.158295036502807 ], [ 139.833438677315826, 35.158101209907329 ], [ 139.83298731759217, 35.158026661093771 ], [ 139.832173502332836, 35.1581981232628 ], [ 139.832141588008966, 35.158101209907329 ], [ 139.832073200172061, 35.158045298303577 ], [ 139.831412117748528, 35.157773194616716 ], [ 139.831311815587696, 35.157791831884573 ], [ 139.831384762613737, 35.157862653463503 ], [ 139.83130041761487, 35.157890609332952 ], [ 139.831434913694153, 35.158008023879724 ], [ 139.831190997075794, 35.158004296436388 ], [ 139.831257105318116, 35.158082572710335 ], [ 139.831488065404329, 35.158337 ], [ 139.832006065404329, 35.158581 ], [ 139.832232771791524, 35.158757236520636 ], [ 139.832508602733725, 35.158891423130697 ], [ 139.832923488944374, 35.158889559429291 ], [ 139.833191, 35.159206 ], [ 139.833192481102884, 35.159573534976005 ], [ 139.833274546507198, 35.15965740079163 ], [ 139.833269987318062, 35.159927634498239 ], [ 139.833210717859401, 35.159944407595269 ], [ 139.833162846373568, 35.159864269433818 ], [ 139.833000995159551, 35.15989222461539 ], [ 139.832898413404166, 35.159983544808213 ], [ 139.832966559189146, 35.160168090555665 ], [ 139.833203879075711, 35.160369324899619 ], [ 139.8335594958277, 35.160199730978526 ], [ 139.83390827379597, 35.160050637129451 ], [ 139.83404732906439, 35.160147548162442 ], [ 139.834208040481144, 35.159950930465399 ], [ 139.834130534265967, 35.15980556352126 ], [ 139.834262750750668, 35.159649014213961 ], [ 139.834358493722362, 35.15967883315286 ], [ 139.834258191561531, 35.159827927683423 ], [ 139.834299224263674, 35.159928566337058 ], [ 139.834540861287479, 35.159962112527268 ], [ 139.83461380831352, 35.159723561540723 ], [ 139.834704992096079, 35.159772017266484 ], [ 139.834632045070038, 35.159991931351399 ], [ 139.834221718048525, 35.159965839880883 ], [ 139.834135093455103, 35.160141025308072 ], [ 139.83440864480275, 35.16015593468871 ], [ 139.83452718372007, 35.160264027616599 ], [ 139.834741465609085, 35.160092569802131 ], [ 139.835069727226283, 35.160275209635429 ], [ 139.835224739656667, 35.16015593468871 ], [ 139.835475495058688, 35.160316210357962 ], [ 139.835845929175321, 35.160259368441629 ], [ 139.836041974307818, 35.160389825239754 ], [ 139.836233460251179, 35.160233277056896 ], [ 139.836308686871774, 35.159817677443186 ], [ 139.836746, 35.159462 ], [ 139.837387, 35.159489 ], [ 139.837718616109612, 35.159365733749183 ], [ 139.838119824752852, 35.159354551605325 ], [ 139.838654, 35.159458 ], [ 139.839188, 35.159618 ], [ 139.839447, 35.160076 ], [ 139.840179, 35.160133 ], [ 139.840981855727847, 35.160272414130844 ], [ 139.84093854343115, 35.160346960886294 ], [ 139.840769853433386, 35.16029664183386 ], [ 139.840592045057406, 35.160298505503029 ], [ 139.84006773830771, 35.160106547354864 ], [ 139.839794186960034, 35.160074864898512 ], [ 139.839632335745989, 35.160169912230565 ], [ 139.839306353723345, 35.1601568665249 ], [ 139.83917869642778, 35.160037591404645 ], [ 139.839237965886468, 35.159791585916778 ], [ 139.83895529616052, 35.159597762887167 ], [ 139.838394, 35.159397 ], [ 139.837784, 35.15934 ], [ 139.836884284499178, 35.159581921561447 ], [ 139.836655, 35.159481 ], [ 139.836483075855938, 35.159567012075605 ], [ 139.836273, 35.159897 ], [ 139.836044, 35.160351 ], [ 139.835397988843511, 35.16038330240481 ], [ 139.834862284120987, 35.160519349996598 ], [ 139.834675357366734, 35.160672170307791 ], [ 139.835195104927323, 35.161152993316549 ], [ 139.83529996627729, 35.16145117670029 ], [ 139.835236137629494, 35.161775449889319 ], [ 139.835337579587559, 35.161945972340739 ], [ 139.835289708101726, 35.16214351702876 ], [ 139.835266912156101, 35.162270243557124 ], [ 139.835175, 35.162315 ], [ 139.834907204054389, 35.162751273374305 ], [ 139.834701572704233, 35.163097688388838 ], [ 139.834651421623846, 35.163047371038104 ], [ 139.834583033786913, 35.163075325125682 ], [ 139.834532882706498, 35.163414500622856 ], [ 139.834398386627214, 35.163481590114081 ], [ 139.834261610953376, 35.16375553829554 ], [ 139.834058727037188, 35.163969850855416 ], [ 139.833569754003236, 35.16408259767109 ], [ 139.833337235357732, 35.164071416175702 ], [ 139.832825, 35.164227 ], [ 139.83251202212557, 35.16439567891814 ], [ 139.832320536182209, 35.164708758959982 ], [ 139.832019629699744, 35.165062836126431 ], [ 139.831848, 35.165493 ], [ 139.831192, 35.166 ], [ 139.830261, 35.166275 ], [ 139.82968428527613, 35.166165504806649 ], [ 139.829346, 35.165924 ], [ 139.828583, 35.165417 ], [ 139.828046235821432, 35.165285956001327 ], [ 139.827435745065259, 35.165290897313319 ], [ 139.827242322251408, 35.165389723490136 ], [ 139.826849432160799, 35.165913500222366 ], [ 139.826218, 35.165844 ], [ 139.825894407017444, 35.165696083875105 ], [ 139.825577, 35.165882 ], [ 139.825386672131089, 35.166111150942761 ], [ 139.825058, 35.166164 ], [ 139.824234, 35.166256 ], [ 139.824051, 35.166859 ], [ 139.823456, 35.167404 ], [ 139.823325510271104, 35.167544104299431 ], [ 139.822491374386431, 35.167647868906904 ], [ 139.821793, 35.167873 ], [ 139.821075, 35.168022 ], [ 139.820511, 35.168301 ], [ 139.820206567397946, 35.168576803303928 ], [ 139.819511454160732, 35.16844339316544 ], [ 139.818695, 35.168846 ], [ 139.818320694963006, 35.169041266523038 ], [ 139.817819004539615, 35.169214204277893 ], [ 139.8176316261887, 35.169461257575385 ], [ 139.817337, 35.1698 ] ] } },
{ "type": "Feature", "properties": { "id": null, "name": null, "_umap_options": null, "description": null }, "geometry": { "type": "LineString", "coordinates": [ [ 139.82225775277189, 35.168144699472379 ], [ 139.821884, 35.167831 ], [ 139.821259, 35.167908 ], [ 139.820648, 35.168175 ], [ 139.820467677283034, 35.168406065051819 ], [ 139.820114, 35.168575 ], [ 139.819855410126337, 35.168135383044699 ], [ 139.820473924907077, 35.167691054022981 ], [ 139.821136173056146, 35.167415262374568 ], [ 139.821223639792805, 35.16785959290322 ], [ 139.822142040527837, 35.167726804723735 ], [ 139.822404403347264, 35.168049338927368 ] ] } },
{ "type": "Feature", "properties": { "id": null, "name": null, "_umap_options": null, "description": null }, "geometry": { "type": "LineString", "coordinates": [ [ 139.702929824828516, 35.231113523556601 ], [ 139.70241882090059, 35.231215654325538 ], [ 139.702521906697399, 35.231871419466792 ], [ 139.702026, 35.231926 ], [ 139.701922134788816, 35.232361326151974 ], [ 139.701538, 35.233105 ], [ 139.701263, 35.233608 ], [ 139.70108, 35.234226 ], [ 139.700424, 35.234783 ], [ 139.700119, 35.235241 ], [ 139.700516, 35.234703 ], [ 139.700928, 35.234035 ], [ 139.70134, 35.23336 ], [ 139.701012212723441, 35.233089183308032 ] ] } },
{ "type": "Feature", "properties": { "id": null, "name": null, "_umap_options": null, "description": null }, "geometry": { "type": "LineString", "coordinates": [ [ 139.656264498247822, 35.284126756008533 ], [ 139.656158, 35.284718 ], [ 139.656845, 35.284569 ], [ 139.657639, 35.284328 ], [ 139.658051, 35.283844 ], [ 139.65889, 35.283527 ], [ 139.659515, 35.283424 ], [ 139.660049, 35.282986 ], [ 139.660416, 35.282406 ], [ 139.660965, 35.281971 ], [ 139.661615588244729, 35.281864909534193 ], [ 139.661804, 35.281013 ], [ 139.662201, 35.28051 ], [ 139.662315322138056, 35.280049266651908 ], [ 139.662808884437851, 35.280100268412156 ], [ 139.662888, 35.279602 ], [ 139.662292, 35.279243 ], [ 139.661599969184607, 35.27876146156062 ], [ 139.661237606989829, 35.278924669675696 ], [ 139.661606, 35.27935 ], [ 139.661911, 35.279907 ], [ 139.661937340883185, 35.280051816740674 ], [ 139.661922302338667, 35.280067929686389 ] ] } },
{ "type": "Feature", "properties": { "id": null, "name": null, "_umap_options": null, "description": null }, "geometry": { "type": "LineString", "coordinates": [ [ 139.654907, 35.674492 ], [ 139.654515163514304, 35.674219979555978 ], [ 139.65400285834238, 35.674666598761718 ], [ 139.653061, 35.67416 ], [ 139.652853295517588, 35.673803809410245 ], [ 139.652166056872346, 35.67339271237968 ], [ 139.651853675669969, 35.673144023024626 ], [ 139.6519661329028, 35.672306593988381 ], [ 139.651478818227105, 35.672286292569332 ], [ 139.651535, 35.671719 ], [ 139.65155, 35.67123 ], [ 139.65157878021185, 35.671037745373724 ], [ 139.651247656137315, 35.670895633072845 ], [ 139.65137260861826, 35.670474370122896 ], [ 139.650894, 35.670326 ], [ 139.650238, 35.670166 ], [ 139.649582, 35.67046 ], [ 139.649811, 35.670898 ], [ 139.650055, 35.671337 ], [ 139.649551, 35.671921 ], [ 139.648936035239672, 35.672463929810952 ], [ 139.648376, 35.67207 ], [ 139.647742739046549, 35.671393025019022 ], [ 139.646505709485126, 35.670555577611523 ], [ 139.646049632929646, 35.671215385394042 ], [ 139.645508, 35.670883 ], [ 139.64444, 35.670433 ], [ 139.643856716888905, 35.670174916794529 ], [ 139.643950431249607, 35.669454194008843 ], [ 139.643738012031974, 35.669357758776322 ], [ 139.64363805004723, 35.668966941114896 ], [ 139.644219079083655, 35.668768993777171 ], [ 139.644756374751751, 35.668154846349083 ], [ 139.645749746975355, 35.668383248836989 ], [ 139.646668147710358, 35.668728389134408 ], [ 139.647141, 35.668919 ], [ 139.647892682023695, 35.669271474522148 ], [ 139.649129711585147, 35.669966821447126 ], [ 139.649410854667309, 35.670179992284019 ], [ 139.649304645058493, 35.670022651959428 ], [ 139.649604531012784, 35.669713045899044 ], [ 139.649810702606374, 35.669738423490159 ], [ 139.649887, 35.669479 ], [ 139.649918, 35.668968 ], [ 139.649985636079691, 35.668677633301904 ], [ 139.650452, 35.668728 ], [ 139.651353865746131, 35.668845127426685 ], [ 139.65123, 35.669682 ], [ 139.651097713160169, 35.670215520701483 ], [ 139.651385103866374, 35.670504822940799 ], [ 139.651535, 35.671326 ], [ 139.65155, 35.671829 ], [ 139.651535046843549, 35.672316744695962 ], [ 139.652422209458308, 35.672354809837934 ], [ 139.653296876824982, 35.672314207019198 ], [ 139.653259391080695, 35.672626340657331 ], [ 139.652340990345664, 35.673463766338784 ], [ 139.652822057397373, 35.673819035185538 ], [ 139.653091, 35.67421 ], [ 139.654034096462652, 35.674676749169166 ], [ 139.65448, 35.674267 ], [ 139.65448, 35.674267 ] ] } },
{ "type": "Feature", "properties": { "id": null, "name": null, "_umap_options": null, "description": null }, "geometry": { "type": "LineString", "coordinates": [ [ 139.654861, 35.674488 ], [ 139.654861, 35.674498 ] ] } },
{ "type": "Feature", "properties": { "id": null, "name": null, "_umap_options": null, "description": null }, "geometry": { "type": "LineString", "coordinates": [ [ 139.250943314904163, 35.626107123496148 ], [ 139.250392836997349, 35.626274081510516 ], [ 139.250146354352495, 35.626534535316743 ], [ 139.250064193470877, 35.627209039947985 ], [ 139.250277811763084, 35.62759637666899 ], [ 139.250844721846221, 35.627623089477133 ], [ 139.251288390606902, 35.627816757069212 ], [ 139.251633, 35.628319 ], [ 139.251929245483524, 35.629038855536145 ], [ 139.252426, 35.629398 ], [ 139.25322, 35.629898 ], [ 139.253827161848818, 35.62997378164107 ], [ 139.254262614521338, 35.629993815652227 ], [ 139.254364, 35.629654 ], [ 139.255219, 35.629787 ], [ 139.254837, 35.630207 ], [ 139.255388218599478, 35.630280969260475 ], [ 139.255815455183864, 35.63098215396932 ], [ 139.256328960693935, 35.631232575589081 ] ] } },
{ "type": "Feature", "properties": { "id": null, "name": null, "_umap_options": null, "description": null }, "geometry": { "type": "LineString", "coordinates": [ [ 139.256359146675123, 35.631253726389652 ], [ 139.257520202868136, 35.632438162720092 ] ] } },
{ "type": "Feature", "properties": { "id": null, "name": null, "_umap_options": null, "description": null }, "geometry": { "type": "LineString", "coordinates": [ [ 139.244593962977603, 35.624267418684695 ], [ 139.244593962977603, 35.624423910509599 ], [ 139.244754397644186, 35.624730372779496 ], [ 139.244706267244254, 35.624899904594415 ], [ 139.244513745644269, 35.625069436049841 ], [ 139.244610006444248, 35.625225926305056 ], [ 139.244802528044232, 35.625232446725704 ], [ 139.245299875510796, 35.625141160788175 ], [ 139.24538811457748, 35.624886863698329 ], [ 139.246318635644002, 35.62457388155439 ], [ 139.246446983377325, 35.624939027269875 ], [ 139.246374787777313, 35.625141160788175 ], [ 139.24658335284397, 35.62556498747395 ], [ 139.246719722310615, 35.625741037898386 ], [ 139.246936309110595, 35.625701915615345 ], [ 139.247345417510559, 35.625369375436598 ], [ 139.247658265110488, 35.625369375436598 ], [ 139.247826721510449, 35.625128119931446 ], [ 139.248316047243691, 35.624925986380184 ], [ 139.248452416710393, 35.625278089655396 ], [ 139.248548677510371, 35.625473701916071 ], [ 139.248572742710337, 35.625571507866944 ], [ 139.249078111910251, 35.625499783514663 ], [ 139.249711828843544, 35.625682354466647 ], [ 139.249727872310189, 35.625591069042777 ], [ 139.24995248084349, 35.625630191380054 ], [ 139.24995248084349, 35.625630191380054 ], [ 139.24995248084349, 35.625630191380054 ], [ 139.249992589510157, 35.6256562729276 ], [ 139.250000611243479, 35.6256562729276 ], [ 139.249920393910173, 35.625630191380054 ] ] } },
{ "type": "Feature", "properties": { "id": null, "name": null, "_umap_options": null, "description": null }, "geometry": { "type": "LineString", "coordinates": [ [ 139.654343, 35.677307 ], [ 139.654144, 35.677738 ], [ 139.65416, 35.67841 ], [ 139.654068, 35.678955 ], [ 139.654831, 35.67947 ], [ 139.655273, 35.67915 ], [ 139.655807, 35.678963 ], [ 139.656357, 35.678562 ], [ 139.656006, 35.678146 ], [ 139.65567, 35.677654 ], [ 139.655991, 35.677135 ], [ 139.656372, 35.676285 ], [ 139.65657, 35.675785 ], [ 139.656219, 35.67527 ], [ 139.655548, 35.67469 ], [ 139.654907, 35.674492 ], [ 139.654907, 35.674492 ] ] } },
{ "type": "Feature", "properties": { "id": null, "name": null, "_umap_options": null, "description": null }, "geometry": { "type": "LineString", "coordinates": [ [ 139.654907, 35.674583 ], [ 139.654907, 35.674593 ] ] } },
{ "type": "Feature", "properties": { "id": null, "name": null, "_umap_options": null, "description": null }, "geometry": { "type": "LineString", "coordinates": [ [ 139.646758374921603, 35.653954725037252 ], [ 139.646393, 35.654335 ], [ 139.645844, 35.655087 ], [ 139.64537, 35.655724 ], [ 139.644929612116272, 35.656263307358095 ], [ 139.645065, 35.656479 ], [ 139.645175510191393, 35.65692264216856 ], [ 139.644196, 35.657036 ], [ 139.643616, 35.657082 ], [ 139.642716529440293, 35.657122439521295 ], [ 139.642578, 35.657681 ], [ 139.642044, 35.658176 ], [ 139.641663, 35.658752 ], [ 139.641434, 35.659195 ], [ 139.641204256278343, 35.659829644376934 ], [ 139.641876, 35.659901 ], [ 139.64189277088866, 35.659410083582323 ], [ 139.641941950503679, 35.659799675821859 ], [ 139.642014, 35.659466 ], [ 139.642323092520115, 35.658780738257143 ], [ 139.642618170210255, 35.65838115134941 ], [ 139.642974722419183, 35.658880634671668 ], [ 139.64279029886282, 35.65818135714575 ], [ 139.64312226126421, 35.65792162393371 ], [ 139.643392749146841, 35.657941603441557 ], [ 139.643768, 35.657467 ], [ 139.644348, 35.657055 ], [ 139.645325, 35.656975 ], [ 139.646149, 35.656925 ], [ 139.647049, 35.65686 ], [ 139.647888, 35.656834 ], [ 139.648348461651267, 35.656855189385723 ] ] } },
{ "type": "Feature", "properties": { "id": null, "name": null, "_umap_options": null, "description": null }, "geometry": { "type": "LineString", "coordinates": [ [ 139.646945351728732, 35.653366480583237 ], [ 139.646896, 35.653114 ], [ 139.646347, 35.653175 ], [ 139.645907056964802, 35.653098924015538 ], [ 139.645798, 35.652634 ], [ 139.645599684370922, 35.651775190556599 ], [ 139.646368115855637, 35.651720242655799 ], [ 139.646957, 35.651417 ], [ 139.64798, 35.651321 ], [ 139.648651, 35.651257 ], [ 139.648682, 35.652008 ], [ 139.648697, 35.652880985522167 ], [ 139.648771769539849, 35.653318711598295 ], [ 139.648331, 35.653395985522167 ], [ 139.647583, 35.653053 ], [ 139.646912, 35.65316 ], [ 139.647032828513403, 35.653354909420152 ] ] } },
{ "type": "Feature", "properties": { "id": null, "name": null, "_umap_options": null, "description": null }, "geometry": { "type": "LineString", "coordinates": [ [ 139.646980687051695, 35.653614922107842 ], [ 139.646973, 35.653351 ], [ 139.646881, 35.652813 ], [ 139.646637, 35.652092 ], [ 139.646347, 35.651577 ], [ 139.646011, 35.651043 ], [ 139.646347, 35.651611 ], [ 139.646683, 35.652168 ], [ 139.647324, 35.652798 ], [ 139.647888, 35.653282 ], [ 139.648513576560987, 35.653903143819257 ], [ 139.647594848572027, 35.654068297399071 ] ] } },
{ "type": "Feature", "properties": { "id": null, "name": null, "_umap_options": null, "description": null }, "geometry": { "type": "LineString", "coordinates": [ [ 139.658173, 35.677284 ], [ 139.658142, 35.676224 ], [ 139.658035, 35.675655 ], [ 139.657639, 35.676163 ], [ 139.656677, 35.675488 ], [ 139.655655, 35.674759 ], [ 139.654907, 35.674492 ], [ 139.654907, 35.674492 ] ] } },
{ "type": "Feature", "properties": { "id": null, "name": null, "_umap_options": null, "description": null }, "geometry": { "type": "LineString", "coordinates": [ [ 139.710246709344005, 35.647047499046273 ], [ 139.710693, 35.646408 ], [ 139.710648, 35.645607 ], [ 139.711180701002974, 35.644803998281638 ], [ 139.710663, 35.645519 ], [ 139.710693, 35.645996 ], [ 139.711094636676677, 35.646202781451692 ], [ 139.710615135430203, 35.646552473417721 ], [ 139.711594, 35.646809 ], [ 139.711979869747069, 35.646442570393319 ], [ 139.712274947437209, 35.646162816558103 ], [ 139.712274947437209, 35.646512508699068 ], [ 139.712250357629699, 35.646962110631257 ], [ 139.71167, 35.646832 ], [ 139.711044, 35.64666 ], [ 139.710236338185808, 35.647007628755055 ] ] } },
{ "type": "Feature", "properties": { "id": null, "name": null, "_umap_options": null, "description": null }, "geometry": { "type": "LineString", "coordinates": [ [ 139.651321, 35.670708 ], [ 139.650772, 35.670197 ], [ 139.650363959576168, 35.670145651070385 ], [ 139.650436, 35.669811 ], [ 139.65065, 35.669308 ], [ 139.650781986303826, 35.668962037536396 ], [ 139.65069592197753, 35.668752281408572 ], [ 139.650628300006872, 35.668682362576817 ] ] } },
{ "type": "Feature", "properties": { "id": null, "name": null, "_umap_options": null, "description": null }, "geometry": { "type": "LineString", "coordinates": [ [ 139.700362829625021, 35.68886294276799 ], [ 139.69989, 35.690701 ], [ 139.69873, 35.690063 ], [ 139.698807, 35.688953 ], [ 139.69873, 35.688461 ], [ 139.699219, 35.687775 ], [ 139.699234, 35.688583 ], [ 139.699936, 35.688946 ], [ 139.70046318562936, 35.689077992825233 ] ] } },
{ "type": "Feature", "properties": { "id": null, "name": null, "_umap_options": null, "description": null }, "geometry": { "type": "LineString", "coordinates": [ [ 139.69189862696939, 35.667768406635311 ], [ 139.691971, 35.667763 ], [ 139.692935063829708, 35.668048096091233 ], [ 139.694061, 35.66814 ], [ 139.695053, 35.668056 ], [ 139.695953462701681, 35.668063078822229 ], [ 139.696543618081932, 35.666954349132808 ], [ 139.697357, 35.66729 ], [ 139.697159, 35.668011 ], [ 139.696671, 35.667564 ], [ 139.697266, 35.667538 ], [ 139.697571, 35.668003 ], [ 139.69693, 35.668011 ], [ 139.697601, 35.667542 ], [ 139.696869, 35.668156 ], [ 139.697052, 35.667431 ], [ 139.696503, 35.667904 ], [ 139.697464, 35.667561 ], [ 139.697006, 35.667927 ], [ 139.696457, 35.667934 ], [ 139.69725, 35.667976 ], [ 139.697617, 35.667641 ], [ 139.697128, 35.668037 ], [ 139.69516, 35.668053 ], [ 139.694219881272147, 35.668167957860518 ], [ 139.693054, 35.668095 ], [ 139.692337, 35.667942 ], [ 139.691893532403355, 35.667777171335764 ] ] } },
{ "type": "Feature", "properties": { "id": null, "name": null, "_umap_options": null, "description": null }, "geometry": { "type": "LineString", "coordinates": [ [ 139.728479630586946, 35.618832141101429 ], [ 139.728700938854502, 35.618312417995966 ], [ 139.727373089248914, 35.617652764575226 ], [ 139.726414086755966, 35.617552816612601 ], [ 139.726463266371042, 35.61637342122085 ], [ 139.727397679056423, 35.616233491799917 ], [ 139.728700938854502, 35.616353431318551 ], [ 139.729192735004744, 35.616353431318551 ], [ 139.729192735004744, 35.617212992605374 ], [ 139.72899601654467, 35.618012576206482 ], [ 139.728602579624493, 35.618652237331744 ] ] } },
{ "type": "Feature", "properties": { "id": null, "name": null, "_umap_options": null, "description": null }, "geometry": { "type": "LineString", "coordinates": [ [ 139.669169014870249, 35.608571982399546 ], [ 139.669587041597936, 35.609261698231713 ], [ 139.668271486896089, 35.609311677408797 ], [ 139.66830837160731, 35.608721921129735 ], [ 139.667349369114419, 35.60887185957894 ], [ 139.667103471039326, 35.60809217657458 ], [ 139.668197717473561, 35.60792224465488 ], [ 139.668160832762283, 35.607152548498867 ], [ 139.666783803541676, 35.607402450660004 ], [ 139.666599379985314, 35.606832672593619 ], [ 139.666451841140287, 35.606322867726384 ], [ 139.667251009884353, 35.606132939592392 ], [ 139.667312484403112, 35.606612757166928 ], [ 139.668099358243495, 35.606542783949848 ], [ 139.669058360736386, 35.60670272264182 ], [ 139.669906709095557, 35.606962622334372 ], [ 139.669992773421853, 35.606312871520039 ], [ 139.67125914850871, 35.606352856337885 ], [ 139.670939481011033, 35.607472423125245 ], [ 139.670878006492245, 35.60774231634651 ], [ 139.669894414191816, 35.60744243493334 ], [ 139.669869824384278, 35.608541994619792 ], [ 139.670632108417095, 35.608492014961882 ], [ 139.670214081689466, 35.609841454766226 ], [ 139.669906709095557, 35.60986144629593 ], [ 139.669279669004027, 35.609831458999501 ], [ 139.668947706602609, 35.610591133711139 ], [ 139.668984591313887, 35.610920990221281 ], [ 139.668468205356191, 35.61099095960919 ], [ 139.66852967987495, 35.611675656818377 ], [ 139.669832939673, 35.611655665742035 ], [ 139.669931298903066, 35.610836027310832 ], [ 139.669906709095557, 35.609796473806114 ], [ 139.668332961414848, 35.609816465347066 ], [ 139.668332961414848, 35.608696931360896 ], [ 139.668898526987618, 35.607937238662316 ] ] } },
{ "type": "Feature", "properties": { "id": null, "name": null, "_umap_options": null, "description": null }, "geometry": { "type": "LineString", "coordinates": [ [ 141.356640673861818, 43.06113678537519 ], [ 141.34423540802203, 43.059537304914016 ], [ 141.344740599843561, 43.057814740830231 ], [ 141.344179275597412, 43.057814740830231 ] ] } },
{ "type": "Feature", "properties": { "id": null, "name": null, "_umap_options": null, "description": null }, "geometry": { "type": "LineString", "coordinates": [ [ 141.355195263928039, 43.048252605073294 ], [ 141.355307528777246, 43.047657806361151 ], [ 141.355153164609561, 43.047339894339466 ], [ 141.354858469380332, 43.047206575904532 ], [ 141.354269078921902, 43.047093767771734 ], [ 141.354212946497256, 43.046755342128584 ], [ 141.354030516117263, 43.046468191633814 ], [ 141.353665655357247, 43.04620155068509 ], [ 141.353483224977282, 43.046119507083084 ], [ 141.353188529748053, 43.046119507083084 ], [ 141.353188529748053, 43.045801587088825 ], [ 141.352949966943441, 43.044940118178111 ], [ 141.353483224977282, 43.044991396428074 ], [ 141.354156814072667, 43.044950373831547 ], [ 141.354451509301896, 43.044970885133246 ], [ 141.354956701123399, 43.045555454348801 ], [ 141.355518025369548, 43.046006696951139 ], [ 141.355967084766462, 43.046334871304332 ], [ 141.355896919235704, 43.046591256296153 ], [ 141.355195263928039, 43.047370660090991 ] ] } },
{ "type": "Feature", "properties": { "id": null, "name": null, "_umap_options": null, "description": null }, "geometry": { "type": "LineString", "coordinates": [ [ 135.950751388943161, 33.628478689585762 ], [ 135.951256580764692, 33.62808141190326 ], [ 135.95019006469704, 33.627099894480068 ], [ 135.95072332273088, 33.625861297010211 ], [ 135.951003984853969, 33.624552570901855 ], [ 135.950947852429294, 33.624155275114006 ], [ 135.950582991669307, 33.624178645505189 ], [ 135.950611057881588, 33.624809643670687 ], [ 135.950667190306262, 33.625370527049277 ], [ 135.949965534998597, 33.626655871019651 ] ] } },
{ "type": "Feature", "properties": { "id": null, "name": null, "_umap_options": null, "description": null }, "geometry": { "type": "LineString", "coordinates": [ [ 141.677265530981458, 45.416620138270787 ], [ 141.677307, 45.416866 ], [ 141.677246, 45.417366 ], [ 141.676529, 45.417252 ], [ 141.677231, 45.417477 ], [ 141.676773, 45.416794 ], [ 141.676956, 45.417324 ], [ 141.677811, 45.417465 ], [ 141.677881423203047, 45.418701483882472 ], [ 141.679191349233434, 45.418690581145334 ], [ 141.680099, 45.4188 ], [ 141.681252023384019, 45.41980991783781 ], [ 141.68061000430194, 45.419918942953082 ], [ 141.680692845473828, 45.420086114387637 ], [ 141.679962, 45.420185 ], [ 141.678879, 45.420341 ], [ 141.678129946718684, 45.420445894709168 ], [ 141.677762339018471, 45.420514943195535 ], [ 141.677430974330917, 45.42061306458352 ], [ 141.677383, 45.420738 ], [ 141.675737907880546, 45.420972841547247 ], [ 141.675608468549484, 45.420896525413177 ], [ 141.674896, 45.422115 ], [ 141.674469, 45.422878 ], [ 141.674194, 45.423527 ], [ 141.673965, 45.424313 ], [ 141.67334, 45.424606 ], [ 141.673081812807027, 45.425515282760962 ], [ 141.672791, 45.426048 ], [ 141.672351774979802, 45.426659920290469 ], [ 141.671834017655527, 45.42652910574752 ], [ 141.67157, 45.427116 ], [ 141.671005605936671, 45.428055256552689 ], [ 141.67041, 45.42905 ], [ 141.670140951205184, 45.429465092535196 ], [ 141.669968, 45.429783 ], [ 141.66961801630768, 45.430373473354045 ], [ 141.669296, 45.430828 ], [ 141.6689, 45.431282 ], [ 141.668318445423751, 45.431866819646785 ], [ 141.668240781825091, 45.432360959597851 ], [ 141.668044034041884, 45.432800595182044 ], [ 141.667557, 45.433357 ], [ 141.666640911693122, 45.434301143737862 ], [ 141.666081733782875, 45.434842494076989 ], [ 141.665375, 45.435158 ], [ 141.665025508841381, 45.435765320938344 ], [ 141.664114255950665, 45.436361153886423 ], [ 141.663052853435886, 45.437026008834643 ], [ 141.662234796863572, 45.437716287104308 ], [ 141.661049132590989, 45.438424721811181 ], [ 141.659805, 45.43903 ], [ 141.658563897434476, 45.439728945010785 ], [ 141.657639, 45.440388 ], [ 141.656953672156021, 45.440804270711858 ], [ 141.655945, 45.441593 ], [ 141.655319, 45.442383 ], [ 141.654617, 45.443012 ], [ 141.653805707624429, 45.443477964702787 ], [ 141.653214, 45.444241 ], [ 141.652939, 45.444656 ], [ 141.6521, 45.445644 ], [ 141.651672547448442, 45.445904522929901 ], [ 141.651294584601715, 45.446180591803738 ], [ 141.650742, 45.446728 ], [ 141.650036434303757, 45.446983363352416 ], [ 141.649679181750002, 45.447455576573816 ], [ 141.649094115973554, 45.447757064486012 ], [ 141.648163, 45.448544 ], [ 141.647583, 45.448002 ], [ 141.646698, 45.448307 ], [ 141.646027, 45.449619 ], [ 141.64505, 45.449642 ], [ 141.644636225411574, 45.449268112153554 ], [ 141.644318, 45.44891 ], [ 141.64326416850227, 45.448872192519687 ], [ 141.643387, 45.448624 ], [ 141.644196131685959, 45.448454476131779 ], [ 141.644577, 45.448357 ], [ 141.644677645997518, 45.448381829487666 ], [ 141.644577, 45.448788 ], [ 141.645508, 45.448395 ], [ 141.646271, 45.448002 ], [ 141.647217, 45.447712 ], [ 141.647934, 45.447124 ], [ 141.648376, 45.446545 ], [ 141.64888, 45.446178 ], [ 141.64949, 45.44566 ], [ 141.64949, 45.44516 ], [ 141.648926, 45.444771 ], [ 141.648834, 45.445427 ], [ 141.649078, 45.446011 ], [ 141.648376, 45.446526 ], [ 141.649124, 45.446083 ], [ 141.649874720016498, 45.445404072334576 ] ] } },
{ "type": "Feature", "properties": { "id": null, "name": null, "_umap_options": null, "description": null }, "geometry": { "type": "LineString", "coordinates": [ [ 141.676129976864388, 45.418588571803816 ], [ 141.67627, 45.417835 ], [ 141.676987, 45.417446 ], [ 141.676392, 45.417118 ], [ 141.675507, 45.417114 ], [ 141.674683, 45.417152 ], [ 141.67366, 45.417213 ], [ 141.673216429711317, 45.41718780040086 ], [ 141.673233, 45.416672 ], [ 141.67244, 45.416546 ], [ 141.672363, 45.415916 ], [ 141.672409, 45.415325 ], [ 141.672409, 45.414726 ], [ 141.671875, 45.414299 ], [ 141.671295, 45.413773 ], [ 141.670547, 45.413486 ], [ 141.670074, 45.414104 ], [ 141.669815, 45.414616 ], [ 141.66951, 45.415325 ], [ 141.669098, 45.415993 ], [ 141.668701, 45.41658 ], [ 141.668549, 45.417118 ], [ 141.667694, 45.416996 ], [ 141.666824, 45.417091 ], [ 141.666092, 45.417019 ], [ 141.665359, 45.41684 ], [ 141.664688, 45.416882 ], [ 141.663391, 45.41687 ], [ 141.663818, 45.41687 ], [ 141.664459, 45.417126 ], [ 141.663849, 45.41729 ], [ 141.665009, 45.417488 ], [ 141.665924, 45.417095 ], [ 141.66658, 45.417595 ], [ 141.66745, 45.418175 ], [ 141.668533, 45.41869 ], [ 141.669095081410148, 45.418903184139793 ], [ 141.669601, 45.418606 ], [ 141.670089175472725, 45.418961331827916 ], [ 141.669693, 45.419346 ], [ 141.668686, 45.419609 ], [ 141.66893, 45.4202 ], [ 141.667956015296738, 45.42076388045853 ], [ 141.667892, 45.421638 ], [ 141.667984, 45.422081 ], [ 141.668686, 45.422478 ], [ 141.669032950531204, 45.422580907527482 ], [ 141.669342, 45.421879 ], [ 141.670068465179753, 45.421418016940031 ], [ 141.670316988695419, 45.420996463186903 ], [ 141.670517, 45.420868 ], [ 141.670822, 45.420235 ], [ 141.671417, 45.419632 ], [ 141.672043, 45.419373 ], [ 141.672636541508155, 45.419179385125069 ], [ 141.67334069146915, 45.41928114304222 ], [ 141.673584, 45.418541 ], [ 141.673996, 45.417835 ], [ 141.674057, 45.417233 ], [ 141.675156, 45.417313 ], [ 141.675934, 45.417233 ], [ 141.676605, 45.417248 ], [ 141.676971, 45.417824 ], [ 141.676834, 45.417366 ], [ 141.675613, 45.418297 ], [ 141.676239, 45.418468 ], [ 141.675568, 45.418274 ], [ 141.6754, 45.417702 ], [ 141.675705, 45.417259 ], [ 141.67572, 45.416809 ], [ 141.675552, 45.416286 ], [ 141.675858, 45.41695 ], [ 141.676453, 45.417198 ], [ 141.677094, 45.417545 ], [ 141.677704, 45.417793 ], [ 141.677109, 45.417538 ], [ 141.677643, 45.417809 ], [ 141.677216, 45.417404 ], [ 141.679672, 45.418091 ], [ 141.67923, 45.418488 ], [ 141.680328, 45.419086 ], [ 141.679245, 45.419231 ], [ 141.680496, 45.419006 ], [ 141.679443, 45.419044 ], [ 141.681198, 45.418789 ], [ 141.679428, 45.41909 ], [ 141.681091, 45.418804 ], [ 141.679199, 45.419033 ], [ 141.681076, 45.418747 ], [ 141.679779, 45.418941 ], [ 141.678955, 45.417809 ], [ 141.677658, 45.417992 ], [ 141.677002, 45.417419 ], [ 141.678604, 45.417797 ], [ 141.679657, 45.417995 ], [ 141.679367, 45.418785 ], [ 141.680008, 45.41835 ], [ 141.679428, 45.418854 ], [ 141.680115, 45.418419 ], [ 141.679398, 45.418774 ], [ 141.67981, 45.418411 ], [ 141.680679, 45.418892 ], [ 141.679977, 45.418907 ], [ 141.680695, 45.418884 ], [ 141.679657, 45.419151 ], [ 141.681046, 45.419033 ], [ 141.680344, 45.419079 ], [ 141.681076, 45.418941 ], [ 141.679794, 45.419144 ], [ 141.681046, 45.418987 ], [ 141.679794, 45.419003 ], [ 141.679596, 45.418091 ], [ 141.678635, 45.417816 ], [ 141.677231, 45.41758 ], [ 141.676437, 45.417179 ], [ 141.676056, 45.417648 ], [ 141.675201, 45.41748 ], [ 141.676117, 45.417423 ], [ 141.676117, 45.417423 ] ] } },
{ "type": "Feature", "properties": { "id": null, "name": null, "_umap_options": null, "description": null }, "geometry": { "type": "LineString", "coordinates": [ [ 141.676254, 45.417366 ], [ 141.676861441274184, 45.416577227511858 ], [ 141.676799310395324, 45.415777657665622 ], [ 141.676550786879659, 45.415428751094758 ], [ 141.676697, 45.414913 ], [ 141.677337778012514, 45.41473093123134 ], [ 141.678284, 45.414871 ], [ 141.679428, 45.415215 ], [ 141.681046, 45.415184 ], [ 141.682639613013066, 45.414919924962462 ], [ 141.683820099712392, 45.414818159185835 ], [ 141.683985782056141, 45.415501440167965 ], [ 141.682922, 45.415447 ], [ 141.684190941818343, 45.415697251243621 ] ] } },
{ "type": "Feature", "properties": { "id": null, "name": null, "_umap_options": null, "description": null }, "geometry": { "type": "LineString", "coordinates": [ [ 141.041268994963531, 45.277797975274119 ], [ 141.041031, 45.277779 ], [ 141.041794, 45.277195 ], [ 141.041092, 45.277626 ], [ 141.040314, 45.277561 ], [ 141.038818, 45.277466 ], [ 141.037949, 45.277382 ], [ 141.037325383095691, 45.276851558962868 ], [ 141.036807383095692, 45.276569558962869 ], [ 141.036582023788043, 45.276141318838 ], [ 141.035919, 45.276039 ], [ 141.035763967215729, 45.275507361997747 ], [ 141.036148, 45.275402 ], [ 141.035156, 45.275562 ], [ 141.034912, 45.276104 ], [ 141.035184079012566, 45.276549379264466 ], [ 141.035782, 45.276917 ], [ 141.035287630477399, 45.27708131077177 ], [ 141.034882, 45.276173 ], [ 141.034866, 45.275665 ], [ 141.034221050389391, 45.275893566433162 ], [ 141.033981, 45.276474 ], [ 141.034210695242905, 45.277001157028103 ], [ 141.033920751141295, 45.277146891023285 ], [ 141.033485834988937, 45.277066737372252 ], [ 141.033218, 45.276608 ], [ 141.032336413729041, 45.276338062624227 ], [ 141.03215, 45.27652 ], [ 141.03157, 45.276764 ], [ 141.030365, 45.277588 ], [ 141.029938, 45.278122 ], [ 141.0289, 45.278503 ], [ 141.02829, 45.278847 ], [ 141.027115, 45.279266 ], [ 141.025772, 45.279839 ], [ 141.025077456042794, 45.280057849169452 ], [ 141.023926, 45.280533 ], [ 141.0233, 45.280907 ], [ 141.023071, 45.281448 ], [ 141.022537, 45.281914 ], [ 141.021896, 45.282475 ], [ 141.021729, 45.283169 ], [ 141.021317, 45.283604 ], [ 141.020737, 45.284016 ], [ 141.019775, 45.283924 ], [ 141.019836, 45.2845 ], [ 141.020416, 45.284122 ], [ 141.020615, 45.284584 ], [ 141.020981, 45.28508 ], [ 141.021545, 45.285534 ], [ 141.022385, 45.285656 ], [ 141.02301, 45.285835 ], [ 141.023348146579707, 45.286269094045771 ], [ 141.023379212019165, 45.286698938032252 ], [ 141.023638090681317, 45.286494944682048 ], [ 141.024062651687217, 45.286706223495472 ], [ 141.024673, 45.286682 ], [ 141.025004970017392, 45.286647939763476 ], [ 141.025909, 45.286995 ], [ 141.026398, 45.287502 ], [ 141.026062, 45.288048 ], [ 141.02684, 45.287689 ], [ 141.027374, 45.28812 ], [ 141.028229, 45.288574 ], [ 141.028824, 45.289017 ], [ 141.029739, 45.290222 ], [ 141.029953, 45.290665 ], [ 141.030197, 45.291336 ], [ 141.03016183296711, 45.291762109315094 ], [ 141.030334, 45.29213 ], [ 141.030431066775719, 45.292403169269498 ], [ 141.030928113807022, 45.292607141371775 ], [ 141.031570132889158, 45.292701842455607 ], [ 141.031769, 45.292606 ], [ 141.032669, 45.292957 ], [ 141.03273, 45.293694 ], [ 141.032806, 45.294182 ], [ 141.033676, 45.294418 ], [ 141.03447, 45.294876 ], [ 141.034668, 45.295376 ], [ 141.034576, 45.295845 ], [ 141.034012, 45.296272 ], [ 141.034836, 45.296997 ], [ 141.035401537088717, 45.297422126856468 ], [ 141.035888228973562, 45.298660408013511 ], [ 141.035202, 45.297646 ], [ 141.034904490057414, 45.29738570641306 ], [ 141.034943, 45.296944 ], [ 141.034393, 45.296642 ], [ 141.033676, 45.296722 ], [ 141.033691, 45.297356 ], [ 141.033432, 45.297794 ], [ 141.033173, 45.298416 ], [ 141.032916301932261, 45.298762382903618 ], [ 141.033737, 45.299366 ], [ 141.034439, 45.299881 ], [ 141.035567219432522, 45.300299267964768 ], [ 141.035995, 45.300392 ], [ 141.03626101424706, 45.300729005623822 ], [ 141.036713, 45.300751 ], [ 141.036861612743223, 45.301100471145133 ], [ 141.03734830462804, 45.301595754721063 ], [ 141.037949, 45.301487 ], [ 141.038467, 45.301865 ], [ 141.039551, 45.302437 ], [ 141.04068, 45.302738 ], [ 141.041992, 45.302841 ], [ 141.042984, 45.302677 ], [ 141.041992, 45.302849 ], [ 141.04126, 45.303562 ], [ 141.040543, 45.303886 ], [ 141.039764, 45.304737 ], [ 141.039688, 45.30402 ], [ 141.039719633173178, 45.303409329710057 ], [ 141.039191520702417, 45.303380196433785 ], [ 141.038773, 45.303406 ], [ 141.038124940614438, 45.304239621790281 ], [ 141.038922286893779, 45.3035986956409 ], [ 141.040133839032592, 45.303438462971357 ], [ 141.039906025809898, 45.303955575868137 ], [ 141.039825, 45.304298 ], [ 141.039481464803998, 45.304523666289228 ], [ 141.039357203046194, 45.30498978751114 ], [ 141.039553950829401, 45.305339375912418 ], [ 141.039948, 45.304707 ], [ 141.040423783134173, 45.304348869842919 ], [ 141.040951895604934, 45.303824477270204 ], [ 141.041542138954611, 45.303474879526924 ], [ 141.041718, 45.303238 ], [ 141.042313, 45.302814 ], [ 141.043335, 45.302601 ], [ 141.044693, 45.302391 ], [ 141.045273, 45.302143 ], [ 141.045944, 45.302052 ], [ 141.046814, 45.301754 ], [ 141.04747, 45.30162 ], [ 141.047318, 45.301128 ], [ 141.047089, 45.300365 ], [ 141.046951, 45.299824 ], [ 141.046707, 45.299328 ], [ 141.046127, 45.298611 ], [ 141.046494, 45.299061 ], [ 141.047028, 45.299923 ], [ 141.047348, 45.301205 ], [ 141.04747, 45.302006 ], [ 141.047974, 45.303013 ], [ 141.048325, 45.303654 ], [ 141.048706, 45.304226 ], [ 141.047913, 45.304153 ], [ 141.04863, 45.304062 ], [ 141.048264, 45.30352 ], [ 141.047211, 45.302193 ], [ 141.048004, 45.303108 ], [ 141.048248, 45.303665 ], [ 141.04866, 45.304291 ], [ 141.048264, 45.303486 ], [ 141.047501, 45.302074 ], [ 141.047943, 45.302994 ], [ 141.048325, 45.303745 ], [ 141.048691, 45.304222 ], [ 141.047684, 45.304146 ], [ 141.048279, 45.304119 ], [ 141.047607, 45.303955 ], [ 141.048325, 45.304108 ], [ 141.047699, 45.304264 ], [ 141.048584, 45.304226 ], [ 141.048264, 45.303478 ], [ 141.048019, 45.302967 ], [ 141.047592, 45.302265 ], [ 141.047287, 45.301273 ], [ 141.047165, 45.300499 ], [ 141.046982, 45.299801 ], [ 141.046738, 45.299381 ], [ 141.045898, 45.299278 ], [ 141.0466, 45.299343 ], [ 141.046936, 45.299969 ], [ 141.047379, 45.3013 ], [ 141.047485, 45.30183 ], [ 141.047638, 45.302387 ], [ 141.048035, 45.303261 ], [ 141.048691, 45.304214 ], [ 141.048691, 45.304214 ] ] } },
{ "type": "Feature", "properties": { "id": null, "name": null, "_umap_options": null, "description": null }, "geometry": { "type": "LineString", "coordinates": [ [ 141.036258416992979, 45.438645984730307 ], [ 141.036285, 45.438923 ], [ 141.034317, 45.437275 ], [ 141.031876, 45.43565 ], [ 141.025391, 45.435444 ], [ 141.020462, 45.433861 ], [ 141.015198, 45.432125 ], [ 141.012756, 45.431526 ], [ 141.012436, 45.432186 ], [ 141.012039, 45.431534 ], [ 141.011826, 45.431072 ], [ 141.011444, 45.430607 ], [ 141.011093, 45.429859 ], [ 141.010864, 45.429398 ], [ 141.010376, 45.42905 ], [ 141.009872, 45.428253 ], [ 141.008743, 45.42746 ], [ 141.007767, 45.42701 ], [ 141.007004, 45.42712 ], [ 141.006393, 45.426979 ], [ 141.005844, 45.426682 ], [ 141.005173, 45.426907 ], [ 141.004639, 45.426548 ], [ 141.00354, 45.426186 ], [ 141.002838, 45.425335 ], [ 141.001541, 45.424564 ], [ 141.000748, 45.423885 ], [ 141.000381, 45.423504 ], [ 140.999741, 45.42297 ], [ 140.999405, 45.422466 ], [ 140.998627, 45.421669 ], [ 140.998276, 45.420856 ], [ 140.997833, 45.420151 ], [ 140.997498, 45.419632 ], [ 140.996979, 45.418907 ], [ 140.99678, 45.418381 ], [ 140.996567, 45.41787 ], [ 140.997437, 45.417301 ], [ 140.997177, 45.416706 ], [ 140.997009, 45.416027 ], [ 140.997131, 45.415489 ], [ 140.99617, 45.414963 ], [ 140.995438, 45.414467 ], [ 140.994919, 45.413773 ], [ 140.994095, 45.413422 ], [ 140.993515, 45.41312 ], [ 140.992493, 45.412498 ], [ 140.991791, 45.411995 ], [ 140.991119, 45.4118 ], [ 140.990463, 45.412033 ], [ 140.988983, 45.412308 ], [ 140.988266, 45.412197 ], [ 140.987549, 45.41164 ], [ 140.986832, 45.41143 ], [ 140.986053, 45.411476 ], [ 140.987076, 45.411411 ], [ 140.988373, 45.412163 ], [ 140.989487, 45.412487 ], [ 140.989502, 45.411938 ], [ 140.99086, 45.412029 ], [ 140.991623, 45.41172 ], [ 140.99086, 45.411858 ], [ 140.991623, 45.412209 ], [ 140.990891, 45.412868 ], [ 140.990402, 45.413273 ], [ 140.989578, 45.413464 ], [ 140.988678, 45.413933 ], [ 140.987915, 45.413841 ], [ 140.987274, 45.414436 ], [ 140.987381, 45.414974 ], [ 140.987534, 45.415554 ], [ 140.988556, 45.415821 ], [ 140.989517883011786, 45.416170175251409 ], [ 140.990051, 45.416317 ], [ 140.992081, 45.416988 ], [ 140.992569, 45.417469 ], [ 140.993469, 45.418255 ], [ 140.992828, 45.417805 ], [ 140.993729, 45.418442 ], [ 140.994308, 45.419239 ], [ 140.994659, 45.420254 ], [ 140.994827, 45.420712 ], [ 140.994858, 45.421303 ], [ 140.994934, 45.422028 ], [ 140.995026, 45.42313 ], [ 140.995132, 45.423729 ], [ 140.994492, 45.424904 ], [ 140.994217, 45.425545 ], [ 140.993637, 45.426327 ], [ 140.993668, 45.427193 ], [ 140.993362, 45.427921 ], [ 140.992737, 45.428711 ], [ 140.991852, 45.429306 ], [ 140.991379, 45.429775 ], [ 140.99054, 45.430485 ], [ 140.989304, 45.430565 ], [ 140.988876, 45.431057 ], [ 140.98848, 45.431557 ], [ 140.987885, 45.431744 ], [ 140.987305, 45.432381 ], [ 140.986496, 45.432884 ], [ 140.985703, 45.433498 ], [ 140.985077, 45.434269 ], [ 140.984283, 45.434837 ], [ 140.984039, 45.435291 ], [ 140.983704, 45.435757 ], [ 140.9832, 45.436417 ], [ 140.982635, 45.436687 ], [ 140.981796, 45.437111 ], [ 140.980255, 45.437542 ], [ 140.979904, 45.438217 ], [ 140.97937, 45.438679 ], [ 140.978943, 45.439075 ], [ 140.978149, 45.43911 ], [ 140.977844, 45.439583 ], [ 140.977417, 45.439106 ], [ 140.976929, 45.439533 ], [ 140.976212, 45.43972 ], [ 140.975601, 45.43932 ], [ 140.975021, 45.438976 ], [ 140.974106, 45.439308 ], [ 140.973114, 45.43911 ], [ 140.973267, 45.43977 ], [ 140.97374, 45.440224 ], [ 140.97374, 45.440941 ], [ 140.974411, 45.441444 ], [ 140.975708, 45.44215 ], [ 140.976532, 45.44278 ], [ 140.977295, 45.442947 ], [ 140.978333, 45.443237 ], [ 140.978241, 45.444317 ], [ 140.977676, 45.445034 ], [ 140.977188, 45.445469 ], [ 140.97673, 45.445927 ], [ 140.977066, 45.446739 ], [ 140.977112, 45.447552 ], [ 140.976959, 45.448345 ], [ 140.977173, 45.44791 ], [ 140.977081, 45.447063 ], [ 140.976639, 45.446213 ], [ 140.976608, 45.445568 ], [ 140.977432, 45.444874 ], [ 140.978363, 45.44416 ], [ 140.978317, 45.443642 ], [ 140.978577, 45.444122 ], [ 140.979156, 45.444622 ], [ 140.979492, 45.445057 ], [ 140.980347, 45.445862 ], [ 140.981171, 45.44627 ], [ 140.981445, 45.446701 ], [ 140.981606551096917, 45.446836249964257 ], [ 140.981506, 45.447098 ], [ 140.981482289339084, 45.447257610742966 ], [ 140.981339, 45.447224 ], [ 140.980591746741339, 45.447722556915032 ], [ 140.979675, 45.447521 ], [ 140.978914213010711, 45.447272140368852 ], [ 140.978912, 45.447559 ], [ 140.978821, 45.448154 ], [ 140.979111, 45.448689 ], [ 140.978882, 45.44952 ], [ 140.978592, 45.44994 ], [ 140.978531, 45.450687 ], [ 140.977386, 45.451256 ], [ 140.977402, 45.452229 ], [ 140.976791, 45.452496 ], [ 140.975952, 45.45295 ], [ 140.975235, 45.453613 ], [ 140.97435, 45.45356 ], [ 140.973674508889104, 45.453606700718552 ], [ 140.973907, 45.454235 ], [ 140.973465, 45.454681 ], [ 140.973129, 45.455219 ], [ 140.972778, 45.456005 ], [ 140.972336, 45.456753 ], [ 140.971024, 45.457249 ], [ 140.970322, 45.457516 ], [ 140.969711, 45.457802 ], [ 140.968582, 45.458515 ], [ 140.968384, 45.459297 ], [ 140.968811, 45.459812 ], [ 140.968567, 45.460327 ], [ 140.968658, 45.461052 ], [ 140.96846, 45.461876 ], [ 140.968369, 45.462353 ], [ 140.968018, 45.462856 ], [ 140.968628, 45.46146 ], [ 140.968704, 45.460682 ], [ 140.969055, 45.459969 ], [ 140.96843, 45.459358 ], [ 140.968765, 45.458393 ], [ 140.969269, 45.45808 ], [ 140.968536, 45.458633 ], [ 140.968506, 45.459122 ], [ 140.968735, 45.459892 ], [ 140.968857, 45.460686 ], [ 140.968521, 45.461514 ], [ 140.968475, 45.461983 ], [ 140.968109, 45.462357 ], [ 140.967728, 45.462891 ], [ 140.96758568275564, 45.46310720729354 ], [ 140.967758, 45.463593 ], [ 140.96814, 45.46265 ], [ 140.967987, 45.463177 ], [ 140.968277, 45.462723 ], [ 140.968506, 45.46154 ], [ 140.968002, 45.460705 ], [ 140.968689, 45.460632 ], [ 140.968811, 45.459866 ], [ 140.967712, 45.459751 ], [ 140.967117, 45.459435 ], [ 140.967697, 45.459675 ], [ 140.968201, 45.460247 ], [ 140.968842, 45.45993 ], [ 140.968445, 45.459507 ], [ 140.968369, 45.458958 ], [ 140.968613, 45.458355 ], [ 140.969864, 45.457737 ], [ 140.97081, 45.45734 ], [ 140.971786, 45.456882 ], [ 140.972443, 45.456947 ], [ 140.97171, 45.457119 ], [ 140.970963, 45.457436 ], [ 140.970123, 45.4576 ], [ 140.969254, 45.457939 ], [ 140.969864, 45.457409 ], [ 140.970886, 45.457314 ], [ 140.971695, 45.457062 ], [ 140.972412, 45.456718 ], [ 140.971817, 45.457058 ], [ 140.971146, 45.457188 ], [ 140.969955, 45.457813 ], [ 140.97035044730768, 45.457705145355789 ] ] } },
{ "type": "Feature", "properties": { "id": null, "name": null, "_umap_options": null, "description": null }, "geometry": { "type": "LineString", "coordinates": [ [ 141.04914281647487, 45.339210089287704 ], [ 141.048447, 45.339294 ], [ 141.047475637890727, 45.339348384730471 ], [ 141.047382441572353, 45.339457565104581 ], [ 141.047278890107521, 45.339668646564228 ], [ 141.046356, 45.34 ], [ 141.045860235038987, 45.340032578267369 ], [ 141.045425, 45.34037 ], [ 141.043762, 45.340748 ], [ 141.042511, 45.340996 ], [ 141.04158, 45.341045 ], [ 141.040931185311962, 45.34100062521091 ], [ 141.039015483212125, 45.341284485462083 ], [ 141.037917837684688, 45.341473724838885 ], [ 141.037155, 45.341568 ], [ 141.035736, 45.341873 ], [ 141.034286, 45.342216 ], [ 141.034027, 45.342667 ], [ 141.033216601180271, 45.342900278245715 ], [ 141.032388189461443, 45.342711043637159 ], [ 141.03154, 45.342815 ], [ 141.030792, 45.342407 ], [ 141.030182, 45.342129 ], [ 141.030426, 45.341507 ], [ 141.028717, 45.341068 ], [ 141.027490205173848, 45.34105157459156 ], [ 141.027359, 45.341309 ], [ 141.026718, 45.341465 ], [ 141.026062, 45.341682 ], [ 141.02533, 45.341805 ], [ 141.024002, 45.342243 ], [ 141.023178, 45.342003 ], [ 141.022232, 45.341396 ], [ 141.021587771677162, 45.340738599100497 ], [ 141.021090724645859, 45.340374671935429 ], [ 141.020782, 45.33984 ], [ 141.020034499704337, 45.339428450358739 ], [ 141.019558162966007, 45.339792383605754 ], [ 141.018926499030414, 45.339559466597137 ], [ 141.018584779196374, 45.339624974602657 ], [ 141.018143, 45.339527 ], [ 141.017578, 45.339157 ], [ 141.016922, 45.339031 ], [ 141.015671, 45.338627 ], [ 141.015305, 45.3391 ], [ 141.014954, 45.339664 ], [ 141.014603, 45.340233 ], [ 141.013962, 45.340416 ], [ 141.013062, 45.340778 ], [ 141.012268, 45.341305 ], [ 141.01181, 45.342106 ], [ 141.011093, 45.3428 ], [ 141.010345, 45.342995 ], [ 141.009277, 45.342812 ], [ 141.00856, 45.343025 ], [ 141.008057, 45.343315 ], [ 141.007278, 45.343208 ], [ 141.006592, 45.34367 ], [ 141.006424, 45.344219 ], [ 141.005768, 45.344555 ], [ 141.005330191695037, 45.344756199537223 ], [ 141.005096, 45.344372 ], [ 141.004471, 45.344547 ], [ 141.003891, 45.345055 ], [ 141.003281, 45.345394 ], [ 141.00264, 45.345455 ], [ 141.001819797036489, 45.345367548522766 ], [ 141.001478077202478, 45.345287491293192 ], [ 141.001053, 45.345322 ], [ 141.001083, 45.345928 ], [ 141.000702, 45.3465 ], [ 141.000336, 45.346889 ], [ 140.999756, 45.347282 ], [ 140.999878, 45.3479 ], [ 140.999832, 45.348419 ], [ 140.999759122885877, 45.348933619353531 ], [ 140.999786, 45.3494 ], [ 140.999469178784295, 45.349945178134412 ], [ 140.999557, 45.350296 ], [ 140.999707347153475, 45.350978550451437 ], [ 140.999649, 45.351269 ], [ 140.99939, 45.351856 ], [ 140.998901, 45.352371 ], [ 140.999115, 45.353069 ], [ 140.999084, 45.353535 ], [ 140.99852, 45.35379 ], [ 140.998245, 45.354248 ], [ 140.997925, 45.354706 ], [ 140.998428, 45.355125 ], [ 140.998459, 45.35564 ], [ 140.997894, 45.356007 ], [ 140.998047, 45.356445 ], [ 140.99852, 45.356846 ], [ 140.998932, 45.357231 ], [ 140.99942, 45.357616 ], [ 141.000137, 45.35791 ], [ 141.000824, 45.358112 ], [ 141.001282, 45.358498 ], [ 141.001415946323533, 45.358917422505897 ], [ 141.001830152182947, 45.359048393640755 ], [ 141.002472171265055, 45.359092050618351 ], [ 141.002731049927206, 45.359230297491806 ], [ 141.002979573442843, 45.359463133567807 ], [ 141.003186676372536, 45.359710520848729 ], [ 141.003311, 45.359982 ], [ 141.003143, 45.36076 ], [ 141.002914, 45.361057 ], [ 141.002396, 45.361752 ], [ 141.001404, 45.362305 ], [ 141.000549, 45.362633 ], [ 141.000076, 45.362976 ], [ 140.999496, 45.363586 ], [ 141.000076, 45.363884 ], [ 140.999786, 45.364426 ], [ 140.99913, 45.364891 ], [ 140.998337, 45.365257 ], [ 140.998734, 45.365871 ], [ 140.999191, 45.366447 ], [ 140.999176, 45.367146 ], [ 140.998718, 45.367867 ], [ 140.998215, 45.368427 ], [ 140.997787, 45.369343 ], [ 140.996902, 45.369511 ], [ 140.996094, 45.369896 ], [ 140.995972, 45.370575 ], [ 140.995819, 45.371075 ], [ 140.996109, 45.37162 ], [ 140.995682, 45.372528 ], [ 140.995956, 45.373219 ], [ 140.995682, 45.374027 ], [ 140.995544, 45.375008 ], [ 140.995895, 45.375675 ], [ 140.995972, 45.37648 ], [ 140.99675, 45.377689 ], [ 140.996994, 45.378403 ], [ 140.997986, 45.378483 ], [ 140.997696, 45.379498 ], [ 140.997971, 45.380257 ], [ 140.998093, 45.380753 ], [ 140.997467, 45.381199 ], [ 140.996979, 45.381725 ], [ 140.997437, 45.3825 ], [ 140.997757, 45.382912 ], [ 140.998169, 45.383564 ], [ 140.998734, 45.384293 ], [ 140.998779, 45.384769 ], [ 140.999069, 45.385197 ], [ 140.999207, 45.385654 ], [ 140.999512, 45.386337 ], [ 140.998978, 45.386749 ], [ 140.998688, 45.387535 ], [ 140.998199, 45.387817 ], [ 140.998093, 45.388348 ], [ 140.997879, 45.388885 ], [ 140.997375, 45.389309 ], [ 140.996994, 45.389709 ], [ 140.99646, 45.390106 ], [ 140.995651, 45.389843 ], [ 140.996445, 45.390644 ], [ 140.996185, 45.391113 ], [ 140.995819, 45.391605 ], [ 140.995773, 45.392273 ], [ 140.995621, 45.392803 ], [ 140.995453, 45.393326 ], [ 140.995544, 45.393974 ], [ 140.99556, 45.394787 ], [ 140.995438, 45.395512 ], [ 140.994949, 45.395882 ], [ 140.993988, 45.396515 ], [ 140.99382, 45.397312 ], [ 140.993698, 45.397968 ], [ 140.993622, 45.398548 ], [ 140.993744, 45.399052 ], [ 140.994064, 45.399593 ], [ 140.994186, 45.401066 ], [ 140.994492, 45.401535 ], [ 140.995102, 45.402672 ], [ 140.995697, 45.403851 ], [ 140.996017, 45.404606 ], [ 140.996689, 45.404953 ], [ 140.996979, 45.4058 ], [ 140.996964, 45.406364 ], [ 140.996658, 45.406925 ], [ 140.996979, 45.40741 ], [ 140.997421, 45.408195 ], [ 140.997681, 45.409027 ], [ 140.998138, 45.409355 ], [ 140.998886, 45.410049 ], [ 140.999466, 45.410725 ], [ 141.000061, 45.411137 ], [ 141.000534, 45.411911 ], [ 141.001221, 45.412628 ], [ 141.000641, 45.413074 ], [ 141.001129, 45.413422 ], [ 141.000107, 45.414661 ], [ 140.999039, 45.415504 ], [ 140.998444, 45.416134 ], [ 140.997726, 45.41684 ], [ 140.997147, 45.417171 ], [ 140.997299, 45.416687 ], [ 140.997253, 45.41613 ], [ 140.996078, 45.414818 ], [ 140.994965, 45.41386 ], [ 140.99379, 45.413155 ], [ 140.993088, 45.412769 ], [ 140.992386, 45.412312 ], [ 140.99202, 45.411568 ], [ 140.990875, 45.4119 ], [ 140.990036, 45.412258 ], [ 140.988907, 45.412357 ], [ 140.988022, 45.411911 ], [ 140.987, 45.41164 ], [ 140.986465, 45.411156 ], [ 140.986221, 45.411621 ], [ 140.987122, 45.411518 ], [ 140.987946, 45.412048 ], [ 140.988831, 45.412289 ], [ 140.989792, 45.412243 ], [ 140.990707, 45.41198 ], [ 140.991623, 45.411694 ], [ 140.992386, 45.412209 ], [ 140.993103, 45.412766 ], [ 140.993942, 45.413254 ], [ 140.99469, 45.413815 ], [ 140.995468, 45.41436 ], [ 140.996292, 45.414883 ], [ 140.996979, 45.415478 ], [ 140.997162, 45.416245 ], [ 140.997055, 45.417023 ], [ 140.996933, 45.417801 ], [ 140.996902, 45.418587 ], [ 140.997299, 45.419319 ], [ 140.997772, 45.420033 ], [ 140.99826, 45.420742 ], [ 140.998718, 45.421482 ], [ 140.999191, 45.422226 ], [ 140.999786, 45.422928 ], [ 141.000504, 45.423519 ], [ 141.001251, 45.424129 ], [ 141.002014, 45.424751 ], [ 141.002731, 45.425358 ], [ 141.003525, 45.425938 ], [ 141.004379, 45.426346 ], [ 141.005432, 45.426624 ], [ 141.006516, 45.426865 ], [ 141.007599, 45.427113 ], [ 141.008682, 45.427353 ], [ 141.009674, 45.427792 ], [ 141.010269, 45.428482 ], [ 141.010742, 45.429241 ], [ 141.01123, 45.430004 ], [ 141.011688, 45.430782 ], [ 141.011993, 45.431252 ], [ 141.012665, 45.43161 ], [ 141.013763, 45.431702 ], [ 141.014648, 45.431862 ], [ 141.015778, 45.432064 ], [ 141.016739, 45.432243 ], [ 141.017792, 45.43256 ], [ 141.018738, 45.433002 ], [ 141.019821, 45.433331 ], [ 141.020935, 45.433636 ], [ 141.022034, 45.43396 ], [ 141.023178, 45.434052 ], [ 141.023941, 45.434288 ], [ 141.024841, 45.434639 ], [ 141.025848, 45.435051 ], [ 141.02684, 45.435253 ], [ 141.027679, 45.43523 ], [ 141.028748, 45.434933 ], [ 141.029861, 45.435055 ], [ 141.030975, 45.435234 ], [ 141.031891, 45.435661 ], [ 141.029709, 45.435055 ], [ 141.028793, 45.434879 ], [ 141.028824, 45.434196 ], [ 141.029373, 45.433064 ], [ 141.029556, 45.432335 ], [ 141.029633, 45.431652 ], [ 141.030457, 45.431374 ], [ 141.031281, 45.430164 ], [ 141.032089, 45.429863 ], [ 141.032959, 45.429974 ], [ 141.033707, 45.430527 ], [ 141.034332, 45.430687 ], [ 141.034943, 45.430511 ], [ 141.036072, 45.430191 ], [ 141.036606, 45.429859 ], [ 141.037247, 45.429573 ], [ 141.036423, 45.42889 ], [ 141.037079, 45.428143 ], [ 141.037231, 45.427692 ], [ 141.037384, 45.427227 ], [ 141.036819, 45.426884 ], [ 141.037064, 45.42643 ], [ 141.037552, 45.426132 ], [ 141.038757, 45.425507 ], [ 141.039093, 45.424858 ], [ 141.039017, 45.424347 ], [ 141.039642, 45.424496 ], [ 141.039551, 45.425346 ], [ 141.03981, 45.426147 ], [ 141.040421, 45.426819 ], [ 141.041351, 45.427288 ], [ 141.041611, 45.427704 ], [ 141.041977, 45.428146 ], [ 141.04245, 45.428841 ], [ 141.042267, 45.429321 ], [ 141.04216, 45.430523 ], [ 141.041977, 45.431232 ], [ 141.041138, 45.43198 ], [ 141.040649, 45.432671 ], [ 141.039825, 45.433357 ], [ 141.039642, 45.433983 ], [ 141.038742, 45.433788 ], [ 141.037827, 45.43425 ], [ 141.037109, 45.435246 ], [ 141.035355, 45.435291 ], [ 141.034592, 45.435265 ], [ 141.03363, 45.435204 ], [ 141.032684, 45.435436 ], [ 141.031876, 45.435413 ], [ 141.032486, 45.435925 ], [ 141.031952, 45.437176 ], [ 141.032547, 45.438103 ], [ 141.032074, 45.437763 ], [ 141.032883, 45.437592 ], [ 141.032272, 45.438198 ], [ 141.031693, 45.437614 ], [ 141.032639, 45.437824 ], [ 141.033295, 45.437557 ], [ 141.032684, 45.43689 ], [ 141.032257, 45.435883 ], [ 141.031708, 45.435574 ], [ 141.03244, 45.43594 ], [ 141.032775542978754, 45.436181670835893 ] ] } },
{ "type": "Feature", "properties": { "id": null, "name": null, "_umap_options": null, "description": null }, "geometry": { "type": "LineString", "coordinates": [ [ 121.522219569403731, 25.04455928468672 ], [ 121.522463415038132, 25.045442957442827 ], [ 121.532542367928286, 25.042644638535538 ], [ 121.532542367928286, 25.042718279324898 ] ] } },
{ "type": "Feature", "properties": { "id": null, "name": null, "_umap_options": null, "description": null }, "geometry": { "type": "LineString", "coordinates": [ [ 121.561478716548393, 25.032776372818816 ], [ 121.561316152792074, 25.030566950837763 ], [ 121.561966407817238, 25.030787894826233 ], [ 121.563429481623899, 25.029830468002842 ], [ 121.563592045380176, 25.030346006451435 ], [ 121.565461528577558, 25.030419654624417 ], [ 121.565461528577558, 25.032850019532965 ], [ 121.565461528577558, 25.035943141605845 ], [ 121.563592045380176, 25.035943141605845 ], [ 121.563592045380176, 25.032850019532965 ], [ 121.562535380964292, 25.033586484242999 ], [ 121.562535380964292, 25.032850019532965 ] ] } },
{ "type": "Feature", "properties": { "id": null, "name": null, "_umap_options": null, "description": null }, "geometry": { "type": "LineString", "coordinates": [ [ 121.522683313383098, 25.042331687688087 ], [ 121.521585978228018, 25.038645889996577 ], [ 121.51813338713032, 25.038985375994141 ], [ 121.517410751784283, 25.037021193999728 ], [ 121.517892508681641, 25.036778700214256 ], [ 121.523218598824599, 25.034111236935715 ], [ 121.524128584075157, 25.035493475148069 ], [ 121.524332898235514, 25.035574916877174 ], [ 121.525470844529522, 25.038299753695068 ], [ 121.528559555899122, 25.038299753695068 ], [ 121.529372374680591, 25.040656320507527 ], [ 121.522707260672576, 25.042350074935879 ], [ 121.523113670063296, 25.043381044439155 ], [ 121.521406750622234, 25.044043805971434 ], [ 121.521406750622234, 25.044485645002915 ], [ 121.522300851281855, 25.044412005274889 ] ] } },
{ "type": "Feature", "properties": { "id": null, "name": null, "_umap_options": null, "description": null }, "geometry": { "type": "LineString", "coordinates": [ [ 121.520350086206349, 25.052585745079401 ], [ 121.517667784227513, 25.053174822389845 ], [ 121.516042146664589, 25.053616628514817 ], [ 121.516692401689753, 25.055236570681757 ], [ 121.515148046004995, 25.055531103320874 ], [ 121.515473173517563, 25.056782859140636 ], [ 121.514579072857941, 25.053837530980136 ], [ 121.515473173517563, 25.057003755899306 ], [ 121.513766254076501, 25.057003755899306 ], [ 121.511490361488399, 25.057003755899306 ], [ 121.509702160169155, 25.056930123690648 ], [ 121.50945831453474, 25.058255496677596 ], [ 121.509377032656559, 25.06053804988683 ], [ 121.511490361488399, 25.060685309924168 ], [ 121.512872153416879, 25.060685309924168 ], [ 121.512872153416879, 25.059139070705484 ], [ 121.513603690320181, 25.059139070705484 ], [ 121.514904200370509, 25.059286332424076 ], [ 121.515554455395716, 25.057077388063711 ], [ 121.514741636614247, 25.054058433047317 ], [ 121.515554455395716, 25.057003755899306 ], [ 121.517992911740109, 25.057371916278953 ], [ 121.518318039252691, 25.054132066981246 ], [ 121.517586502349346, 25.053101187880859 ], [ 121.520431368084473, 25.052585745079401 ] ] } },
{ "type": "Feature", "properties": { "id": null, "name": null, "_umap_options": null, "description": null }, "geometry": { "type": "LineString", "coordinates": [ [ 120.212351878121993, 22.997817776564332 ], [ 120.212234, 22.998388 ], [ 120.212357, 22.997908 ], [ 120.211761, 22.997755 ], [ 120.209152, 22.997747 ], [ 120.207504, 22.998129 ], [ 120.205475, 22.998394 ], [ 120.20459, 22.99865 ], [ 120.20314, 22.999086 ], [ 120.201736, 22.999573 ], [ 120.200951, 22.999258 ], [ 120.199669, 22.996378 ], [ 120.199448, 22.995623 ], [ 120.199211, 22.99461 ], [ 120.198586, 22.994776 ], [ 120.197922, 22.994883 ], [ 120.197365, 22.99522 ], [ 120.1968, 22.995108 ], [ 120.196922, 22.995705 ], [ 120.197075, 22.996172 ], [ 120.197357, 22.996572 ], [ 120.19696, 22.997019 ], [ 120.19648, 22.997131 ], [ 120.195816, 22.997374 ], [ 120.196472, 22.997501 ], [ 120.19693, 22.997326 ], [ 120.196404, 22.997656 ], [ 120.195831, 22.997957 ], [ 120.195335, 22.99814 ], [ 120.195946, 22.997908 ], [ 120.196495, 22.997601 ], [ 120.197021, 22.997368 ], [ 120.197586, 22.99778 ], [ 120.197792, 22.998238 ], [ 120.198456, 22.998055 ], [ 120.198975, 22.997555 ], [ 120.198807, 22.997087 ], [ 120.198555, 22.996574 ], [ 120.199173, 22.99618 ], [ 120.199646, 22.996037 ], [ 120.199974, 22.996725 ], [ 120.200531, 22.996553 ], [ 120.20118, 22.996759 ], [ 120.201797, 22.996635 ], [ 120.201897, 22.997114 ], [ 120.202553, 22.99688 ], [ 120.203156, 22.997131 ], [ 120.20356, 22.997751 ], [ 120.20359, 22.998383 ], [ 120.204277, 22.998684 ], [ 120.204811, 22.998495 ], [ 120.205215, 22.999275 ], [ 120.204971, 22.999998 ], [ 120.204796, 23.000725 ], [ 120.205475, 23.00104 ], [ 120.206024, 23.000593 ], [ 120.20652, 23.000408 ], [ 120.20726, 23.000021 ], [ 120.207611, 23.000383 ], [ 120.208153, 23.000378 ], [ 120.208572, 23.000778 ], [ 120.208786, 23.001192 ], [ 120.209366, 23.002047 ], [ 120.209831, 23.002968 ], [ 120.210213, 23.003542 ], [ 120.210419, 23.003853 ], [ 120.210732, 23.004349 ], [ 120.210175, 23.004772 ], [ 120.210014, 23.005445 ], [ 120.210167, 23.004744 ], [ 120.209183, 23.004871 ], [ 120.208603, 23.005121 ], [ 120.208076, 23.005165 ], [ 120.207359, 23.005415 ], [ 120.206635, 23.005375 ], [ 120.205833, 23.005629 ], [ 120.205994, 23.006168 ], [ 120.206184, 23.006611 ], [ 120.206459, 23.007267 ], [ 120.206528, 23.008072 ], [ 120.205704, 23.008228 ], [ 120.206299, 23.008478 ], [ 120.207031, 23.008377 ], [ 120.207314, 23.009109 ], [ 120.207771, 23.009653 ], [ 120.207916, 23.010509 ], [ 120.207901, 23.011156 ], [ 120.207756, 23.011595 ], [ 120.207245, 23.010738 ], [ 120.206535, 23.010872 ], [ 120.206039, 23.010578 ], [ 120.205734, 23.010124 ], [ 120.205589, 23.00943 ], [ 120.205147, 23.008745 ], [ 120.204689, 23.008213 ], [ 120.204239, 23.007601 ], [ 120.203949, 23.007036 ], [ 120.203529, 23.006506 ], [ 120.203087, 23.00602 ], [ 120.202789, 23.005474 ], [ 120.201973, 23.00522 ], [ 120.201164, 23.004911 ], [ 120.200859, 23.004339 ], [ 120.200386, 23.003763 ], [ 120.200066, 23.003269 ], [ 120.19976, 23.002516 ], [ 120.199432, 23.001755 ], [ 120.199005, 23.000975 ], [ 120.198784, 23.000393 ], [ 120.198486, 22.999668 ], [ 120.198311, 22.999208 ], [ 120.198013, 22.998423 ], [ 120.197777, 22.997997 ], [ 120.197388, 22.997656 ], [ 120.196869, 22.997461 ], [ 120.196304, 22.99774 ], [ 120.195892, 22.99745 ], [ 120.195824, 22.996906 ], [ 120.196365, 22.996668 ], [ 120.197052, 22.996693 ], [ 120.19722, 22.997265 ], [ 120.197273, 22.997744 ], [ 120.19677, 22.997501 ], [ 120.196159, 22.997812 ], [ 120.195587, 22.997993 ], [ 120.196098, 22.997845 ], [ 120.196846, 22.99749 ], [ 120.197388, 22.99729 ], [ 120.198036, 22.996567 ], [ 120.197868, 22.996078 ], [ 120.198059, 22.99535 ], [ 120.198311, 22.99482 ], [ 120.197769, 22.994987 ], [ 120.197197, 22.995222 ], [ 120.19709, 22.995947 ], [ 120.196892, 22.995495 ], [ 120.197136, 22.996214 ], [ 120.19677, 22.995316 ], [ 120.197067, 22.995684 ], [ 120.197021, 22.996216 ], [ 120.197067, 22.995493 ], [ 120.197044, 22.996283 ], [ 120.197029, 22.99564 ], [ 120.197128, 22.996244 ], [ 120.197067, 22.995493 ], [ 120.197067, 22.995493 ] ] } },
{ "type": "Feature", "properties": { "id": null, "name": null, "_umap_options": null, "description": null }, "geometry": { "type": "LineString", "coordinates": [ [ 121.551517921022707, 25.086104801627396 ], [ 121.549629, 25.087099 ], [ 121.548927, 25.094204 ], [ 121.548706, 25.095442 ], [ 121.547287, 25.096642 ], [ 121.546913, 25.097298 ], [ 121.548164, 25.097971 ], [ 121.547714, 25.098627 ], [ 121.54702, 25.09833 ], [ 121.546875, 25.098845 ], [ 121.546936, 25.099621 ], [ 121.547386, 25.100773 ], [ 121.548004, 25.101423 ], [ 121.548508, 25.101549 ], [ 121.548531, 25.102352 ], [ 121.549065, 25.102249 ], [ 121.548645, 25.102512 ], [ 121.548409, 25.102083 ], [ 121.549095, 25.102285 ], [ 121.548523, 25.102152 ], [ 121.548439, 25.101072 ], [ 121.548553, 25.101694 ], [ 121.548004, 25.101757 ], [ 121.547409, 25.101114 ], [ 121.547173, 25.100302 ], [ 121.547188, 25.099489 ], [ 121.546906, 25.098864 ], [ 121.546494, 25.098326 ], [ 121.546745, 25.097879 ], [ 121.546829, 25.097376 ], [ 121.547897, 25.096077 ], [ 121.548676, 25.091976 ], [ 121.548561, 25.093649 ], [ 121.549843, 25.085316 ], [ 121.550971019877508, 25.085583489095459 ] ] } },
{ "type": "Feature", "properties": { "id": null, "name": null, "_umap_options": null, "description": null }, "geometry": { "type": "LineString", "coordinates": [ [ 121.842887480756886, 25.110280847818039 ], [ 121.843307, 25.110315 ], [ 121.842941, 25.110783 ], [ 121.843292, 25.110241 ], [ 121.842857, 25.10985 ], [ 121.843353, 25.109983 ], [ 121.843147, 25.109547 ], [ 121.843407, 25.109034 ], [ 121.843544, 25.108553 ], [ 121.843056, 25.107828 ], [ 121.842636, 25.107582 ], [ 121.842155, 25.107122 ], [ 121.841713, 25.107412 ], [ 121.842232, 25.108332 ], [ 121.840691, 25.108036 ], [ 121.840546, 25.10848 ], [ 121.840927, 25.108166 ], [ 121.840416, 25.10837 ], [ 121.841713, 25.108015 ], [ 121.840996, 25.10771 ], [ 121.84182, 25.107868 ], [ 121.842308, 25.107447 ], [ 121.84269, 25.107779 ], [ 121.843193, 25.108173 ], [ 121.843018, 25.10862 ], [ 121.843536, 25.108562 ], [ 121.843941, 25.108915 ], [ 121.843544, 25.108566 ], [ 121.843712, 25.108036 ], [ 121.843933, 25.107616 ], [ 121.844444, 25.107695 ], [ 121.844971, 25.107822 ], [ 121.844017, 25.107494 ], [ 121.843735, 25.10799 ], [ 121.843018, 25.107758 ], [ 121.842491, 25.107397 ], [ 121.841843, 25.106869 ], [ 121.842239, 25.107197 ], [ 121.842674, 25.107567 ], [ 121.843239, 25.108028 ], [ 121.843506, 25.108723 ], [ 121.844139, 25.109247 ], [ 121.844658, 25.108946 ], [ 121.8451, 25.109312 ], [ 121.844894, 25.110157 ], [ 121.845345, 25.110413 ], [ 121.844849, 25.110161 ], [ 121.845085, 25.109434 ], [ 121.844849, 25.108809 ], [ 121.844238, 25.109232 ], [ 121.843575, 25.109108 ], [ 121.843155, 25.10957 ], [ 121.843124, 25.110104 ], [ 121.843666, 25.1098 ], [ 121.843361, 25.110422 ], [ 121.84346, 25.109804 ], [ 121.842963889303249, 25.10959154129484 ] ] } },
{ "type": "Feature", "properties": { "id": null, "name": null, "_umap_options": null, "description": null }, "geometry": { "type": "LineString", "coordinates": [ [ 121.617137979058782, 25.055779269172724 ], [ 121.617244832158605, 25.055228076467216 ], [ 121.618128053137085, 25.055106847636985 ], [ 121.618194963817274, 25.055549332287416 ], [ 121.617907247892447, 25.055543270864639 ], [ 121.617465637403228, 25.055591762238453 ], [ 121.617064173322092, 25.055688744928517 ], [ 121.616692, 25.055109 ], [ 121.615953456030979, 25.05516140062543 ], [ 121.616589107492757, 25.055215953589592 ], [ 121.616575725356725, 25.055937262721521 ], [ 121.616886429519752, 25.055820287152944 ] ] } },
{ "type": "Feature", "properties": { "id": null, "name": null, "_umap_options": null, "description": null }, "geometry": { "type": "LineString", "coordinates": [ [ 120.162574603981383, 23.002729115177445 ], [ 120.162552, 23.002378 ], [ 120.16256, 23.001757 ], [ 120.162178, 23.00119 ], [ 120.162086, 23.000742 ], [ 120.161621, 23.00028 ], [ 120.161072, 23.000343 ], [ 120.160904, 23.000772 ], [ 120.161591, 23.000864 ], [ 120.1623, 23.00074 ], [ 120.163086, 23.000607 ], [ 120.163124, 23.000149 ], [ 120.162598, 23.000334 ], [ 120.161942, 23.000757 ], [ 120.161598, 23.00111 ], [ 120.160835, 23.001087 ], [ 120.160248, 23.00112 ], [ 120.16082, 23.00156 ], [ 120.160492, 23.00181 ], [ 120.161163, 23.002146 ], [ 120.161179, 23.002693 ], [ 120.16069, 23.003241 ], [ 120.1604, 23.003927 ], [ 120.159927, 23.004169 ], [ 120.159348, 23.004259 ], [ 120.159439, 23.003572 ], [ 120.159996, 23.003035 ], [ 120.159744, 23.00259 ], [ 120.159462, 23.002111 ], [ 120.15976, 23.001694 ], [ 120.159973, 23.001232 ], [ 120.160385, 23.000877 ], [ 120.160408, 23.000225 ], [ 120.160789, 22.999874 ], [ 120.160248, 23.000149 ], [ 120.161263, 23.00033 ], [ 120.161575, 22.999956 ], [ 120.162003, 23.000181 ], [ 120.162097125403946, 23.00016320361215 ] ] } },
{ "type": "Feature", "properties": { "id": null, "name": null, "_umap_options": null, "description": null }, "geometry": { "type": "LineString", "coordinates": [ [ 120.196559296497412, 22.995408418956821 ], [ 120.19709, 22.995258 ], [ 120.198563, 22.994726 ], [ 120.197845, 22.995115 ], [ 120.197319, 22.995161 ], [ 120.196976, 22.995651 ], [ 120.196671, 22.995214 ], [ 120.197525, 22.995142 ], [ 120.19809, 22.995234 ], [ 120.198387, 22.995924 ], [ 120.198463, 22.996483 ], [ 120.198769, 22.996916 ], [ 120.198929, 22.997372 ], [ 120.19928, 22.997896 ], [ 120.199905, 22.997879 ], [ 120.20047, 22.997503 ], [ 120.200974, 22.997374 ], [ 120.201622, 22.997156 ], [ 120.202377, 22.996813 ], [ 120.202049, 22.996183 ], [ 120.201874, 22.99567 ], [ 120.201744, 22.995092 ], [ 120.201447, 22.99444 ], [ 120.201263, 22.993938 ], [ 120.20121, 22.993345 ], [ 120.200897, 22.992823 ], [ 120.200745, 22.992205 ], [ 120.200584, 22.991489 ], [ 120.20089, 22.990755 ], [ 120.201408, 22.990259 ], [ 120.202286, 22.990524 ], [ 120.202713, 22.990862 ], [ 120.203491, 22.990889 ], [ 120.204056, 22.99086 ], [ 120.20488, 22.990946 ], [ 120.204643, 22.990236 ], [ 120.204185, 22.989754 ], [ 120.204117, 22.990238 ], [ 120.204109, 22.989723 ], [ 120.20414, 22.990479 ], [ 120.204231, 22.989986 ], [ 120.204407, 22.989475 ], [ 120.203941, 22.989292 ], [ 120.203423, 22.98941 ], [ 120.202545, 22.989594 ], [ 120.202225, 22.990124 ], [ 120.202637, 22.990826 ], [ 120.202614, 22.99131 ], [ 120.204475, 22.992365 ], [ 120.205368, 22.992432 ], [ 120.205681, 22.992933 ], [ 120.207146, 22.993845 ], [ 120.206604, 22.993582 ], [ 120.206177, 22.993282 ], [ 120.205521, 22.992823 ], [ 120.204849, 22.992874 ], [ 120.204323, 22.992912 ], [ 120.203583, 22.993273 ], [ 120.202736, 22.993498 ], [ 120.201981, 22.993612 ], [ 120.201294, 22.994057 ], [ 120.200645, 22.994047 ], [ 120.199959, 22.994415 ], [ 120.199127, 22.994705 ], [ 120.198633132944792, 22.994588469571244 ] ] } },
{ "type": "Feature", "properties": { "id": null, "name": null, "_umap_options": null, "description": null }, "geometry": { "type": "LineString", "coordinates": [ [ 121.55782144585271, 25.032853554067909 ], [ 121.557549, 25.032684 ], [ 121.557381, 25.032209 ], [ 121.556694, 25.032265 ], [ 121.555695, 25.032475 ], [ 121.554985, 25.03248 ], [ 121.554428, 25.032396 ], [ 121.554245, 25.0319 ], [ 121.554329, 25.031004 ], [ 121.5541, 25.030603 ], [ 121.554726, 25.030104 ], [ 121.555771, 25.029942 ], [ 121.556252, 25.029758 ], [ 121.5569, 25.0296 ], [ 121.55632, 25.029793 ], [ 121.555588, 25.029911 ], [ 121.554924, 25.030104 ], [ 121.55426, 25.030231 ], [ 121.553551, 25.030451 ], [ 121.554131, 25.030302 ], [ 121.554642, 25.030159 ], [ 121.555275, 25.030106 ], [ 121.555916, 25.02981 ], [ 121.556496, 25.029684 ], [ 121.557365, 25.029562 ], [ 121.556824, 25.029556 ], [ 121.55732, 25.029652 ], [ 121.55761, 25.030174 ], [ 121.558067, 25.030611 ], [ 121.558426, 25.031099 ], [ 121.558762, 25.031576 ], [ 121.558853, 25.032135 ], [ 121.559158, 25.032524 ], [ 121.55838, 25.0329 ], [ 121.55803131771755, 25.032890022645532 ] ] } },
{ "type": "Feature", "properties": { "id": null, "name": null, "_umap_options": null, "description": null }, "geometry": { "type": "LineString", "coordinates": [ [ 121.568377583276657, 25.026727589371376 ], [ 121.568787, 25.026787 ], [ 121.569435, 25.027088 ], [ 121.570045, 25.027393 ], [ 121.570747, 25.027426 ], [ 121.57151, 25.027456 ], [ 121.57251, 25.027044 ], [ 121.573227, 25.027103 ], [ 121.574089, 25.027018 ], [ 121.574776, 25.026663 ], [ 121.575378, 25.026541 ], [ 121.575905, 25.026588 ], [ 121.575409, 25.026541 ], [ 121.576004, 25.02689 ], [ 121.576599, 25.027472 ], [ 121.576736, 25.028217 ], [ 121.577087, 25.028854 ], [ 121.576309, 25.02853 ], [ 121.575981, 25.027451 ], [ 121.575035, 25.027115 ], [ 121.5746, 25.027607 ], [ 121.573654, 25.027222 ], [ 121.573532, 25.027668 ], [ 121.572319, 25.027603 ], [ 121.573257, 25.027458 ], [ 121.572525, 25.027527 ], [ 121.571678, 25.027826 ], [ 121.57122, 25.027382 ], [ 121.571007, 25.027847 ], [ 121.570427, 25.027458 ], [ 121.569702, 25.027235 ], [ 121.569168, 25.027018 ], [ 121.56841151842444, 25.026700021303835 ] ] } },
{ "type": "Feature", "properties": { "id": null, "name": null, "_umap_options": null, "description": null }, "geometry": { "type": "LineString", "coordinates": [ [ 121.566498, 25.035564 ], [ 121.56575, 25.035786 ], [ 121.566246, 25.035975 ], [ 121.565605, 25.035898 ], [ 121.565536, 25.038885 ], [ 121.566925, 25.039078 ], [ 121.568108, 25.039053 ], [ 121.568542, 25.040327 ], [ 121.56866190324088, 25.041143515004457 ] ] } },
{ "type": "Feature", "properties": { "id": null, "name": null, "_umap_options": null, "description": null }, "geometry": { "type": "LineString", "coordinates": [ [ 121.563729538166854, 25.033248951336198 ], [ 121.564316, 25.033438 ], [ 121.565247, 25.033438 ], [ 121.565521, 25.034237 ], [ 121.5662, 25.034641 ], [ 121.566467, 25.035381 ], [ 121.565941, 25.035528 ], [ 121.568878, 25.036442 ], [ 121.566017, 25.035456 ], [ 121.568878, 25.036444 ], [ 121.566216, 25.035152 ], [ 121.568893, 25.036457 ], [ 121.566383, 25.035442 ], [ 121.566803, 25.035818 ], [ 121.566895, 25.036411 ], [ 121.566963, 25.037025 ], [ 121.567139, 25.038227 ], [ 121.567482, 25.038994 ], [ 121.566986, 25.040014 ], [ 121.566399, 25.040304 ], [ 121.56675, 25.040985 ], [ 121.567772, 25.040771 ], [ 121.568535, 25.040897 ], [ 121.569397, 25.040964 ], [ 121.569397, 25.040964 ] ] } },
{ "type": "Feature", "properties": { "id": null, "name": null, "_umap_options": null, "description": null }, "geometry": { "type": "LineString", "coordinates": [ [ 121.515456959922815, 25.046736857657208 ], [ 121.515152, 25.046768 ], [ 121.515038, 25.046152 ], [ 121.514511, 25.045946 ], [ 121.513588, 25.045948 ], [ 121.513, 25.046017 ], [ 121.512451, 25.045969 ], [ 121.51152, 25.045948 ], [ 121.510712, 25.045849 ], [ 121.510323, 25.045221 ], [ 121.510284, 25.044632 ], [ 121.510086, 25.044123 ], [ 121.509064, 25.044138 ], [ 121.508492, 25.044411 ], [ 121.507835, 25.044563 ], [ 121.50737, 25.044157 ], [ 121.506927, 25.04394 ], [ 121.506523, 25.044333 ], [ 121.506409, 25.044987 ], [ 121.506966, 25.0457 ], [ 121.50721, 25.045248 ], [ 121.507309, 25.04463 ], [ 121.507767, 25.045467 ], [ 121.506897, 25.045813 ], [ 121.506584, 25.045273 ], [ 121.505875, 25.045357 ], [ 121.505562, 25.045797 ], [ 121.505814, 25.046406 ], [ 121.505241, 25.046064 ], [ 121.504547, 25.046186 ], [ 121.503731, 25.046616 ], [ 121.504219, 25.046963 ], [ 121.504951, 25.047644 ], [ 121.505424, 25.047943 ], [ 121.506126, 25.04892 ], [ 121.506447, 25.04932 ], [ 121.506699, 25.050018 ], [ 121.50692, 25.050566 ], [ 121.507065, 25.05167 ], [ 121.50695, 25.050587 ], [ 121.507095, 25.051664 ], [ 121.507378, 25.052553 ], [ 121.507484, 25.053038 ], [ 121.5075, 25.053688 ], [ 121.508064, 25.053591 ], [ 121.508896, 25.053349 ], [ 121.509789, 25.053373 ], [ 121.510483, 25.05298 ], [ 121.510422, 25.052 ], [ 121.510345, 25.051386 ], [ 121.510345, 25.05068 ], [ 121.510971, 25.050337 ], [ 121.511772, 25.050388 ], [ 121.511688, 25.049599 ], [ 121.511406, 25.048849 ], [ 121.51152, 25.048225 ], [ 121.512199, 25.047739 ], [ 121.512856, 25.047522 ], [ 121.513161, 25.04693 ], [ 121.513321, 25.04628 ], [ 121.51329, 25.046785 ], [ 121.513268, 25.048809 ], [ 121.513321, 25.047081 ], [ 121.512848, 25.047707 ], [ 121.51342, 25.048725 ], [ 121.513443, 25.048048 ], [ 121.513405, 25.048986 ], [ 121.514122, 25.049164 ], [ 121.514595, 25.048962 ], [ 121.512932638015585, 25.049081482491616 ] ] } },
{ "type": "Feature", "properties": { "id": null, "name": null, "_umap_options": null, "description": null }, "geometry": { "type": "LineString", "coordinates": [ [ 139.703332873350206, 35.68250115501143 ], [ 139.702057, 35.683289 ], [ 139.702087, 35.68428 ], [ 139.701523, 35.684029 ], [ 139.701675, 35.68322 ], [ 139.701797, 35.68264 ], [ 139.702042, 35.681904 ], [ 139.702148, 35.681408 ], [ 139.702347, 35.680908 ], [ 139.702744, 35.680584 ], [ 139.703262, 35.680218 ], [ 139.703735, 35.679771 ], [ 139.703888, 35.679161 ], [ 139.704697, 35.67934 ], [ 139.704758, 35.680065 ], [ 139.704407, 35.680946 ], [ 139.703583, 35.68158 ], [ 139.703064, 35.682007 ], [ 139.702576, 35.682377 ], [ 139.702362, 35.683151 ], [ 139.702621, 35.682365 ], [ 139.701813, 35.682838 ], [ 139.701421964289921, 35.682785325896852 ] ] } },
{ "type": "Feature", "properties": { "id": null, "name": null, "_umap_options": null, "description": null }, "geometry": { "type": "LineString", "coordinates": [ [ 139.764511, 35.670677 ], [ 139.763901, 35.670181 ], [ 139.763168, 35.669506 ], [ 139.763953239010618, 35.668816399399446 ], [ 139.764515288724198, 35.66935998058544 ], [ 139.765037192029666, 35.669686127520286 ], [ 139.764038, 35.670315 ], [ 139.765063956301731, 35.671251614258196 ], [ 139.764099, 35.671913 ], [ 139.763324783891733, 35.672614035638318 ] ] } },
{ "type": "Feature", "properties": { "id": null, "name": null, "_umap_options": null, "description": null }, "geometry": { "type": "LineString", "coordinates": [ [ 139.705658, 35.669556 ], [ 139.705948, 35.669125 ], [ 139.705306027825998, 35.668302711776931 ], [ 139.704895, 35.668354 ], [ 139.705399, 35.668716 ], [ 139.705720874043152, 35.669036550225762 ], [ 139.70575, 35.669415 ], [ 139.705653963362948, 35.669563822575874 ], [ 139.705372938506173, 35.669542079455027 ], [ 139.704596774616022, 35.66906372929801 ], [ 139.704750669180441, 35.668911526374202 ], [ 139.704208, 35.669121 ], [ 139.703522, 35.669445 ], [ 139.703003, 35.66975 ], [ 139.703049, 35.670418 ], [ 139.702633754395407, 35.67040723647137 ] ] } },
{ "type": "Feature", "properties": { "id": null, "name": null, "_umap_options": null, "description": null }, "geometry": { "type": "LineString", "coordinates": [ [ 139.690875248205629, 35.684136696209698 ], [ 139.689362, 35.683163 ], [ 139.681381, 35.678722 ], [ 139.6772, 35.677414 ], [ 139.667618, 35.674519 ], [ 139.664017, 35.673512 ], [ 139.661081440116675, 35.67269542165733 ] ] } },
{ "type": "Feature", "properties": { "id": null, "name": null, "_umap_options": null, "description": null }, "geometry": { "type": "LineString", "coordinates": [ [ 139.701421964289921, 35.682785325896852 ], [ 139.696609, 35.682137 ], [ 139.694092, 35.681911 ], [ 139.693115, 35.681625 ], [ 139.691803, 35.68298 ], [ 139.691080817218023, 35.684268969135879 ], [ 139.690875248205629, 35.684136696209698 ] ] } },
{ "type": "Feature", "properties": { "id": null, "name": null, "_umap_options": null, "description": null }, "geometry": { "type": "LineString", "coordinates": [ [ 139.655701, 35.662392 ], [ 139.656113, 35.66135 ], [ 139.65625, 35.660858 ], [ 139.657059, 35.660461 ], [ 139.657303, 35.659718 ], [ 139.657837, 35.659035 ], [ 139.658005, 35.658417 ], [ 139.658203, 35.658009 ], [ 139.658264, 35.657482 ], [ 139.659256, 35.657753 ], [ 139.659912, 35.657921 ], [ 139.660614, 35.658031 ], [ 139.661377, 35.658371 ], [ 139.662125, 35.658558 ], [ 139.662903, 35.65863 ], [ 139.663467, 35.658932 ], [ 139.664261, 35.659344 ], [ 139.664749, 35.659683 ], [ 139.665451, 35.659904 ], [ 139.666458, 35.65963 ], [ 139.667068, 35.659405 ], [ 139.667374, 35.659927 ], [ 139.667557, 35.660809 ], [ 139.667618, 35.661259 ], [ 139.667252, 35.661663 ], [ 139.666077, 35.661724 ], [ 139.666702, 35.661579 ], [ 139.664673, 35.662022 ], [ 139.661392, 35.662579 ], [ 139.657928, 35.662525 ], [ 139.655991, 35.662624 ], [ 139.653976, 35.663074 ], [ 139.65181, 35.665924 ], [ 139.650436, 35.668911 ], [ 139.651016, 35.668789 ], [ 139.651199, 35.669746 ], [ 139.651505, 35.670322 ], [ 139.652435, 35.670418 ], [ 139.652832, 35.670773 ], [ 139.652252, 35.671322 ], [ 139.651855, 35.671955 ], [ 139.652451, 35.672371 ], [ 139.653107, 35.672661 ], [ 139.652756, 35.673233 ], [ 139.65274, 35.673809 ], [ 139.653488, 35.674404 ], [ 139.654236, 35.674393 ], [ 139.654922, 35.6745 ], [ 139.654922, 35.6745 ] ] } },
{ "type": "Feature", "properties": { "id": null, "name": null, "_umap_options": null, "description": null }, "geometry": { "type": "LineString", "coordinates": [ [ 139.654861, 35.674492 ], [ 139.654861, 35.674502 ] ] } },
{ "type": "Feature", "properties": { "id": null, "name": null, "_umap_options": null, "description": null }, "geometry": { "type": "LineString", "coordinates": [ [ 139.661081440116675, 35.67269542165733 ], [ 139.661026, 35.67268 ], [ 139.659897, 35.673908 ], [ 139.658508, 35.674091 ], [ 139.657288, 35.673477 ], [ 139.656097, 35.673031 ], [ 139.655167, 35.674232 ], [ 139.655167, 35.674232 ] ] } },
{ "type": "Feature", "properties": { "id": null, "name": null, "_umap_options": null, "description": null }, "geometry": { "type": "LineString", "coordinates": [ [ 139.055801, 35.245403 ], [ 139.056641, 35.245731 ], [ 139.057114, 35.245167 ], [ 139.057693, 35.244781 ], [ 139.058273, 35.244625 ], [ 139.059052, 35.244781 ], [ 139.059662, 35.244492 ], [ 139.059982, 35.24411 ], [ 139.060049537900341, 35.243093681273642 ], [ 139.060103066444469, 35.243082751933635 ], [ 139.060691880430142, 35.243039034558862 ], [ 139.062003329761836, 35.242787659196573 ], [ 139.062530719337417, 35.242449003892446 ] ] } },
{ "type": "Feature", "properties": { "id": null, "name": null, "_umap_options": null, "description": null }, "geometry": { "type": "LineString", "coordinates": [ [ 139.545815538277651, 35.336961007600571 ], [ 139.545944, 35.336937 ], [ 139.546677, 35.33728 ], [ 139.547195, 35.337841 ], [ 139.548645, 35.338428 ], [ 139.549026, 35.338806 ], [ 139.549622, 35.338593 ], [ 139.548904, 35.338516 ], [ 139.548279, 35.338127 ], [ 139.547791, 35.337696 ], [ 139.54808, 35.336967 ], [ 139.547791, 35.337376 ], [ 139.547287, 35.337097 ], [ 139.547577, 35.336601 ], [ 139.547134, 35.337135 ], [ 139.546387, 35.337078 ], [ 139.545389030916397, 35.337305457340996 ] ] } },
{ "type": "Feature", "properties": { "id": null, "name": null, "_umap_options": null, "description": null }, "geometry": { "type": "LineString", "coordinates": [ [ 139.550397563215625, 35.318759814224933 ], [ 139.549805, 35.319099 ], [ 139.550552, 35.319324 ], [ 139.551407, 35.319546 ], [ 139.551605, 35.319992 ], [ 139.551849, 35.320503 ], [ 139.5522, 35.321205 ], [ 139.55249, 35.321819 ], [ 139.55275, 35.322273 ], [ 139.553174559816711, 35.322025158176778 ], [ 139.552582, 35.321018 ], [ 139.552429, 35.32032 ], [ 139.551956, 35.319954 ], [ 139.551315, 35.320255 ], [ 139.550415, 35.320644 ], [ 139.549759, 35.321079 ], [ 139.550034, 35.321648 ], [ 139.550308, 35.322166 ], [ 139.550537, 35.322987 ], [ 139.550537, 35.323864 ], [ 139.550034, 35.324112 ], [ 139.549316, 35.324089 ], [ 139.548691, 35.324093 ], [ 139.547623, 35.323685 ], [ 139.548569, 35.32362 ], [ 139.54776, 35.323544 ], [ 139.547806, 35.324028 ], [ 139.547348, 35.324547 ], [ 139.54689, 35.324997 ], [ 139.54657, 35.325569 ], [ 139.545914, 35.325134 ], [ 139.544876, 35.325397 ], [ 139.544434, 35.326019 ], [ 139.544052, 35.326607 ], [ 139.54332, 35.326561 ], [ 139.542648, 35.325535 ], [ 139.541641, 35.325344 ], [ 139.542175, 35.325642 ], [ 139.541412, 35.325466 ], [ 139.541534, 35.324894 ], [ 139.541626, 35.324394 ], [ 139.542267, 35.323772 ], [ 139.542786, 35.323589 ], [ 139.54216, 35.324173 ], [ 139.541565, 35.324268 ], [ 139.540619, 35.324306 ], [ 139.539764, 35.324406 ], [ 139.539215, 35.324562 ], [ 139.539978, 35.324303 ], [ 139.540848, 35.324261 ], [ 139.541473, 35.324146 ], [ 139.542191, 35.323917 ], [ 139.542892, 35.32349 ], [ 139.542984, 35.322876 ], [ 139.54303, 35.322407 ], [ 139.54303, 35.321747 ], [ 139.542847, 35.321106 ], [ 139.542709, 35.320576 ], [ 139.541702, 35.320774 ], [ 139.541168, 35.32095 ], [ 139.540314, 35.321121 ], [ 139.539246, 35.32122 ], [ 139.53862, 35.320976 ], [ 139.538361, 35.320095 ], [ 139.538254, 35.319649 ], [ 139.538116, 35.318878 ], [ 139.537857, 35.318233 ], [ 139.537613, 35.317745 ], [ 139.537491, 35.317039 ], [ 139.537018, 35.316723 ], [ 139.536316, 35.316349 ], [ 139.535767, 35.315491 ], [ 139.53537, 35.31517 ], [ 139.535156, 35.315765 ], [ 139.535477, 35.316246 ], [ 139.535706, 35.316673 ], [ 139.535187, 35.316105 ], [ 139.535294, 35.315605 ], [ 139.535095, 35.314854 ], [ 139.534958, 35.314384 ], [ 139.534958, 35.313828 ], [ 139.535141, 35.313316 ], [ 139.535269261798419, 35.312852937733133 ], [ 139.534271, 35.312672 ], [ 139.533691, 35.312477 ], [ 139.533417, 35.311954 ], [ 139.533371, 35.311371 ], [ 139.532639, 35.311661 ], [ 139.5336, 35.311626 ], [ 139.533218, 35.312138 ], [ 139.533691, 35.312492 ], [ 139.533508, 35.313049 ], [ 139.533798, 35.312641 ], [ 139.534576, 35.31263 ], [ 139.535278, 35.31274 ], [ 139.535446, 35.312092 ], [ 139.535736, 35.311501 ], [ 139.535858, 35.310894 ], [ 139.535721, 35.310104 ], [ 139.535446, 35.309425 ], [ 139.535248, 35.309956 ], [ 139.535965, 35.310242 ], [ 139.535919, 35.31078 ], [ 139.536148, 35.311287 ], [ 139.536085404962108, 35.311266246309849 ] ] } },
{ "type": "Feature", "properties": { "id": null, "name": null, "_umap_options": null, "description": null }, "geometry": { "type": "LineString", "coordinates": [ [ 139.487849662749397, 35.310762620247218 ], [ 139.487671, 35.310795 ], [ 139.487045, 35.310719 ], [ 139.486664, 35.310257 ], [ 139.486526, 35.309689 ], [ 139.486084, 35.309212 ], [ 139.485657, 35.308571 ], [ 139.485153, 35.308105 ], [ 139.484619, 35.3078 ], [ 139.483353, 35.30658 ], [ 139.482452, 35.305363 ], [ 139.481964, 35.303989 ], [ 139.48172, 35.303406 ], [ 139.481522, 35.30278 ], [ 139.481155, 35.302261 ], [ 139.48082, 35.301647 ], [ 139.48053, 35.30114 ], [ 139.480057, 35.300461 ], [ 139.479294, 35.301067 ], [ 139.478867, 35.300728 ], [ 139.478409, 35.300385 ], [ 139.477722, 35.299686 ], [ 139.476868, 35.299477 ], [ 139.47612, 35.299255 ], [ 139.475449, 35.299114 ], [ 139.474564, 35.298943 ], [ 139.475128, 35.298382 ], [ 139.475983, 35.298351 ], [ 139.476746, 35.298462 ], [ 139.476196, 35.298347 ], [ 139.475555, 35.298378 ], [ 139.474991, 35.298649 ], [ 139.475281, 35.299053 ], [ 139.474548, 35.298836 ], [ 139.474686, 35.299576 ], [ 139.474747, 35.298664 ], [ 139.47493, 35.29921 ], [ 139.476166, 35.299229 ], [ 139.47702, 35.299477 ], [ 139.477692, 35.299587 ], [ 139.47847, 35.299171 ], [ 139.479095, 35.299183 ], [ 139.479828, 35.299263 ], [ 139.478806, 35.299759 ], [ 139.47963, 35.29937 ], [ 139.480621, 35.299072 ], [ 139.482162, 35.300507 ], [ 139.480484, 35.299679 ], [ 139.480347, 35.300117 ], [ 139.480362, 35.300644 ], [ 139.480637, 35.301247 ], [ 139.480942, 35.301888 ], [ 139.481339, 35.302307 ], [ 139.48175, 35.303455 ], [ 139.481995, 35.304138 ], [ 139.4823, 35.304543 ], [ 139.482605, 35.305229 ], [ 139.483337, 35.306732 ], [ 139.484009, 35.307156 ], [ 139.484497, 35.308041 ], [ 139.483917, 35.308434 ], [ 139.483638791991638, 35.308795214332164 ] ] } },
{ "type": "Feature", "properties": { "id": null, "name": null, "_umap_options": null, "description": null }, "geometry": { "type": "LineString", "coordinates": [ [ 139.030962711060738, 35.202777175802737 ], [ 139.030655, 35.202576 ], [ 139.031265, 35.202793 ], [ 139.03186, 35.203041 ], [ 139.032532, 35.202591 ], [ 139.033112, 35.20293 ], [ 139.032257, 35.203026 ], [ 139.033112, 35.203537 ], [ 139.034668, 35.203629 ], [ 139.03537, 35.203873 ], [ 139.035873, 35.204098 ], [ 139.036911, 35.204132 ], [ 139.037811, 35.204201 ], [ 139.038574, 35.204113 ], [ 139.03923, 35.203918 ], [ 139.039871, 35.203743 ], [ 139.041245, 35.203793 ], [ 139.041809, 35.203846 ], [ 139.042374, 35.203724 ], [ 139.043213, 35.203732 ], [ 139.043869, 35.203693 ], [ 139.044342, 35.203308 ], [ 139.044861, 35.203163 ], [ 139.045837, 35.202732 ], [ 139.046906, 35.202518 ], [ 139.047394, 35.20277 ], [ 139.047791, 35.202209 ], [ 139.048065, 35.20269 ], [ 139.04892, 35.202229 ], [ 139.048355, 35.202312 ], [ 139.047791, 35.20253 ], [ 139.047195, 35.202564 ], [ 139.046509, 35.202595 ], [ 139.045639, 35.202789 ], [ 139.044846, 35.202961 ], [ 139.044556, 35.203362 ], [ 139.044312, 35.203888 ], [ 139.043747, 35.203869 ], [ 139.043961, 35.204494 ], [ 139.043655, 35.204872 ], [ 139.043106, 35.205433 ], [ 139.042862, 35.206043 ], [ 139.042709, 35.206558 ], [ 139.042282, 35.207047 ], [ 139.041656, 35.207344 ], [ 139.040939, 35.207523 ], [ 139.041534, 35.207417 ], [ 139.040619, 35.207767 ], [ 139.040009, 35.207909 ], [ 139.03952, 35.208447 ], [ 139.038712, 35.208229 ], [ 139.038864, 35.209053 ], [ 139.038239, 35.20932 ], [ 139.037793413519978, 35.209534320821028 ] ] } },
{ "type": "Feature", "properties": { "id": null, "name": null, "_umap_options": null, "description": null }, "geometry": { "type": "LineString", "coordinates": [ [ 139.66835, 35.663605 ], [ 139.668976, 35.663292 ], [ 139.66954, 35.662987 ], [ 139.670197, 35.662369 ], [ 139.671692, 35.662022 ], [ 139.672638, 35.661057 ], [ 139.673325, 35.66024 ], [ 139.675034, 35.660053 ], [ 139.676895, 35.659744 ], [ 139.677093440792845, 35.659652336931075 ] ] } },
{ "type": "Feature", "properties": { "id": null, "name": null, "_umap_options": null, "description": null }, "geometry": { "type": "LineString", "coordinates": [ [ 139.677684636928262, 35.659379253703896 ], [ 139.678116, 35.65918 ], [ 139.678127981348723, 35.659162764733232 ] ] } },
{ "type": "Feature", "properties": { "id": null, "name": null, "_umap_options": null, "description": null }, "geometry": { "type": "LineString", "coordinates": [ [ 139.677093440792845, 35.659652336931075 ], [ 139.677684636928262, 35.659379253703896 ] ] } },
{ "type": "Feature", "properties": { "id": null, "name": null, "_umap_options": null, "description": null }, "geometry": { "type": "LineString", "coordinates": [ [ 139.670600469911335, 35.677758869531658 ], [ 139.671478, 35.678856 ], [ 139.671402, 35.679588 ], [ 139.672195, 35.68058 ], [ 139.673248, 35.681416 ], [ 139.673859, 35.681992 ], [ 139.674194, 35.682804 ], [ 139.675049, 35.682083 ], [ 139.675842, 35.680996 ], [ 139.676697, 35.68013 ], [ 139.677063, 35.679672 ], [ 139.677261, 35.679245 ], [ 139.676712, 35.678932 ], [ 139.676987, 35.67815 ], [ 139.677109, 35.677612 ], [ 139.677032, 35.678486 ], [ 139.67688, 35.678963 ], [ 139.677155, 35.679508 ], [ 139.676834, 35.679924 ], [ 139.677338, 35.679092 ], [ 139.677567, 35.678589 ], [ 139.677902, 35.677834 ], [ 139.677338, 35.677559 ], [ 139.677017, 35.67691 ], [ 139.677765, 35.675797 ], [ 139.678986, 35.674931 ], [ 139.679932, 35.674637 ], [ 139.679871, 35.673771 ], [ 139.680603, 35.674343 ], [ 139.679626, 35.674706 ], [ 139.679016, 35.674892 ], [ 139.67894808070011, 35.674821816723458 ] ] } },
{ "type": "Feature", "properties": { "id": null, "name": null, "_umap_options": null, "description": null }, "geometry": { "type": "LineString", "coordinates": [ [ 139.726359308487304, 35.666724248853896 ], [ 139.727081007438443, 35.667354002118373 ], [ 139.727188, 35.667171 ], [ 139.727707, 35.666569 ], [ 139.728455, 35.66613 ], [ 139.729172, 35.665798 ], [ 139.729843, 35.66547 ], [ 139.730408841490885, 35.664900107915578 ], [ 139.730662772603324, 35.665095553581118 ], [ 139.730529124649451, 35.664791526783539 ], [ 139.7314, 35.664085 ], [ 139.731842, 35.663651 ], [ 139.732226453664111, 35.663303950405016 ], [ 139.732720951093597, 35.662348412272635 ], [ 139.732373466413407, 35.662456996727215 ], [ 139.730392, 35.661808 ], [ 139.729820790493648, 35.661458014175111 ], [ 139.729794060902861, 35.661501448459013 ], [ 139.729431, 35.661915 ], [ 139.729416, 35.661186 ], [ 139.729767, 35.660686 ], [ 139.729401, 35.659809 ], [ 139.730072, 35.660244 ], [ 139.729889, 35.659744 ], [ 139.730408, 35.660225 ], [ 139.731232, 35.660282 ], [ 139.730286, 35.660149 ], [ 139.729752, 35.659946 ], [ 139.729095, 35.659901 ], [ 139.728897, 35.660667 ], [ 139.729034, 35.660091 ], [ 139.729614, 35.660137 ], [ 139.729492, 35.660767 ], [ 139.730702866989475, 35.659753199869698 ], [ 139.729401, 35.660698 ], [ 139.729568, 35.660133 ], [ 139.72998, 35.659832 ], [ 139.730484, 35.659206 ], [ 139.731611673076088, 35.65858044023615 ], [ 139.732172994482539, 35.65772257737509 ], [ 139.732573938344274, 35.657157903120826 ], [ 139.733276, 35.656708 ], [ 139.733871, 35.656433 ], [ 139.734573, 35.656136 ], [ 139.734992966310131, 35.65596338673442 ], [ 139.734879, 35.655552 ], [ 139.734658846425333, 35.653965246659482 ], [ 139.735367180581051, 35.653878369870078 ], [ 139.735977, 35.653812 ], [ 139.736730389710999, 35.65375891413035 ], [ 139.736850672869508, 35.654551662516283 ], [ 139.736316081053872, 35.654584241048738 ], [ 139.736389, 35.655178 ], [ 139.736984320823467, 35.655398700041587 ], [ 139.73592850198753, 35.655713621958867 ], [ 139.736316081053872, 35.657005874754802 ], [ 139.736694, 35.65712 ], [ 139.736757119301785, 35.657603127385023 ], [ 139.737652560593034, 35.65745109986657 ], [ 139.738571, 35.657784 ], [ 139.738801932996665, 35.657950617769039 ], [ 139.7396706446971, 35.657896322496207 ], [ 139.739831022241816, 35.658613017125205 ], [ 139.740051, 35.659016 ], [ 139.740231966103579, 35.659514305785663 ], [ 139.74061954516992, 35.659981234465036 ], [ 139.740814, 35.660248 ], [ 139.741302, 35.659954 ], [ 139.741592, 35.660683 ], [ 139.742218, 35.660473 ], [ 139.742706, 35.660892 ], [ 139.743546, 35.661304 ], [ 139.744034, 35.661739 ], [ 139.743942, 35.662281 ], [ 139.743292504248245, 35.662283261528998 ], [ 139.742661, 35.662388 ], [ 139.742035, 35.662243 ], [ 139.741114042599406, 35.662261544602643 ], [ 139.740940300259325, 35.661740336598108 ], [ 139.740191871717428, 35.661805487784726 ], [ 139.739563726334012, 35.660589323535667 ], [ 139.740936, 35.659992 ], [ 139.741669, 35.660297 ], [ 139.742493, 35.660526 ], [ 139.743149, 35.660717 ], [ 139.743292504248245, 35.660991094131077 ], [ 139.743103, 35.661549 ], [ 139.743805, 35.661316 ], [ 139.743942, 35.661873 ], [ 139.744492, 35.662453 ], [ 139.744607792450495, 35.662650766256277 ] ] } },
{ "type": "Feature", "properties": { "id": null, "name": null, "_umap_options": null, "description": null }, "geometry": { "type": "LineString", "coordinates": [ [ 139.715285716195694, 35.633762046687529 ], [ 139.714554, 35.633892 ], [ 139.713928, 35.634396 ], [ 139.713257, 35.634396 ], [ 139.712601, 35.634579 ], [ 139.711957882143253, 35.634386628740344 ], [ 139.711329736759808, 35.634174814504128 ], [ 139.710617, 35.635002 ], [ 139.710287282719293, 35.635352005746192 ], [ 139.710735003364903, 35.635580110002323 ], [ 139.711286301174823, 35.635892394535354 ], [ 139.711493455503387, 35.635903256584101 ], [ 139.712205130857967, 35.636277996362196 ], [ 139.712492473958861, 35.636424633188369 ], [ 139.712692, 35.635681 ], [ 139.713020383376829, 35.634939244008862 ], [ 139.713254267296179, 35.634741008995739 ], [ 139.713348, 35.634254 ], [ 139.714325, 35.633984 ], [ 139.714676, 35.633476 ], [ 139.715271, 35.633625 ], [ 139.716003, 35.63356 ], [ 139.71701, 35.633709 ], [ 139.718018, 35.633976 ], [ 139.718994, 35.634323 ], [ 139.71965, 35.634617 ], [ 139.720612, 35.635185 ], [ 139.721430180876894, 35.635603191944348 ], [ 139.722044961464889, 35.636015950252848 ], [ 139.722763, 35.635624 ], [ 139.724089775159797, 35.635413105164346 ], [ 139.724854, 35.635189 ], [ 139.725845, 35.63496 ], [ 139.726268236808579, 35.634821117724613 ], [ 139.726624, 35.634445 ], [ 139.727127, 35.633732 ], [ 139.727722, 35.633236 ], [ 139.728653, 35.63287 ], [ 139.729553, 35.632496 ], [ 139.730453, 35.632065 ], [ 139.7314, 35.632 ], [ 139.732101, 35.63203 ], [ 139.732449454677152, 35.631975171947751 ], [ 139.732429407484091, 35.631546098813622 ], [ 139.732395995495608, 35.630747690775834 ], [ 139.732346, 35.630074 ], [ 139.732382630700215, 35.629563642405373 ], [ 139.732834, 35.629524 ], [ 139.733795, 35.629383 ], [ 139.734787, 35.62928 ], [ 139.735733, 35.629116 ], [ 139.736552446862305, 35.629053084026928 ], [ 139.737427840960436, 35.629025926575032 ], [ 139.737381064176589, 35.628596837610786 ], [ 139.738015891957644, 35.628613132170486 ], [ 139.73877, 35.628952 ], [ 139.739716, 35.628674 ], [ 139.741776, 35.628601 ], [ 139.741905047416594, 35.628705467946041 ], [ 139.741959, 35.628807 ], [ 139.742773759117028, 35.628824961144325 ], [ 139.742860630287083, 35.629384404197118 ], [ 139.743662518010552, 35.629319226567212 ], [ 139.743642470817463, 35.628873844673969 ], [ 139.744136968246949, 35.628846687161207 ], [ 139.743317, 35.628803 ], [ 139.742740347128574, 35.628325261126875 ], [ 139.743635201521641, 35.628226863092564 ], [ 139.743756071578304, 35.628765214567515 ], [ 139.744110238656191, 35.628781509092889 ], [ 139.743179, 35.628807 ], [ 139.742740347128574, 35.628862981669968 ], [ 139.742473051220742, 35.628879276175418 ], [ 139.741958506598166, 35.628901002177521 ], [ 139.741333, 35.628986 ], [ 139.740204, 35.629032 ], [ 139.739212, 35.628944 ], [ 139.739212, 35.628944 ] ] } },
{ "type": "Feature", "properties": { "id": null, "name": null, "_umap_options": null, "description": null }, "geometry": { "type": "LineString", "coordinates": [ [ 139.649293901662048, 35.697753468569466 ], [ 139.649261, 35.697884 ], [ 139.649384, 35.698856 ], [ 139.649327109740227, 35.699832043299075 ], [ 139.648621, 35.700089 ], [ 139.647705, 35.700191 ], [ 139.647536227157786, 35.700163069879629 ], [ 139.647507, 35.70079 ], [ 139.647644, 35.701374 ], [ 139.647812, 35.702053 ], [ 139.648041, 35.702499 ], [ 139.648575, 35.703136 ], [ 139.648788, 35.70356 ], [ 139.649094, 35.704533 ], [ 139.649261, 35.704975 ], [ 139.650085, 35.704899 ], [ 139.649323, 35.705067 ], [ 139.648727, 35.705204 ], [ 139.6492, 35.705601 ], [ 139.649765, 35.705883 ], [ 139.649811, 35.706402 ], [ 139.649872, 35.707005 ], [ 139.649658, 35.707497 ], [ 139.649719, 35.708229 ], [ 139.649658, 35.70776 ], [ 139.649445, 35.706982 ], [ 139.649246, 35.706463 ], [ 139.648651, 35.705791 ], [ 139.649185, 35.705532 ], [ 139.649641182431935, 35.705133729987509 ], [ 139.649185, 35.704891 ], [ 139.649078, 35.704353 ], [ 139.648499, 35.704018 ], [ 139.648102, 35.703537 ], [ 139.648697, 35.703335 ], [ 139.648193, 35.702713 ], [ 139.647659, 35.701557 ], [ 139.647461, 35.70076 ], [ 139.647415, 35.700127 ], [ 139.647491, 35.699215 ], [ 139.647568, 35.698532 ], [ 139.647583, 35.697823 ], [ 139.648544, 35.697693 ], [ 139.649414, 35.697865 ], [ 139.649429080840179, 35.697765499239225 ] ] } },
{ "type": "Feature", "properties": { "id": null, "name": null, "_umap_options": null, "description": null }, "geometry": { "type": "LineString", "coordinates": [ [ 139.637059380826145, 35.701163958912616 ], [ 139.63681, 35.701508 ], [ 139.636505, 35.702148 ], [ 139.636551, 35.702843 ], [ 139.63681, 35.703331 ], [ 139.636978, 35.703785 ], [ 139.636963, 35.704357 ], [ 139.636749, 35.704845 ], [ 139.636093, 35.705158 ], [ 139.635284, 35.705101 ], [ 139.634644, 35.705055 ], [ 139.634003, 35.704731 ], [ 139.633377, 35.704552 ], [ 139.633118, 35.704063 ], [ 139.633698, 35.704304 ], [ 139.634445, 35.704567 ], [ 139.634491, 35.70504 ], [ 139.6353, 35.705185 ], [ 139.635941, 35.705139 ], [ 139.636169, 35.704578 ], [ 139.636749, 35.704433 ], [ 139.636932, 35.703938 ], [ 139.636765, 35.703331 ], [ 139.636719, 35.702858 ], [ 139.636414, 35.702213 ], [ 139.636673, 35.701546 ], [ 139.637077712538115, 35.70117979076889 ] ] } },
{ "type": "Feature", "properties": { "id": null, "name": null, "_umap_options": null, "description": null }, "geometry": { "type": "LineString", "coordinates": [ [ 139.652501248704851, 35.691807114250672 ], [ 139.652939, 35.691822 ], [ 139.653656, 35.691574 ], [ 139.654449, 35.691845 ], [ 139.655151, 35.691994 ], [ 139.65451, 35.691887 ], [ 139.653641, 35.691605 ], [ 139.652483654216695, 35.691835317568817 ] ] } },
{ "type": "Feature", "properties": { "id": null, "name": null, "_umap_options": null, "description": null }, "geometry": { "type": "LineString", "coordinates": [ [ 139.652553501183093, 35.691723355447699 ], [ 139.653564, 35.691624 ], [ 139.654587, 35.691784 ], [ 139.655304, 35.692066 ], [ 139.655914, 35.692272 ], [ 139.656738, 35.692467 ], [ 139.657104, 35.692879 ], [ 139.657745, 35.69342 ], [ 139.658386, 35.693703 ], [ 139.659073, 35.693779 ], [ 139.659576, 35.693432 ], [ 139.659271, 35.693001 ], [ 139.658798, 35.692677 ], [ 139.659012, 35.692211 ], [ 139.658279, 35.692085 ], [ 139.657394, 35.691826 ], [ 139.656891, 35.691643 ], [ 139.656021, 35.691391 ], [ 139.655319, 35.691376 ], [ 139.654968, 35.69173 ], [ 139.654312, 35.691692 ], [ 139.653229, 35.691681 ], [ 139.652513871292285, 35.691786880706722 ] ] } },
{ "type": "Feature", "properties": { "id": null, "name": null, "_umap_options": null, "description": null }, "geometry": { "type": "LineString", "coordinates": [ [ 139.621417232338075, 35.704447941820376 ], [ 139.6203, 35.704636 ], [ 139.619736, 35.704113 ], [ 139.619308, 35.703667 ], [ 139.618851, 35.704071 ], [ 139.618118, 35.704266 ], [ 139.617203, 35.704269 ], [ 139.616226, 35.70414 ], [ 139.615051, 35.704037 ], [ 139.614227, 35.704029 ], [ 139.613327, 35.704113 ], [ 139.613297, 35.703384 ], [ 139.613892, 35.703114 ], [ 139.614624, 35.702789 ], [ 139.615234, 35.702572 ], [ 139.615906, 35.70245 ], [ 139.616409, 35.702854 ], [ 139.617111, 35.703106 ], [ 139.617538, 35.703396 ], [ 139.618317, 35.70393 ], [ 139.619232, 35.704193 ], [ 139.620087, 35.704231 ], [ 139.620468, 35.704617 ], [ 139.621262, 35.704559 ], [ 139.62085, 35.704887 ], [ 139.620377, 35.705265 ], [ 139.619736, 35.705509 ], [ 139.618866, 35.705044 ], [ 139.618271, 35.705151 ], [ 139.617996, 35.705574 ], [ 139.617416, 35.705307 ], [ 139.617477, 35.704727 ], [ 139.616837, 35.704914 ], [ 139.61676, 35.70443 ], [ 139.615631, 35.704502 ], [ 139.615051, 35.704441 ], [ 139.615128, 35.70393 ], [ 139.615707, 35.703918 ], [ 139.616241, 35.704121 ], [ 139.616882, 35.704185 ], [ 139.61763, 35.704201 ], [ 139.618195, 35.704212 ], [ 139.619049, 35.704151 ], [ 139.62001, 35.704235 ], [ 139.620895, 35.704193 ], [ 139.621419149440385, 35.70427358447278 ] ] } },
{ "type": "Feature", "properties": { "id": null, "name": null, "_umap_options": null, "description": null }, "geometry": { "type": "LineString", "coordinates": [ [ 139.703811442136185, 35.713188805118094 ], [ 139.703781, 35.713833 ], [ 139.70314, 35.713799 ], [ 139.703995, 35.713833 ], [ 139.704468, 35.7136 ], [ 139.705093, 35.713371 ], [ 139.704956, 35.714077 ], [ 139.704361, 35.7136 ], [ 139.703659, 35.713703 ], [ 139.702728, 35.713879 ], [ 139.702194, 35.713577 ], [ 139.701202, 35.7131 ], [ 139.700592, 35.712795 ], [ 139.701279, 35.712803 ], [ 139.702148, 35.712727 ], [ 139.702698, 35.712635 ], [ 139.703445, 35.712635 ], [ 139.703598, 35.713181 ], [ 139.703659, 35.713703 ], [ 139.704636, 35.713966 ], [ 139.704132, 35.713688 ], [ 139.704697, 35.713356 ], [ 139.705673, 35.713264 ], [ 139.705978, 35.712849 ], [ 139.706512, 35.712563 ], [ 139.707214, 35.712196 ], [ 139.706436, 35.712662 ], [ 139.705719, 35.712925 ], [ 139.705154, 35.713348 ], [ 139.70459, 35.713398 ], [ 139.704559, 35.712936 ], [ 139.705048, 35.713226 ], [ 139.704285, 35.713589 ], [ 139.703674, 35.714127 ], [ 139.703262, 35.714535 ], [ 139.702682, 35.714703 ], [ 139.703476, 35.714348 ], [ 139.703888, 35.714039 ], [ 139.704315, 35.713573 ], [ 139.703903, 35.713173 ], [ 139.70390039503917, 35.713166736291626 ] ] } },
{ "type": "Feature", "properties": { "id": null, "name": null, "_umap_options": null, "description": null }, "geometry": { "type": "LineString", "coordinates": [ [ 139.710662682500669, 35.646611578186466 ], [ 139.711212, 35.646645 ], [ 139.711792, 35.646702 ], [ 139.712296, 35.646271 ], [ 139.712234, 35.645809 ], [ 139.711868, 35.645443 ], [ 139.712341, 35.646011 ], [ 139.711487, 35.646366 ], [ 139.712051, 35.646118 ], [ 139.712143, 35.645386 ], [ 139.711853, 35.64484 ], [ 139.711868, 35.64439 ], [ 139.712097, 35.643787 ], [ 139.712692, 35.643394 ], [ 139.71315, 35.642746 ], [ 139.71373, 35.642498 ], [ 139.714218, 35.642067 ], [ 139.713425, 35.641777 ], [ 139.713516, 35.641216 ], [ 139.712891, 35.640976 ], [ 139.712051, 35.641106 ], [ 139.711868, 35.641666 ], [ 139.711685, 35.642254 ], [ 139.711655, 35.64283 ], [ 139.712158, 35.643044 ], [ 139.712051, 35.643673 ], [ 139.711914, 35.644295 ], [ 139.711823, 35.644787 ], [ 139.711273, 35.645279 ], [ 139.710587, 35.645847 ], [ 139.710922, 35.646294 ], [ 139.710342, 35.646015 ], [ 139.71031876348016, 35.646045167515233 ] ] } },
{ "type": "Feature", "properties": { "id": null, "name": null, "_umap_options": null, "description": null }, "geometry": { "type": "LineString", "coordinates": [ [ 139.672995818867776, 35.642618556449996 ], [ 139.67308, 35.642139 ], [ 139.672971951568684, 35.642665834686952 ] ] } },
{ "type": "Feature", "properties": { "id": null, "name": null, "_umap_options": null, "description": null }, "geometry": { "type": "LineString", "coordinates": [ [ 139.672971951568684, 35.642665834686952 ], [ 139.672943, 35.642807 ] ] } },
{ "type": "Feature", "properties": { "id": null, "name": null, "_umap_options": null, "description": null }, "geometry": { "type": "LineString", "coordinates": [ [ 139.67309282028404, 35.643497065396275 ], [ 139.67305, 35.643482 ], [ 139.672958, 35.642834 ], [ 139.672995818867776, 35.642618556449996 ] ] } },
{ "type": "Feature", "properties": { "id": null, "name": null, "_umap_options": null, "description": null }, "geometry": { "type": "LineString", "coordinates": [ [ 139.672943, 35.642807 ], [ 139.673035, 35.643425 ], [ 139.672302, 35.643635 ], [ 139.671539, 35.643684 ], [ 139.670959, 35.643436 ], [ 139.669708, 35.643349 ], [ 139.671143, 35.644009 ], [ 139.670425, 35.644394 ], [ 139.669647, 35.644753 ], [ 139.66954, 35.64526 ], [ 139.669708, 35.644539 ], [ 139.669754, 35.643967 ], [ 139.669037, 35.644054 ] ] } },
{ "type": "Feature", "properties": { "id": null, "name": null, "_umap_options": null, "description": null }, "geometry": { "type": "LineString", "coordinates": [ [ 139.668869, 35.642513 ], [ 139.668945, 35.643147 ], [ 139.669617, 35.643349 ], [ 139.670044, 35.643669 ], [ 139.670486, 35.644138 ], [ 139.670959, 35.643848 ], [ 139.671494, 35.64336 ], [ 139.672073, 35.643131 ], [ 139.672699, 35.643055 ], [ 139.672958, 35.642437 ], [ 139.673126, 35.641956 ], [ 139.672501, 35.643063 ], [ 139.671555, 35.643177 ], [ 139.669998, 35.64341 ], [ 139.668747, 35.643158 ] ] } },
{ "type": "Feature", "properties": { "id": null, "name": null, "_umap_options": null, "description": null }, "geometry": { "type": "LineString", "coordinates": [ [ 139.669037, 35.644054 ], [ 139.669281, 35.643345 ], [ 139.669952, 35.643017 ], [ 139.669464, 35.642677 ], [ 139.668869, 35.642513 ] ] } },
{ "type": "Feature", "properties": { "id": null, "name": null, "_umap_options": null, "description": null }, "geometry": { "type": "LineString", "coordinates": [ [ 139.668747, 35.643158 ], [ 139.667816173203136, 35.643060426732433 ] ] } },
{ "type": "Feature", "properties": { "id": null, "name": null, "_umap_options": null, "description": null }, "geometry": { "type": "LineString", "coordinates": [ [ 139.692486850145627, 35.635390661632208 ], [ 139.693268, 35.63599 ], [ 139.691895, 35.636326 ], [ 139.691818, 35.63707 ], [ 139.692078, 35.637573 ], [ 139.691177, 35.637947 ], [ 139.690811076975564, 35.637426630482892 ], [ 139.691422, 35.637539 ], [ 139.691849, 35.637928 ], [ 139.691288609514544, 35.637328633360241 ] ] } },
{ "type": "Feature", "properties": { "id": null, "name": null, "_umap_options": null, "description": null }, "geometry": { "type": "LineString", "coordinates": [ [ 139.692413, 35.635334 ], [ 139.692486850145627, 35.635390661632208 ] ] } },
{ "type": "Feature", "properties": { "id": null, "name": null, "_umap_options": null, "description": null }, "geometry": { "type": "LineString", "coordinates": [ [ 139.686661, 35.630272 ], [ 139.687057, 35.629848 ], [ 139.687912, 35.630146 ], [ 139.687683, 35.630978 ], [ 139.687561, 35.63171 ], [ 139.687561, 35.632565 ], [ 139.688553, 35.633217 ], [ 139.689377, 35.633644 ], [ 139.690994, 35.634594 ], [ 139.692413, 35.635334 ] ] } },
{ "type": "Feature", "properties": { "id": null, "name": null, "_umap_options": null, "description": null }, "geometry": { "type": "LineString", "coordinates": [ [ 139.691288609514544, 35.637328633360241 ], [ 139.688614, 35.634468 ], [ 139.688354, 35.633465 ], [ 139.687988, 35.633015 ], [ 139.687485, 35.632286 ], [ 139.686829, 35.631336 ], [ 139.686798, 35.630352 ], [ 139.686279, 35.629879 ], [ 139.685715, 35.629852 ], [ 139.685349, 35.629288 ], [ 139.685318, 35.628723 ], [ 139.68512, 35.629269 ], [ 139.68454, 35.629696 ], [ 139.684738, 35.629253 ], [ 139.68573, 35.629063 ], [ 139.686462, 35.629166 ], [ 139.686493, 35.62986 ], [ 139.685837, 35.629948 ], [ 139.686203, 35.630459 ], [ 139.685913, 35.629929 ], [ 139.686829, 35.629955 ], [ 139.686676, 35.630608 ], [ 139.686659998973113, 35.630738500178303 ] ] } },
{ "type": "Feature", "properties": { "id": null, "name": null, "_umap_options": null, "description": null }, "geometry": { "type": "LineString", "coordinates": [ [ 139.686616325560379, 35.630635235313036 ], [ 139.686661, 35.630272 ] ] } },
{ "type": "Feature", "properties": { "id": null, "name": null, "_umap_options": null, "description": null }, "geometry": { "type": "LineString", "coordinates": [ [ 139.627050883297272, 35.611944861102103 ], [ 139.627243, 35.612164 ], [ 139.628204, 35.612022 ], [ 139.628922, 35.611809 ], [ 139.629272, 35.612373 ], [ 139.62851, 35.612534 ], [ 139.62793, 35.612106 ], [ 139.628479, 35.611908 ], [ 139.627731, 35.611988 ], [ 139.626938, 35.61277 ], [ 139.626892, 35.613293 ], [ 139.626495, 35.612846 ], [ 139.626816, 35.6133 ], [ 139.626984, 35.612701 ], [ 139.626022, 35.612865 ], [ 139.625824, 35.613747 ], [ 139.626419, 35.613792 ], [ 139.627045, 35.613514 ], [ 139.627319, 35.614067 ], [ 139.627441, 35.614517 ], [ 139.627075, 35.615124 ], [ 139.627563, 35.614452 ], [ 139.627319, 35.613876 ], [ 139.627197, 35.613358 ], [ 139.627289, 35.612419 ], [ 139.626943618087211, 35.611944861102103 ] ] } },
{ "type": "Feature", "properties": { "id": null, "name": null, "_umap_options": null, "description": null }, "geometry": { "type": "LineString", "coordinates": [ [ 139.611074706185889, 35.599039881023209 ], [ 139.611313, 35.598904 ], [ 139.610886, 35.59988 ], [ 139.611893, 35.599541 ], [ 139.612473, 35.599884 ], [ 139.613113, 35.600082 ], [ 139.613937, 35.600407 ], [ 139.614883, 35.600853 ], [ 139.615753, 35.601357 ], [ 139.616165, 35.601864 ], [ 139.615402, 35.601826 ], [ 139.614944, 35.601521 ], [ 139.61412, 35.601372 ], [ 139.613739, 35.600811 ], [ 139.613541, 35.600323 ], [ 139.613586, 35.599743 ], [ 139.613098, 35.599342 ], [ 139.612198, 35.599445 ], [ 139.612061, 35.598866 ], [ 139.612198, 35.599487 ], [ 139.611618, 35.599197 ], [ 139.610977, 35.599606 ], [ 139.611374, 35.6003 ], [ 139.611922622155674, 35.600520092296321 ] ] } },
{ "type": "Feature", "properties": { "id": null, "name": null, "_umap_options": null, "description": null }, "geometry": { "type": "LineString", "coordinates": [ [ 139.535665438791909, 35.633458343556129 ], [ 139.534714, 35.633194 ], [ 139.534348, 35.632553 ], [ 139.53479, 35.633217 ], [ 139.53508, 35.633686 ], [ 139.535202, 35.634296 ], [ 139.535049, 35.633602 ], [ 139.534317, 35.633617 ], [ 139.53331, 35.633755 ], [ 139.532425, 35.633896 ], [ 139.531876, 35.633991 ], [ 139.531311, 35.633751 ], [ 139.531454750473927, 35.633893354838264 ] ] } },
{ "type": "Feature", "properties": { "id": null, "name": null, "_umap_options": null, "description": null }, "geometry": { "type": "LineString", "coordinates": [ [ 139.157593, 35.2547 ], [ 139.157578, 35.25404 ], [ 139.157608, 35.253468 ], [ 139.157547, 35.252644 ], [ 139.157547, 35.251926 ], [ 139.157486, 35.251358 ], [ 139.157944, 35.251007 ], [ 139.157425, 35.250374 ], [ 139.157516, 35.249828 ], [ 139.156662, 35.249535 ], [ 139.155746, 35.250267 ], [ 139.154877, 35.250546 ], [ 139.154358, 35.250751 ], [ 139.154999, 35.25053 ], [ 139.15567, 35.25029 ], [ 139.156662, 35.250896 ], [ 139.157455, 35.250824 ], [ 139.157501, 35.25145 ], [ 139.157501, 35.251972 ], [ 139.157608, 35.252476 ], [ 139.157669, 35.252953 ], [ 139.157669, 35.253437 ], [ 139.157639, 35.253975 ], [ 139.157532, 35.254597 ], [ 139.157471, 35.25539 ], [ 139.156403, 35.255451 ], [ 139.1561298991912, 35.255792018549215 ] ] } },
{ "type": "Feature", "properties": { "id": null, "name": null, "_umap_options": null, "description": null }, "geometry": { "type": "LineString", "coordinates": [ [ 139.121582, 34.889454 ], [ 139.122513, 34.888981 ], [ 139.12294, 34.888489 ], [ 139.123642, 34.888069 ], [ 139.124222, 34.888165 ], [ 139.124924, 34.888313 ], [ 139.125473, 34.888428 ], [ 139.126358, 34.888699 ], [ 139.126801, 34.889168 ], [ 139.127457, 34.889271 ], [ 139.128006, 34.889259 ], [ 139.128815, 34.889267 ], [ 139.129547, 34.889347 ], [ 139.130417, 34.889339 ], [ 139.131058, 34.889378 ], [ 139.132172, 34.889595 ], [ 139.132889, 34.890202 ], [ 139.133484, 34.890434 ], [ 139.133896, 34.890739 ], [ 139.134399, 34.890987 ], [ 139.134995, 34.891075 ], [ 139.135559, 34.891342 ], [ 139.135941, 34.890972 ], [ 139.136612, 34.891033 ], [ 139.137222, 34.890663 ], [ 139.138, 34.890038 ], [ 139.13855, 34.88974 ], [ 139.138794, 34.890587 ], [ 139.139114, 34.891098 ], [ 139.138489, 34.890503 ], [ 139.138489, 34.889938 ], [ 139.138016, 34.890629 ], [ 139.13739, 34.890629 ], [ 139.136841, 34.890854 ], [ 139.136078, 34.890942 ], [ 139.135513, 34.891415 ], [ 139.134979, 34.89119 ], [ 139.134247, 34.890873 ], [ 139.13356, 34.890808 ], [ 139.132736, 34.890175 ], [ 139.13176, 34.889584 ], [ 139.130936, 34.889366 ], [ 139.130142, 34.889397 ], [ 139.129578, 34.889286 ], [ 139.128723, 34.889206 ], [ 139.128036, 34.889194 ], [ 139.127365, 34.889294 ], [ 139.126617, 34.88892 ], [ 139.125504, 34.888538 ], [ 139.124863, 34.888287 ], [ 139.1241, 34.888172 ], [ 139.123215, 34.888226 ], [ 139.122482, 34.88892 ], [ 139.121964, 34.88937 ], [ 139.121506, 34.889668 ] ] } },
{ "type": "Feature", "properties": { "id": null, "name": null, "_umap_options": null, "description": null }, "geometry": { "type": "LineString", "coordinates": [ [ 139.095892590888781, 34.905437541700898 ], [ 139.096086495008336, 34.905230012080324 ], [ 139.096664, 34.905247 ], [ 139.097214, 34.904449 ], [ 139.096924, 34.903854 ], [ 139.096557028668855, 34.903300566970117 ], [ 139.09584, 34.903214 ], [ 139.095093146169489, 34.902957549760025 ], [ 139.094604, 34.903126 ], [ 139.09432635057459, 34.903143350926676 ], [ 139.094030088640181, 34.903543536627055 ], [ 139.093735, 34.903957 ], [ 139.093933, 34.904701 ], [ 139.094361204919807, 34.905387224128908 ], [ 139.095154, 34.905628 ], [ 139.09584, 34.90522 ], [ 139.095833472305088, 34.905450645219787 ] ] } },
{ "type": "Feature", "properties": { "id": null, "name": null, "_umap_options": null, "description": null }, "geometry": { "type": "LineString", "coordinates": [ [ 138.951821166284248, 34.67911273320923 ], [ 138.95206834054656, 34.679043240067067 ], [ 138.952325391342555, 34.679204466741268 ], [ 138.952294893790508, 34.67915072743962 ], [ 138.952630366863275, 34.679620071831721 ], [ 138.952948813340925, 34.679761158849615 ], [ 138.953827, 34.68013 ], [ 138.953763133083044, 34.680307965329035 ], [ 138.953628072495292, 34.680454858512512 ], [ 138.953858982532381, 34.680748644097733 ], [ 138.953763133083044, 34.680694902910041 ], [ 138.953615002115839, 34.680831047184455 ], [ 138.953615002115839, 34.680906284713757 ], [ 138.953461, 34.680893 ], [ 138.953445087182899, 34.68078805427988 ], [ 138.953628072495292, 34.680673406425193 ], [ 138.953588861356934, 34.68051218261099 ], [ 138.953549650218548, 34.680290051508344 ], [ 138.953344880940364, 34.680401117134146 ], [ 138.953275172249903, 34.680282885978983 ], [ 138.952255682652122, 34.679562747115661 ], [ 138.952268753031603, 34.679412269547221 ], [ 138.952499663068693, 34.679455263166112 ], [ 138.95195, 34.679111 ], [ 138.951820424587652, 34.679120967339408 ] ] } },
{ "type": "Feature", "properties": { "id": null, "name": null, "_umap_options": null, "description": null }, "geometry": { "type": "LineString", "coordinates": [ [ 138.94371, 34.678936 ], [ 138.944244, 34.679066 ], [ 138.944489, 34.67849 ], [ 138.945175, 34.67812 ], [ 138.944916, 34.677704 ], [ 138.944427, 34.67725 ], [ 138.943695, 34.676655 ], [ 138.943375, 34.676193 ], [ 138.942886, 34.675808 ], [ 138.942245, 34.67503 ], [ 138.942139, 34.674374 ], [ 138.941738383981061, 34.67338040187137 ], [ 138.941468262805557, 34.672663786079887 ], [ 138.942245, 34.672432 ], [ 138.941483, 34.67181 ], [ 138.941971, 34.672138 ], [ 138.94252, 34.671955 ], [ 138.942304767090889, 34.672298309638933 ], [ 138.94281, 34.671928 ], [ 138.942984426822761, 34.671832503994466 ], [ 138.943283, 34.6717 ], [ 138.944229, 34.671242 ], [ 138.944422168563221, 34.671689178653793 ], [ 138.94458, 34.672161 ], [ 138.944687, 34.672718 ], [ 138.944931, 34.673267 ], [ 138.945374, 34.674088 ], [ 138.945694, 34.674679 ], [ 138.945851196717399, 34.674562804372506 ], [ 138.94596447333933, 34.675200578107571 ], [ 138.946121, 34.675694 ], [ 138.946217167342212, 34.676210973634262 ], [ 138.946198, 34.676739 ], [ 138.94619974016959, 34.677113869845705 ], [ 138.94603, 34.67725 ], [ 138.945084401122443, 34.677722960936151 ], [ 138.944794, 34.678329 ], [ 138.94455, 34.679111 ], [ 138.944320038310138, 34.679411884454026 ] ] } },
{ "type": "Feature", "properties": { "id": null, "name": null, "_umap_options": null, "description": null }, "geometry": { "type": "LineString", "coordinates": [ [ 139.092241354793629, 34.975231677434799 ], [ 139.092377, 34.974655 ], [ 139.09256, 34.974186 ], [ 139.092621, 34.973591 ], [ 139.093262, 34.973152 ], [ 139.094009, 34.972641 ], [ 139.093414, 34.972137 ], [ 139.093933, 34.972519 ], [ 139.093292, 34.973213 ], [ 139.092575, 34.973621 ], [ 139.092407, 34.974087 ], [ 139.092545, 34.974609 ], [ 139.092174454217741, 34.975038716705605 ] ] } },
{ "type": "Feature", "properties": { "id": null, "name": null, "_umap_options": null, "description": null }, "geometry": { "type": "LineString", "coordinates": [ [ 139.100143, 35.231152 ], [ 139.100449, 35.230373 ], [ 139.099915, 35.229939 ], [ 139.099457, 35.22953 ], [ 139.09845, 35.229355 ], [ 139.097839, 35.229401 ], [ 139.097, 35.229156 ], [ 139.096115, 35.229031 ], [ 139.095612, 35.229 ], [ 139.095062, 35.228848 ], [ 139.095581, 35.229008 ], [ 139.096741, 35.229088 ], [ 139.097443, 35.229275 ], [ 139.098312, 35.22934 ], [ 139.099304, 35.229443 ], [ 139.099884, 35.22979 ], [ 139.10051, 35.230244 ], [ 139.100159, 35.230804 ], [ 139.099731, 35.231102 ], [ 139.099426, 35.231594 ], [ 139.100098, 35.231705 ], [ 139.100754, 35.231625 ], [ 139.100760312202567, 35.231626621166782 ] ] } },
{ "type": "Feature", "properties": { "id": null, "name": null, "_umap_options": null, "description": null }, "geometry": { "type": "LineString", "coordinates": [ [ 136.945401885418022, 35.380427796360514 ], [ 136.945297, 35.380726 ], [ 136.945129, 35.381397 ], [ 136.944962, 35.382015 ], [ 136.944168, 35.381863 ], [ 136.943512, 35.38192 ], [ 136.94278, 35.381935 ], [ 136.942123, 35.381939 ], [ 136.941391, 35.381989 ], [ 136.940613, 35.382008 ], [ 136.939987, 35.382038 ], [ 136.939392, 35.382046 ], [ 136.939377, 35.382664 ], [ 136.939407, 35.383286 ], [ 136.939438, 35.383881 ], [ 136.939423, 35.384487 ], [ 136.939453, 35.385342 ], [ 136.939423, 35.385948 ], [ 136.939163, 35.386696 ], [ 136.939606, 35.387215 ], [ 136.939529, 35.387985 ], [ 136.939545, 35.38868 ], [ 136.938675, 35.388252 ], [ 136.939499, 35.388039 ], [ 136.938644, 35.388134 ], [ 136.939499, 35.388039 ], [ 136.939133, 35.38868 ], [ 136.939331, 35.388241 ], [ 136.93956, 35.387764 ], [ 136.939743, 35.387241 ], [ 136.939407, 35.386581 ], [ 136.93956, 35.385845 ], [ 136.939377, 35.385212 ], [ 136.939392, 35.384514 ], [ 136.939453, 35.383976 ], [ 136.939423, 35.383472 ], [ 136.939377, 35.382931 ], [ 136.939423, 35.382118 ], [ 136.939392, 35.381332 ], [ 136.93924, 35.380768 ], [ 136.940048, 35.380699 ], [ 136.941177, 35.380806 ], [ 136.941818, 35.38065 ], [ 136.94252, 35.380657 ], [ 136.943069, 35.380684 ], [ 136.943619, 35.380711 ], [ 136.944229, 35.380577 ], [ 136.944809, 35.380592 ], [ 136.945382062352451, 35.380400320523492 ] ] } },
{ "type": "Feature", "properties": { "id": null, "name": null, "_umap_options": null, "description": null }, "geometry": { "type": "LineString", "coordinates": [ [ 136.904560591612977, 35.181987165168621 ], [ 136.90478345571367, 35.182095679301746 ], [ 136.904648, 35.182945 ], [ 136.904556, 35.183594 ], [ 136.903656, 35.183922 ], [ 136.901474, 35.184353 ], [ 136.90123, 35.183903 ], [ 136.900299, 35.184097 ], [ 136.899506, 35.184006 ], [ 136.900391, 35.184349 ], [ 136.899994, 35.185188 ], [ 136.900726, 35.184479 ], [ 136.899963, 35.185135 ], [ 136.899567, 35.184483 ], [ 136.899887, 35.185223 ], [ 136.900436, 35.184769 ], [ 136.900085, 35.183971 ], [ 136.900925, 35.18404 ], [ 136.901688, 35.184345 ], [ 136.902573, 35.184139 ], [ 136.903259, 35.183979 ], [ 136.904007, 35.183784 ], [ 136.904495, 35.183548 ], [ 136.904678, 35.182968 ], [ 136.904938, 35.182465 ], [ 136.905383723641023, 35.181806055266087 ] ] } },
{ "type": "Feature", "properties": { "id": null, "name": null, "_umap_options": null, "description": null }, "geometry": { "type": "LineString", "coordinates": [ [ 136.471025120042697, 35.363635914820549 ], [ 136.4702, 35.363628 ], [ 136.470871, 35.363472 ], [ 136.470276, 35.363514 ], [ 136.469437, 35.363544 ], [ 136.468246, 35.363998 ], [ 136.467667, 35.364243 ], [ 136.467194, 35.36483 ], [ 136.466843, 35.365185 ], [ 136.466354, 35.365677 ], [ 136.466049, 35.366211 ], [ 136.465866, 35.365433 ], [ 136.466782, 35.364971 ], [ 136.468262, 35.364239 ], [ 136.468628, 35.36356 ], [ 136.469223, 35.363499 ], [ 136.470169, 35.363678 ], [ 136.470703, 35.363773 ], [ 136.470930719859922, 35.363809126235985 ] ] } },
{ "type": "Feature", "properties": { "id": null, "name": null, "_umap_options": null, "description": null }, "geometry": { "type": "LineString", "coordinates": [ [ 136.755417, 35.412369 ], [ 136.755829, 35.411644 ], [ 136.755783, 35.410896 ], [ 136.756027, 35.410351 ], [ 136.756912, 35.41016 ], [ 136.757034, 35.410812 ], [ 136.756958, 35.410114 ], [ 136.757523, 35.410225 ], [ 136.756912, 35.409813 ], [ 136.757416, 35.410126 ], [ 136.756805, 35.409824 ], [ 136.757309, 35.409626 ], [ 136.758295497472261, 35.409332684610796 ] ] } },
{ "type": "Feature", "properties": { "id": null, "name": null, "_umap_options": null, "description": null }, "geometry": { "type": "LineString", "coordinates": [ [ 136.773420699266637, 35.437691116198458 ], [ 136.7733, 35.43631 ], [ 136.772888, 35.435219 ], [ 136.773193, 35.434834 ], [ 136.774063, 35.434929 ], [ 136.774475, 35.434616 ], [ 136.776581, 35.433838 ], [ 136.777771, 35.432518 ], [ 136.778397, 35.433037 ], [ 136.77948, 35.432892 ], [ 136.780029, 35.432346 ], [ 136.781815, 35.432133 ], [ 136.781815, 35.433208 ], [ 136.781982, 35.433708 ], [ 136.781662, 35.433189 ], [ 136.781113, 35.432949 ], [ 136.78067, 35.432468 ], [ 136.78009, 35.432251 ], [ 136.778442, 35.433014 ], [ 136.77774, 35.433926 ], [ 136.775101, 35.434441 ], [ 136.774414, 35.434723 ], [ 136.773941, 35.43383 ], [ 136.773254, 35.433777 ], [ 136.773956, 35.434067 ], [ 136.773712, 35.43449 ], [ 136.773865, 35.434925 ], [ 136.774033, 35.435543 ], [ 136.774109, 35.436092 ], [ 136.774139, 35.436794 ], [ 136.773529, 35.43676 ], [ 136.773254, 35.43623 ], [ 136.77327, 35.435703 ], [ 136.772873, 35.436161 ], [ 136.772232, 35.436199 ], [ 136.771912, 35.436626 ], [ 136.771591, 35.437061 ], [ 136.771072, 35.436752 ], [ 136.770721, 35.436356 ], [ 136.770798, 35.435757 ], [ 136.77092, 35.435246 ], [ 136.770691, 35.434547 ], [ 136.772186, 35.434383 ], [ 136.772812, 35.435356 ], [ 136.773240954445413, 35.437702099683591 ] ] } },
{ "type": "Feature", "properties": { "id": null, "name": null, "_umap_options": null, "description": null }, "geometry": { "type": "LineString", "coordinates": [ [ 136.755417, 35.412437 ], [ 136.75589, 35.411892 ], [ 136.756058, 35.411427 ], [ 136.755768, 35.410965 ], [ 136.756317, 35.410927 ], [ 136.756439, 35.410084 ], [ 136.756943, 35.409752 ], [ 136.75737, 35.411022 ], [ 136.757263, 35.410492 ], [ 136.757294, 35.411037 ], [ 136.757324, 35.410213 ], [ 136.757874, 35.40955 ], [ 136.757034, 35.409847 ], [ 136.757141, 35.409153 ], [ 136.757141, 35.409153 ] ] } },
{ "type": "Feature", "properties": { "id": null, "name": null, "_umap_options": null, "description": null }, "geometry": { "type": "LineString", "coordinates": [ [ 139.654831, 35.674484 ], [ 139.654831, 35.674494 ] ] } },
{ "type": "Feature", "properties": { "id": null, "name": null, "_umap_options": null, "description": null }, "geometry": { "type": "LineString", "coordinates": [ [ 136.490042888317618, 35.474573290089623 ], [ 136.490339150252026, 35.475027439889317 ], [ 136.490561346702805, 35.47572817380528 ], [ 136.490509065184966, 35.475926861804247 ], [ 136.490617985013785, 35.475877189850543 ], [ 136.490761759187819, 35.475930409799766 ], [ 136.49094910129341, 35.475756557835197 ], [ 136.491257, 35.475201 ], [ 136.491576479507415, 35.474791495196378 ], [ 136.491907595787069, 35.474614092715584 ], [ 136.492025229202198, 35.474585708282333 ], [ 136.492578541932602, 35.474500554922443 ], [ 136.493123141076723, 35.473886738451895 ], [ 136.493284342423379, 35.473744814901529 ], [ 136.493497825287847, 35.473716430161396 ], [ 136.493515252460497, 35.473751911085003 ], [ 136.493340980734359, 35.473908026962839 ], [ 136.49358060435776, 35.473932863551823 ], [ 136.49358060435776, 35.473964796297814 ], [ 136.493471684528942, 35.473996729031114 ], [ 136.49351960925361, 35.474028661751738 ], [ 136.493445543770036, 35.474156392507417 ], [ 136.493476041322111, 35.474340892129597 ], [ 136.49340633263165, 35.474383468905359 ], [ 136.493436830183697, 35.474457978208683 ], [ 136.493528322839921, 35.474497006863828 ], [ 136.493393262252198, 35.474702794004905 ], [ 136.493393262252198, 35.474702794004905 ] ] } },
{ "type": "Feature", "properties": { "id": null, "name": null, "_umap_options": null, "description": null }, "geometry": { "type": "LineString", "coordinates": [ [ 137.724900930801198, 34.710462433957652 ], [ 137.724197, 34.710564 ], [ 137.724487, 34.711174 ], [ 137.724808, 34.711567 ], [ 137.72525, 34.711861 ], [ 137.724976, 34.711563 ], [ 137.72551, 34.71122 ], [ 137.725739, 34.710705 ], [ 137.724945, 34.710503 ], [ 137.725103479805199, 34.71051288953543 ] ] } }
]
}
