{
"type": "FeatureCollection",
"name": "photos",
"crs": { "type": "name", "properties": { "name": "urn:ogc:def:crs:OGC:1.3:CRS84" } },
"features": [
{ "type": "Feature", "properties": { "filename": "IMG_0715", "description": "Outside Sakura-Shinmachi station" }, "geometry": { "type": "Point", "coordinates": [ 139.644194444444423, 35.631655555555554, 42.5553 ] } },
{ "type": "Feature", "properties": { "filename": "IMG_0724", "description": null }, "geometry": { "type": "Point", "coordinates": [ 139.647322222222215, 35.626355555555556, 32.5798 ] } },
{ "type": "Feature", "properties": { "filename": "IMG_0739", "description": null }, "geometry": { "type": "Point", "coordinates": [ 139.646866666666654, 35.631969444444444, 39.437 ] } },
{ "type": "Feature", "properties": { "filename": "IMG_0744", "description": "I've always wondered what the inside of vending machine looks like" }, "geometry": { "type": "Point", "coordinates": [ 139.750319444444443, 35.694611111111108, 38.88 ] } },
{ "type": "Feature", "properties": { "filename": "IMG_0758", "description": "Akagi shrine" }, "geometry": { "type": "Point", "coordinates": [ 139.736022222222203, 35.704844444444447, 23.6088 ] } },
{ "type": "Feature", "properties": { "filename": "IMG_0771-1", "description": null }, "geometry": { "type": "Point", "coordinates": [ 139.665497222222228, 35.70556944444445, 42.3815 ] } },
{ "type": "Feature", "properties": { "filename": "IMG_0771", "description": null }, "geometry": { "type": "Point", "coordinates": [ 139.665497222222228, 35.70556944444445, 42.3815 ] } },
{ "type": "Feature", "properties": { "filename": "IMG_0777", "description": null }, "geometry": { "type": "Point", "coordinates": [ 139.687486111111127, 35.704344444444445, 23.5417 ] } },
{ "type": "Feature", "properties": { "filename": "IMG_0793", "description": "My first bowl of Ramen in Japan" }, "geometry": { "type": "Point", "coordinates": [ 139.68231111111109, 35.697027777777777, 34.811 ] } },
{ "type": "Feature", "properties": { "filename": "IMG_0804", "description": "No nuisance!" }, "geometry": { "type": "Point", "coordinates": [ 139.696030555555552, 35.691702777777778, 70.9557 ] } },
{ "type": "Feature", "properties": { "filename": "IMG_0828", "description": null }, "geometry": { "type": "Point", "coordinates": [ 139.639069444444431, 35.626319444444448, 40.3891 ] } },
{ "type": "Feature", "properties": { "filename": "IMG_0834", "description": null }, "geometry": { "type": "Point", "coordinates": [ 139.628355555555572, 35.612227777777782, 19.6712 ] } },
{ "type": "Feature", "properties": { "filename": "IMG_0854", "description": null }, "geometry": { "type": "Point", "coordinates": [ 139.611266666666666, 35.60345, 18.5941 ] } },
{ "type": "Feature", "properties": { "filename": "IMG_0859", "description": null }, "geometry": { "type": "Point", "coordinates": [ 139.611938888888886, 35.601375, 24.7837 ] } },
{ "type": "Feature", "properties": { "filename": "IMG_0871", "description": null }, "geometry": { "type": "Point", "coordinates": [ 139.604661111111113, 35.603247222222222, 39.3789 ] } },
{ "type": "Feature", "properties": { "filename": "IMG_0884", "description": null }, "geometry": { "type": "Point", "coordinates": [ 139.595719444444455, 35.605663888888891, 27.2484 ] } },
{ "type": "Feature", "properties": { "filename": "IMG_0896", "description": null }, "geometry": { "type": "Point", "coordinates": [ 139.707061111111102, 35.64566388888889, 26.0542 ] } },
{ "type": "Feature", "properties": { "filename": "IMG_0916", "description": null }, "geometry": { "type": "Point", "coordinates": [ 139.655394444444454, 35.624633333333335, 58.2157 ] } },
{ "type": "Feature", "properties": { "filename": "IMG_0923", "description": null }, "geometry": { "type": "Point", "coordinates": [ 139.649688888888875, 35.624722222222225, 40.573 ] } },
{ "type": "Feature", "properties": { "filename": "IMG_0945", "description": "Akihabara" }, "geometry": { "type": "Point", "coordinates": [ 139.771194444444461, 35.699744444444441, 26.5284 ] } },
{ "type": "Feature", "properties": { "filename": "IMG_0953", "description": "Where it all started!" }, "geometry": { "type": "Point", "coordinates": [ 139.762639305555552, 35.67504780555555, 0.0 ] } },
{ "type": "Feature", "properties": { "filename": "IMG_0961", "description": null }, "geometry": { "type": "Point", "coordinates": [ 139.773347222222242, 35.697566666666667, 8.99959 ] } },
{ "type": "Feature", "properties": { "filename": "IMG_0972-1", "description": null }, "geometry": { "type": "Point", "coordinates": [ 139.766236111111112, 35.699833333333331, -0.372566 ] } },
{ "type": "Feature", "properties": { "filename": "IMG_0972", "description": "Trains" }, "geometry": { "type": "Point", "coordinates": [ 139.766236111111112, 35.699833333333331, -0.372566 ] } },
{ "type": "Feature", "properties": { "filename": "IMG_0994", "description": null }, "geometry": { "type": "Point", "coordinates": [ 139.669388888888875, 35.647113888888889, 34.1052 ] } },
{ "type": "Feature", "properties": { "filename": "IMG_1004", "description": null }, "geometry": { "type": "Point", "coordinates": [ 139.667725, 35.659455555555553, 37.0488 ] } },
{ "type": "Feature", "properties": { "filename": "IMG_1032", "description": null }, "geometry": { "type": "Point", "coordinates": [ 139.643127777777778, 35.632519444444448, 47.2786 ] } },
{ "type": "Feature", "properties": { "filename": "IMG_1047", "description": null }, "geometry": { "type": "Point", "coordinates": [ 139.69815, 35.659286111111108, 24.9918 ] } },
{ "type": "Feature", "properties": { "filename": "IMG_1099", "description": null }, "geometry": { "type": "Point", "coordinates": [ 139.701919444444428, 35.685802777777774, 49.2186 ] } },
{ "type": "Feature", "properties": { "filename": "IMG_1147", "description": "This ramen had 3 cuts of meet (chicken breast,  pork shoulder and beef) and 2 wonton dumplings." }, "geometry": { "type": "Point", "coordinates": [ 139.627272222222217, 35.903575, 18.1745 ] } },
{ "type": "Feature", "properties": { "filename": "IMG_1169", "description": "" }, "geometry": { "type": "Point", "coordinates": [ 139.48577777777777, 35.924616666666665, 11.2456 ] } },
{ "type": "Feature", "properties": { "filename": "IMG_1207", "description": null }, "geometry": { "type": "Point", "coordinates": [ 139.669891666666643, 35.608291666666666, 31.8757 ] } },
{ "type": "Feature", "properties": { "filename": "IMG_1217", "description": "This petshop had a vending machine specially for buying birthday cakes for dogs." }, "geometry": { "type": "Point", "coordinates": [ 139.668122222222223, 35.608752777777781, 37.5415 ] } },
{ "type": "Feature", "properties": { "filename": "IMG_1228", "description": null }, "geometry": { "type": "Point", "coordinates": [ 139.668625, 35.609344444444446, 44.7492 ] } },
{ "type": "Feature", "properties": { "filename": "IMG_1235", "description": null }, "geometry": { "type": "Point", "coordinates": [ 139.667816666666653, 35.607269444444448, 31.8295 ] } },
{ "type": "Feature", "properties": { "filename": "IMG_1253", "description": "Intenstine hotpot" }, "geometry": { "type": "Point", "coordinates": [ 139.764694444444444, 35.685080555555551, 11.9838 ] } },
{ "type": "Feature", "properties": { "filename": "IMG_1265", "description": "😛" }, "geometry": { "type": "Point", "coordinates": [ 139.763855555555551, 35.67003888888889, 6.15405 ] } },
{ "type": "Feature", "properties": { "filename": "IMG_1323", "description": null }, "geometry": { "type": "Point", "coordinates": [ 139.685211111111101, 35.6081, 39.8662 ] } },
{ "type": "Feature", "properties": { "filename": "IMG_1336", "description": "Shabu-shabu in Shibuya" }, "geometry": { "type": "Point", "coordinates": [ 139.694869444444436, 35.663158333333335, 21.0228 ] } },
{ "type": "Feature", "properties": { "filename": "IMG_1350", "description": null }, "geometry": { "type": "Point", "coordinates": [ 139.727355555555562, 35.616511111111116, 15.928 ] } },
{ "type": "Feature", "properties": { "filename": "IMG_1352", "description": "Cold udon breakfast at the airport" }, "geometry": { "type": "Point", "coordinates": [ 139.7885138888889, 35.552238888888887, 7.56632 ] } },
{ "type": "Feature", "properties": { "filename": "IMG_1375", "description": "Hachiya Ramen, a pungent anchovy-based soup topped with black garlic oil. " }, "geometry": { "type": "Point", "coordinates": [ 142.360747222222216, 43.769833333333331, 116.202 ] } },
{ "type": "Feature", "properties": { "filename": "IMG_1382", "description": null }, "geometry": { "type": "Point", "coordinates": [ 142.362244444444428, 43.774330555555558, 111.188 ] } },
{ "type": "Feature", "properties": { "filename": "IMG_1394", "description": "School snowman competition" }, "geometry": { "type": "Point", "coordinates": [ 142.361786111111115, 43.770325, 114.383 ] } },
{ "type": "Feature", "properties": { "filename": "IMG_1401", "description": null }, "geometry": { "type": "Point", "coordinates": [ 142.358719444444432, 43.764594444444441, 122.143 ] } },
{ "type": "Feature", "properties": { "filename": "IMG_1404", "description": null }, "geometry": { "type": "Point", "coordinates": [ 142.359388888888873, 43.76432777777778, 120.206 ] } },
{ "type": "Feature", "properties": { "filename": "IMG_1422", "description": null }, "geometry": { "type": "Point", "coordinates": [ 142.359511111111118, 43.76916111111111, 115.588 ] } },
{ "type": "Feature", "properties": { "filename": "IMG_1436", "description": "Genghis Kahn - grilled lamb.  Apparently named so because the grill looks like a mongol hat" }, "geometry": { "type": "Point", "coordinates": [ 142.358597222222215, 43.768866666666668, 117.59 ] } },
{ "type": "Feature", "properties": { "filename": "IMG_1438", "description": "There always seem to be far more of these girlie bars in small Japanese cities than the local economy should reasonably be able to support" }, "geometry": { "type": "Point", "coordinates": [ 142.35862777777777, 43.769475, 110.648 ] } },
{ "type": "Feature", "properties": { "filename": "IMG_1441", "description": null }, "geometry": { "type": "Point", "coordinates": [ 142.358322222222228, 43.768280555555556, 112.742 ] } },
{ "type": "Feature", "properties": { "filename": "IMG_1459", "description": null }, "geometry": { "type": "Point", "coordinates": [ 142.343216666666677, 43.763141666666669, 97.5456 ] } },
{ "type": "Feature", "properties": { "filename": "IMG_1466", "description": "Kamikawa Shrine mid-blizzard" }, "geometry": { "type": "Point", "coordinates": [ 142.364547222222228, 43.753280555555556, 152.258 ] } },
{ "type": "Feature", "properties": { "filename": "IMG_1468", "description": "Cafe I stopped off in to warm up after trudging through now for 2 hours" }, "geometry": { "type": "Point", "coordinates": [ 142.359497222222217, 43.754475, 122.235 ] } },
{ "type": "Feature", "properties": { "filename": "IMG_1488", "description": "Scallop-on-a-stick" }, "geometry": { "type": "Point", "coordinates": [ 142.356369444444425, 43.777052777777776, 98.792 ] } },
{ "type": "Feature", "properties": { "filename": "IMG_1537", "description": "Please do not stub your massive novelty-sized cigarette in this childs face." }, "geometry": { "type": "Point", "coordinates": [ 141.355591666666669, 43.061036111111108, 14.0224 ] } },
{ "type": "Feature", "properties": { "filename": "IMG_1546", "description": "Sapporo's tram system." }, "geometry": { "type": "Point", "coordinates": [ 141.344222222222243, 43.057925, 24.0814 ] } },
{ "type": "Feature", "properties": { "filename": "IMG_1551", "description": null }, "geometry": { "type": "Point", "coordinates": [ 141.301605555555568, 43.075558333333333, 29.2917 ] } },
{ "type": "Feature", "properties": { "filename": "IMG_1558", "description": "Otaru - once Hokkaido's main port,  now a popular tourist destination" }, "geometry": { "type": "Point", "coordinates": [ 140.996216666666641, 43.193588888888883, 26.335 ] } },
{ "type": "Feature", "properties": { "filename": "IMG_1582", "description": "I think it's closed" }, "geometry": { "type": "Point", "coordinates": [ 141.005325, 43.188725, 10.6374 ] } },
{ "type": "Feature", "properties": { "filename": "IMG_1591", "description": null }, "geometry": { "type": "Point", "coordinates": [ 140.99969444444443, 43.193066666666667, 16.5209 ] } },
{ "type": "Feature", "properties": { "filename": "IMG_1604-1", "description": null }, "geometry": { "type": "Point", "coordinates": [ 141.008133333333348, 43.186469444444441, -0.767937 ] } },
{ "type": "Feature", "properties": { "filename": "IMG_1604", "description": null }, "geometry": { "type": "Point", "coordinates": [ 141.008133333333348, 43.186469444444441, -0.767937 ] } },
{ "type": "Feature", "properties": { "filename": "IMG_1628", "description": "My ferry to niigata. The waves were 5m high!" }, "geometry": { "type": "Point", "coordinates": [ 141.01689166666668, 43.190463888888885, 1.73609 ] } },
{ "type": "Feature", "properties": { "filename": "IMG_1641", "description": "Leaving port" }, "geometry": { "type": "Point", "coordinates": [ 141.023575, 43.198947222222216, -10.5593 ] } },
{ "type": "Feature", "properties": { "filename": "IMG_1647", "description": "There was no wifi - just this TV playing Colombo poorly dubbed into Japanese" }, "geometry": { "type": "Point", "coordinates": [ 141.043078426102596, 43.289638897670883, 1.32406 ] } },
{ "type": "Feature", "properties": { "filename": "IMG_1648", "description": "The public bath on the boat.  It had an open-air section!" }, "geometry": { "type": "Point", "coordinates": [ 141.016920753241436, 43.304909677597834, 1.61996 ] } },
{ "type": "Feature", "properties": { "filename": "IMG_1649", "description": "The gym" }, "geometry": { "type": "Point", "coordinates": [ 140.992599279554298, 43.31226756543483, 5.28885 ] } },
{ "type": "Feature", "properties": { "filename": "IMG_1651", "description": "The arcade room" }, "geometry": { "type": "Point", "coordinates": [ 140.962960330691828, 43.318837269226641, 1.53963 ] } },
{ "type": "Feature", "properties": { "filename": "IMG_1653", "description": "The ship's karaoke room" }, "geometry": { "type": "Point", "coordinates": [ 141.046022430232313, 43.229918548768701, 1.53902 ] } },
{ "type": "Feature", "properties": { "filename": "IMG_1655", "description": "The smoking room" }, "geometry": { "type": "Point", "coordinates": [ 141.045124311438485, 43.260008302390816, 1.53902 ] } },
{ "type": "Feature", "properties": { "filename": "IMG_1671", "description": "Breakfast with a view" }, "geometry": { "type": "Point", "coordinates": [ 139.178177777777762, 38.787830555555551, 31.2248 ] } },
{ "type": "Feature", "properties": { "filename": "IMG_1676", "description": "My tiny cabin.  No door just a pull-down blind" }, "geometry": { "type": "Point", "coordinates": [ 139.169738888888872, 38.685447222222216, 0.0 ] } },
{ "type": "Feature", "properties": { "filename": "IMG_1699", "description": "Dango" }, "geometry": { "type": "Point", "coordinates": [ 139.044922222222226, 37.922730555555553, 9.10746 ] } },
{ "type": "Feature", "properties": { "filename": "IMG_1706", "description": "Izakaya by Niigata station" }, "geometry": { "type": "Point", "coordinates": [ 139.059508333333355, 37.913605555555556, 13.0315 ] } },
{ "type": "Feature", "properties": { "filename": "IMG_1708", "description": "I ended up chatting with the locals in this Izakaya. They were bemused as to why I was \"sightseeing\" in Niigata." }, "geometry": { "type": "Point", "coordinates": [ 139.059202777777784, 37.913605555555556, -2.12867 ] } },
{ "type": "Feature", "properties": { "filename": "IMG_1713", "description": null }, "geometry": { "type": "Point", "coordinates": [ 139.061813888888906, 37.911983333333332, 5.55963 ] } },
{ "type": "Feature", "properties": { "filename": "IMG_1763", "description": "???" }, "geometry": { "type": "Point", "coordinates": [ 139.773558333333341, 35.711413888888892, 16.1885 ] } },
{ "type": "Feature", "properties": { "filename": "IMG_1770", "description": null }, "geometry": { "type": "Point", "coordinates": [ 139.774733333333359, 35.711963888888889, 12.8251 ] } },
{ "type": "Feature", "properties": { "filename": "IMG_1776", "description": "They really know how to do drain covers here" }, "geometry": { "type": "Point", "coordinates": [ 139.775375, 35.717777777777776, 18.963 ] } },
{ "type": "Feature", "properties": { "filename": "IMG_1787", "description": null }, "geometry": { "type": "Point", "coordinates": [ 139.702225, 35.69423611111111, 33.4253 ] } },
{ "type": "Feature", "properties": { "filename": "IMG_1812", "description": null }, "geometry": { "type": "Point", "coordinates": [ 139.672347222222214, 35.643080555555557, 37.4535 ] } },
{ "type": "Feature", "properties": { "filename": "IMG_1829", "description": "Big naan" }, "geometry": { "type": "Point", "coordinates": [ 139.738022222222213, 35.702063888888894, 20.8832 ] } },
{ "type": "Feature", "properties": { "filename": "IMG_1858", "description": null }, "geometry": { "type": "Point", "coordinates": [ 139.741852777777751, 35.700791666666667, 16.7922 ] } },
{ "type": "Feature", "properties": { "filename": "IMG_1873", "description": null }, "geometry": { "type": "Point", "coordinates": [ 139.733597222222215, 35.704186111111113, 24.2787 ] } },
{ "type": "Feature", "properties": { "filename": "IMG_1884", "description": "Waseda University" }, "geometry": { "type": "Point", "coordinates": [ 139.721222222222224, 35.708977777777783, 27.6933 ] } },
{ "type": "Feature", "properties": { "filename": "IMG_1888", "description": null }, "geometry": { "type": "Point", "coordinates": [ 139.717605555555565, 35.7072, 24.3438 ] } },
{ "type": "Feature", "properties": { "filename": "IMG_1890", "description": null }, "geometry": { "type": "Point", "coordinates": [ 139.720658333333347, 35.708019444444446, 27.2034 ] } },
{ "type": "Feature", "properties": { "filename": "IMG_1971", "description": "Mediocre bibimbap" }, "geometry": { "type": "Point", "coordinates": [ 139.758286111111119, 35.690916666666666, 9.85999 ] } },
{ "type": "Feature", "properties": { "filename": "IMG_1983", "description": "?" }, "geometry": { "type": "Point", "coordinates": [ 139.73465, 35.702583333333337, 29.1945 ] } },
{ "type": "Feature", "properties": { "filename": "IMG_2007", "description": "This shinkansen had broken down and there were literally 5 news helicopers circling overhead and a crowd of people taking photos" }, "geometry": { "type": "Point", "coordinates": [ 139.770369444444469, 35.728591666666667, 14.2376 ] } },
{ "type": "Feature", "properties": { "filename": "IMG_2039", "description": null }, "geometry": { "type": "Point", "coordinates": [ 139.807341666666673, 35.68033611111111, 13.6703 ] } },
{ "type": "Feature", "properties": { "filename": "IMG_2058", "description": null }, "geometry": { "type": "Point", "coordinates": [ 139.667816666666653, 35.713783333333339, 44.3288 ] } },
{ "type": "Feature", "properties": { "filename": "IMG_2125", "description": null }, "geometry": { "type": "Point", "coordinates": [ 139.712922222222204, 35.60606111111111, 27.6612 ] } },
{ "type": "Feature", "properties": { "filename": "IMG_2164", "description": null }, "geometry": { "type": "Point", "coordinates": [ 139.706755555555532, 35.721802777777782, 33.4776 ] } },
{ "type": "Feature", "properties": { "filename": "IMG_2166", "description": null }, "geometry": { "type": "Point", "coordinates": [ 139.697952777777772, 35.661, 22.7319 ] } },
{ "type": "Feature", "properties": { "filename": "IMG_2177", "description": "Avant-garde ramen" }, "geometry": { "type": "Point", "coordinates": [ 139.740525, 35.701297222222223, 24.7232 ] } },
{ "type": "Feature", "properties": { "filename": "IMG_2204", "description": null }, "geometry": { "type": "Point", "coordinates": [ 135.17112777777777, 34.227897222222225, 30.4964 ] } },
{ "type": "Feature", "properties": { "filename": "IMG_2217", "description": null }, "geometry": { "type": "Point", "coordinates": [ 135.179444444444442, 34.032219444444443, 7.96637 ] } },
{ "type": "Feature", "properties": { "filename": "IMG_2229", "description": null }, "geometry": { "type": "Point", "coordinates": [ 135.191025, 34.232266666666668, 10.4176 ] } },
{ "type": "Feature", "properties": { "filename": "IMG_2240", "description": null }, "geometry": { "type": "Point", "coordinates": [ 135.943863888888899, 33.626725, 9.82516 ] } },
{ "type": "Feature", "properties": { "filename": "IMG_2250", "description": null }, "geometry": { "type": "Point", "coordinates": [ 135.941513888888892, 33.629672222222226, 18.0573 ] } },
{ "type": "Feature", "properties": { "filename": "IMG_2269-1", "description": null }, "geometry": { "type": "Point", "coordinates": [ 135.926177777777781, 33.610633333333332, 11.9475 ] } },
{ "type": "Feature", "properties": { "filename": "IMG_2269", "description": null }, "geometry": { "type": "Point", "coordinates": [ 135.926177777777781, 33.610633333333332, 11.9475 ] } },
{ "type": "Feature", "properties": { "filename": "IMG_2298", "description": null }, "geometry": { "type": "Point", "coordinates": [ 134.5513, 34.073186111111113, 12.4483 ] } },
{ "type": "Feature", "properties": { "filename": "IMG_2314", "description": null }, "geometry": { "type": "Point", "coordinates": [ 134.314758333333344, 34.058380555555551, 22.9073 ] } },
{ "type": "Feature", "properties": { "filename": "IMG_2321", "description": null }, "geometry": { "type": "Point", "coordinates": [ 133.80465833333335, 34.026886111111111, 136.599 ] } },
{ "type": "Feature", "properties": { "filename": "IMG_2342", "description": null }, "geometry": { "type": "Point", "coordinates": [ 133.812605555555564, 33.889827777777775, 391.153 ] } },
{ "type": "Feature", "properties": { "filename": "IMG_2420", "description": null }, "geometry": { "type": "Point", "coordinates": [ 133.834883333333352, 33.875161111111112, 379.004 ] } },
{ "type": "Feature", "properties": { "filename": "IMG_2443", "description": null }, "geometry": { "type": "Point", "coordinates": [ 133.756819444444432, 33.909847222222218, 193.173 ] } },
{ "type": "Feature", "properties": { "filename": "IMG_2452", "description": null }, "geometry": { "type": "Point", "coordinates": [ 134.052077777777782, 34.33895, 12.4926 ] } },
{ "type": "Feature", "properties": { "filename": "IMG_2461-1", "description": null }, "geometry": { "type": "Point", "coordinates": [ 134.048813888888901, 34.351433333333333, 17.8601 ] } },
{ "type": "Feature", "properties": { "filename": "IMG_2461", "description": null }, "geometry": { "type": "Point", "coordinates": [ 134.048813888888901, 34.351433333333333, 17.8601 ] } },
{ "type": "Feature", "properties": { "filename": "IMG_2462", "description": null }, "geometry": { "type": "Point", "coordinates": [ 134.04731666666666, 34.35017777777778, 8.58695 ] } },
{ "type": "Feature", "properties": { "filename": "IMG_2463", "description": null }, "geometry": { "type": "Point", "coordinates": [ 134.0493, 34.340186111111116, 14.1596 ] } },
{ "type": "Feature", "properties": { "filename": "IMG_2469", "description": null }, "geometry": { "type": "Point", "coordinates": [ 134.124130555555553, 34.34715, 10.9662 ] } },
{ "type": "Feature", "properties": { "filename": "IMG_2492", "description": null }, "geometry": { "type": "Point", "coordinates": [ 134.043366666666657, 34.327847222222225, 18.7974 ] } },
{ "type": "Feature", "properties": { "filename": "IMG_2499", "description": null }, "geometry": { "type": "Point", "coordinates": [ 134.043913888888881, 34.327197222222225, 3.02389 ] } },
{ "type": "Feature", "properties": { "filename": "IMG_2509", "description": null }, "geometry": { "type": "Point", "coordinates": [ 134.044388888888875, 34.327308333333335, 26.4659 ] } },
{ "type": "Feature", "properties": { "filename": "IMG_2527", "description": null }, "geometry": { "type": "Point", "coordinates": [ 134.05165, 34.34395555555556, -3.93237 ] } },
{ "type": "Feature", "properties": { "filename": "IMG_2528", "description": null }, "geometry": { "type": "Point", "coordinates": [ 134.045783527777786, 34.3466535, 0.0 ] } },
{ "type": "Feature", "properties": { "filename": "IMG_2531", "description": null }, "geometry": { "type": "Point", "coordinates": [ 134.052138888888891, 34.33925277777778, 8.50741 ] } },
{ "type": "Feature", "properties": { "filename": "IMG_2547-1", "description": null }, "geometry": { "type": "Point", "coordinates": [ 133.819702777777763, 34.18888611111111, 71.3917 ] } },
{ "type": "Feature", "properties": { "filename": "IMG_2547", "description": null }, "geometry": { "type": "Point", "coordinates": [ 133.819702777777763, 34.18888611111111, 71.3917 ] } },
{ "type": "Feature", "properties": { "filename": "IMG_2559", "description": null }, "geometry": { "type": "Point", "coordinates": [ 134.046677777777774, 34.350902777777776, 6.01931 ] } },
{ "type": "Feature", "properties": { "filename": "IMG_2565-1", "description": null }, "geometry": { "type": "Point", "coordinates": [ 133.920258333333322, 34.293213888888886, 41.7853 ] } },
{ "type": "Feature", "properties": { "filename": "IMG_2565", "description": null }, "geometry": { "type": "Point", "coordinates": [ 133.920258333333322, 34.293213888888886, 41.7853 ] } },
{ "type": "Feature", "properties": { "filename": "IMG_2569", "description": null }, "geometry": { "type": "Point", "coordinates": [ 135.498427777777778, 34.733269444444446, 8.96635 ] } },
{ "type": "Feature", "properties": { "filename": "IMG_2574", "description": null }, "geometry": { "type": "Point", "coordinates": [ 139.720488888888895, 35.613633333333333, -7.5442 ] } },
{ "type": "Feature", "properties": { "filename": "IMG_2596", "description": null }, "geometry": { "type": "Point", "coordinates": [ 141.596925, 42.639880555555557, 9.52 ] } },
{ "type": "Feature", "properties": { "filename": "IMG_2597", "description": null }, "geometry": { "type": "Point", "coordinates": [ 141.180327777777762, 42.452258333333333, -15.3313 ] } },
{ "type": "Feature", "properties": { "filename": "IMG_2623", "description": "No horseplay!" }, "geometry": { "type": "Point", "coordinates": [ 141.350525, 43.068633333333338, 22.1654 ] } },
{ "type": "Feature", "properties": { "filename": "IMG_2678", "description": "My grandad on the left!" }, "geometry": { "type": "Point", "coordinates": [ 142.357269444444427, 43.755672222222223, 115.799 ] } },
{ "type": "Feature", "properties": { "filename": "IMG_2696", "description": "Sapporo ramen - Miso,  butter and sweetcorn" }, "geometry": { "type": "Point", "coordinates": [ 141.351533333333322, 43.06251944444444, 19.7363 ] } },
{ "type": "Feature", "properties": { "filename": "IMG_2706", "description": null }, "geometry": { "type": "Point", "coordinates": [ 139.6586, 35.671525, 51.6278 ] } },
{ "type": "Feature", "properties": { "filename": "IMG_2735", "description": null }, "geometry": { "type": "Point", "coordinates": [ 139.649247222222215, 35.677233333333334, 39.0091 ] } },
{ "type": "Feature", "properties": { "filename": "IMG_2794", "description": null }, "geometry": { "type": "Point", "coordinates": [ 139.655563888888906, 35.67370555555555, 50.9442 ] } },
{ "type": "Feature", "properties": { "filename": "IMG_2856", "description": null }, "geometry": { "type": "Point", "coordinates": [ 139.667022222222215, 35.673786111111106, 30.6861 ] } },
{ "type": "Feature", "properties": { "filename": "IMG_2928-1", "description": null }, "geometry": { "type": "Point", "coordinates": [ 139.185180555555547, 35.800908333333332, 208.387 ] } },
{ "type": "Feature", "properties": { "filename": "IMG_2928", "description": null }, "geometry": { "type": "Point", "coordinates": [ 139.185180555555547, 35.800908333333332, 208.387 ] } },
{ "type": "Feature", "properties": { "filename": "IMG_2931", "description": null }, "geometry": { "type": "Point", "coordinates": [ 139.65825, 35.67187222222222, 52.0944 ] } },
{ "type": "Feature", "properties": { "filename": "IMG_2932", "description": null }, "geometry": { "type": "Point", "coordinates": [ 139.654987148626532, 35.674441450933536, 53.3212 ] } },
{ "type": "Feature", "properties": { "filename": "IMG_3024", "description": null }, "geometry": { "type": "Point", "coordinates": [ 139.655005336610287, 35.674411034714375, 46.3557 ] } },
{ "type": "Feature", "properties": { "filename": "IMG_3026", "description": null }, "geometry": { "type": "Point", "coordinates": [ 139.65336666666667, 35.654786111111108, 43.4203 ] } },
{ "type": "Feature", "properties": { "filename": "IMG_3034 (1)", "description": null }, "geometry": { "type": "Point", "coordinates": [ 139.645019444444443, 35.650566666666663, 30.8125 ] } },
{ "type": "Feature", "properties": { "filename": "IMG_3035", "description": null }, "geometry": { "type": "Point", "coordinates": [ 139.645202777777769, 35.650936111111108, 51.224 ] } },
{ "type": "Feature", "properties": { "filename": "IMG_3047", "description": null }, "geometry": { "type": "Point", "coordinates": [ 139.6686861111111, 35.661808333333333, 48.505 ] } },
{ "type": "Feature", "properties": { "filename": "IMG_3052", "description": null }, "geometry": { "type": "Point", "coordinates": [ 139.709913888888877, 35.73010277777778, 37.5299 ] } },
{ "type": "Feature", "properties": { "filename": "IMG_3082", "description": "Tokyo Tower" }, "geometry": { "type": "Point", "coordinates": [ 139.746977777777772, 35.658419444444441, 4.95421 ] } },
{ "type": "Feature", "properties": { "filename": "IMG_3085", "description": "Octoberfest (held in May for some reason)" }, "geometry": { "type": "Point", "coordinates": [ 139.75055, 35.660630555555556, 18.7829 ] } },
{ "type": "Feature", "properties": { "filename": "IMG_3120-1", "description": "Introducing my housemates to European culture" }, "geometry": { "type": "Point", "coordinates": [ 139.749578361111105, 35.660150194444441, 0.0 ] } },
{ "type": "Feature", "properties": { "filename": "IMG_3130", "description": null }, "geometry": { "type": "Point", "coordinates": [ 139.75615, 35.66605, 9.2769 ] } },
{ "type": "Feature", "properties": { "filename": "IMG_3141", "description": null }, "geometry": { "type": "Point", "coordinates": [ 139.667480555555557, 35.659277777777774, 37.1168 ] } },
{ "type": "Feature", "properties": { "filename": "IMG_3163", "description": null }, "geometry": { "type": "Point", "coordinates": [ 139.7399, 35.702152777777783, 21.254 ] } },
{ "type": "Feature", "properties": { "filename": "IMG_3194", "description": null }, "geometry": { "type": "Point", "coordinates": [ 137.213286111111103, 36.700011111111117, -1.96806 ] } },
{ "type": "Feature", "properties": { "filename": "IMG_3267", "description": null }, "geometry": { "type": "Point", "coordinates": [ 137.210952777777777, 36.696575, 11.6918 ] } },
{ "type": "Feature", "properties": { "filename": "IMG_3272", "description": null }, "geometry": { "type": "Point", "coordinates": [ 137.211838888888877, 36.697777777777773, 1.54898 ] } },
{ "type": "Feature", "properties": { "filename": "IMG_3280", "description": null }, "geometry": { "type": "Point", "coordinates": [ 137.01535, 36.747841666666666, 13.8873 ] } },
{ "type": "Feature", "properties": { "filename": "IMG_3286", "description": null }, "geometry": { "type": "Point", "coordinates": [ 137.212294444444439, 36.701233333333334, 15.8457 ] } },
{ "type": "Feature", "properties": { "filename": "IMG_3352-1", "description": null }, "geometry": { "type": "Point", "coordinates": [ 136.660491666666672, 36.56585, 43.7508 ] } },
{ "type": "Feature", "properties": { "filename": "IMG_3352", "description": null }, "geometry": { "type": "Point", "coordinates": [ 136.660491666666672, 36.56585, 43.7508 ] } },
{ "type": "Feature", "properties": { "filename": "IMG_3354", "description": null }, "geometry": { "type": "Point", "coordinates": [ 136.659941666666668, 36.566008333333329, 45.0105 ] } },
{ "type": "Feature", "properties": { "filename": "IMG_3357", "description": null }, "geometry": { "type": "Point", "coordinates": [ 136.659927777777796, 36.564963888888883, 48.527 ] } },
{ "type": "Feature", "properties": { "filename": "IMG_3358", "description": null }, "geometry": { "type": "Point", "coordinates": [ 136.659836111111105, 36.56575, 47.7597 ] } },
{ "type": "Feature", "properties": { "filename": "IMG_3361", "description": null }, "geometry": { "type": "Point", "coordinates": [ 136.660155555555548, 36.564969444444444, 47.4907 ] } },
{ "type": "Feature", "properties": { "filename": "IMG_3374", "description": null }, "geometry": { "type": "Point", "coordinates": [ 136.661072222222231, 36.562588888888889, 35.2961 ] } },
{ "type": "Feature", "properties": { "filename": "IMG_3377", "description": null }, "geometry": { "type": "Point", "coordinates": [ 136.662902777777788, 36.563361111111107, 51.7045 ] } },
{ "type": "Feature", "properties": { "filename": "IMG_3382", "description": null }, "geometry": { "type": "Point", "coordinates": [ 136.223647222222212, 36.061491666666662, 12.0779 ] } },
{ "type": "Feature", "properties": { "filename": "IMG_3385", "description": null }, "geometry": { "type": "Point", "coordinates": [ 136.353608333333341, 36.05502222222222, 173.957 ] } },
{ "type": "Feature", "properties": { "filename": "IMG_3387", "description": null }, "geometry": { "type": "Point", "coordinates": [ 136.355072222222219, 36.055, 201.842 ] } },
{ "type": "Feature", "properties": { "filename": "IMG_3388", "description": null }, "geometry": { "type": "Point", "coordinates": [ 136.355452777777771, 36.054955555555551, 174.138 ] } },
{ "type": "Feature", "properties": { "filename": "IMG_3389", "description": null }, "geometry": { "type": "Point", "coordinates": [ 136.356033333333329, 36.055488888888888, 203.398 ] } },
{ "type": "Feature", "properties": { "filename": "IMG_3390", "description": null }, "geometry": { "type": "Point", "coordinates": [ 136.356019444444428, 36.055477777777774, 203.398 ] } },
{ "type": "Feature", "properties": { "filename": "IMG_3400", "description": null }, "geometry": { "type": "Point", "coordinates": [ 136.356552777777779, 36.05629444444444, 244.0 ] } },
{ "type": "Feature", "properties": { "filename": "IMG_3412", "description": null }, "geometry": { "type": "Point", "coordinates": [ 136.350752777777785, 36.056855555555551, 182.279 ] } },
{ "type": "Feature", "properties": { "filename": "IMG_3449", "description": null }, "geometry": { "type": "Point", "coordinates": [ 139.637497222222208, 35.669955555555553, 41.8108 ] } },
{ "type": "Feature", "properties": { "filename": "IMG_3453", "description": null }, "geometry": { "type": "Point", "coordinates": [ 139.632019444444438, 35.670758333333332, 48.194 ] } },
{ "type": "Feature", "properties": { "filename": "IMG_3460", "description": null }, "geometry": { "type": "Point", "coordinates": [ 139.629469444444453, 35.670186111111107, 47.5008 ] } },
{ "type": "Feature", "properties": { "filename": "IMG_3465", "description": null }, "geometry": { "type": "Point", "coordinates": [ 139.630463888888897, 35.669572222222222, 38.4867 ] } },
{ "type": "Feature", "properties": { "filename": "IMG_3583", "description": null }, "geometry": { "type": "Point", "coordinates": [ 139.654971101626359, 35.674455568147714, 55.4066 ] } },
{ "type": "Feature", "properties": { "filename": "IMG_3612", "description": null }, "geometry": { "type": "Point", "coordinates": [ 139.655003127694272, 35.674483357247368, 46.6819 ] } },
{ "type": "Feature", "properties": { "filename": "IMG_3643", "description": null }, "geometry": { "type": "Point", "coordinates": [ 139.695008333333334, 35.6585, 31.1275 ] } },
{ "type": "Feature", "properties": { "filename": "IMG_3660", "description": null }, "geometry": { "type": "Point", "coordinates": [ 139.694152777777788, 35.656780555555557, 31.3837 ] } },
{ "type": "Feature", "properties": { "filename": "IMG_3706", "description": null }, "geometry": { "type": "Point", "coordinates": [ 139.689972222222224, 35.670375, 29.0117 ] } },
{ "type": "Feature", "properties": { "filename": "IMG_3711", "description": null }, "geometry": { "type": "Point", "coordinates": [ 139.649033333333335, 35.703247222222224, 43.8367 ] } },
{ "type": "Feature", "properties": { "filename": "IMG_3716", "description": null }, "geometry": { "type": "Point", "coordinates": [ 139.649811111111092, 35.708425, 48.5107 ] } },
{ "type": "Feature", "properties": { "filename": "IMG_3755", "description": null }, "geometry": { "type": "Point", "coordinates": [ 139.833358333333337, 35.159316666666662, 278.475 ] } },
{ "type": "Feature", "properties": { "filename": "IMG_3771", "description": null }, "geometry": { "type": "Point", "coordinates": [ 139.714827777777771, 35.220497222222221, 5.093 ] } },
{ "type": "Feature", "properties": { "filename": "IMG_3780", "description": null }, "geometry": { "type": "Point", "coordinates": [ 139.662688888888908, 35.280147222222219, 5.23195 ] } },
{ "type": "Feature", "properties": { "filename": "P1270246", "description": null }, "geometry": { "type": "Point", "coordinates": [ 139.641686111111113, 35.631058333333335, 0.0 ] } },
{ "type": "Feature", "properties": { "filename": "P2050552", "description": null }, "geometry": { "type": "Point", "coordinates": [ 142.360949083333338, 43.770075972222223, 0.0 ] } },
{ "type": "Feature", "properties": { "filename": "P2050559", "description": null }, "geometry": { "type": "Point", "coordinates": [ 142.360810138888894, 43.769822833333329, 0.0 ] } },
{ "type": "Feature", "properties": { "filename": "P2050661", "description": "Bridge over the Ishikari river" }, "geometry": { "type": "Point", "coordinates": [ 142.360458083333327, 43.777813, 0.0 ] } },
{ "type": "Feature", "properties": { "filename": "P2050663", "description": "Preparations for the snow festival" }, "geometry": { "type": "Point", "coordinates": [ 142.360533583333336, 43.777687833333331, 0.0 ] } },
{ "type": "Feature", "properties": { "filename": "P2060688", "description": null }, "geometry": { "type": "Point", "coordinates": [ 142.339191245270399, 43.765907585895739, 0.0 ] } },
{ "type": "Feature", "properties": { "filename": "P2060725", "description": null }, "geometry": { "type": "Point", "coordinates": [ 142.363411694444437, 43.753359916666668, 0.0 ] } },
{ "type": "Feature", "properties": { "filename": "P2060740", "description": null }, "geometry": { "type": "Point", "coordinates": [ 142.3642405, 43.752963916666666, 0.0 ] } },
{ "type": "Feature", "properties": { "filename": "P2060748", "description": null }, "geometry": { "type": "Point", "coordinates": [ 142.364320194444446, 43.752931472222222, 0.0 ] } },
{ "type": "Feature", "properties": { "filename": "P2060771", "description": null }, "geometry": { "type": "Point", "coordinates": [ 142.358616694444436, 43.777696555555558, 0.0 ] } },
{ "type": "Feature", "properties": { "filename": "P2060779", "description": null }, "geometry": { "type": "Point", "coordinates": [ 142.357920444444431, 43.777377916666666, 0.0 ] } },
{ "type": "Feature", "properties": { "filename": "P2060788", "description": "CRAZY POTATO!" }, "geometry": { "type": "Point", "coordinates": [ 142.357809333333336, 43.777497833333335, 0.0 ] } },
{ "type": "Feature", "properties": { "filename": "P2060816", "description": null }, "geometry": { "type": "Point", "coordinates": [ 142.358496166666669, 43.7627785, 0.0 ] } },
{ "type": "Feature", "properties": { "filename": "P2060821", "description": null }, "geometry": { "type": "Point", "coordinates": [ 142.197635222222232, 43.729803777777782, 0.0 ] } },
{ "type": "Feature", "properties": { "filename": "P2060825", "description": "I like this shot from the train, even if it is a little blurry" }, "geometry": { "type": "Point", "coordinates": [ 142.088348565061324, 43.731879641382221, 0.0 ] } },
{ "type": "Feature", "properties": { "filename": "P2070845", "description": "View from the ski-jump of Sapporo city" }, "geometry": { "type": "Point", "coordinates": [ 141.2858717, 43.050726672222218, 0.0 ] } },
{ "type": "Feature", "properties": { "filename": "P2070872", "description": "Caught mid-flight" }, "geometry": { "type": "Point", "coordinates": [ 141.285930724999986, 43.050685152777774, 0.0 ] } },
{ "type": "Feature", "properties": { "filename": "P2070911", "description": null }, "geometry": { "type": "Point", "coordinates": [ 141.346573111111127, 43.059756638888885, 0.0 ] } },
{ "type": "Feature", "properties": { "filename": "P2070924", "description": null }, "geometry": { "type": "Point", "coordinates": [ 141.348240583333336, 43.060205944444441, 0.0 ] } },
{ "type": "Feature", "properties": { "filename": "P2070937", "description": null }, "geometry": { "type": "Point", "coordinates": [ 141.344931555555576, 43.059404833333332, 0.0 ] } },
{ "type": "Feature", "properties": { "filename": "P2070949", "description": null }, "geometry": { "type": "Point", "coordinates": [ 141.35132456388888, 43.060350333333332, 0.0 ] } },
{ "type": "Feature", "properties": { "filename": "P2070957", "description": "The mongolian entry to the ice sculpture competition" }, "geometry": { "type": "Point", "coordinates": [ 141.352718619444431, 43.060623472222218, 0.0 ] } },
{ "type": "Feature", "properties": { "filename": "P2071049", "description": "Overdid the saturation on this one" }, "geometry": { "type": "Point", "coordinates": [ 141.353986138888871, 43.044956388888885, 0.0 ] } },
{ "type": "Feature", "properties": { "filename": "P2071064", "description": null }, "geometry": { "type": "Point", "coordinates": [ 141.35502080555554, 43.047025833333329, 0.0 ] } },
{ "type": "Feature", "properties": { "filename": "P2081133", "description": null }, "geometry": { "type": "Point", "coordinates": [ 141.001213763888899, 43.200151229166671, 0.0 ] } },
{ "type": "Feature", "properties": { "filename": "P2081143", "description": null }, "geometry": { "type": "Point", "coordinates": [ 141.002198044444441, 43.198657583333329, 0.0 ] } },
{ "type": "Feature", "properties": { "filename": "P2081151", "description": null }, "geometry": { "type": "Point", "coordinates": [ 141.002834472222219, 43.197943111111108, 0.0 ] } },
{ "type": "Feature", "properties": { "filename": "P2081167", "description": null }, "geometry": { "type": "Point", "coordinates": [ 141.004872277777764, 43.199856277777776, 0.0 ] } },
{ "type": "Feature", "properties": { "filename": "P2081177", "description": "I like this shot of the birds" }, "geometry": { "type": "Point", "coordinates": [ 141.00537955555555, 43.19995925, 0.0 ] } },
{ "type": "Feature", "properties": { "filename": "P2081187", "description": null }, "geometry": { "type": "Point", "coordinates": [ 141.0055855, 43.198853277777772, 0.0 ] } },
{ "type": "Feature", "properties": { "filename": "P2081196", "description": null }, "geometry": { "type": "Point", "coordinates": [ 141.01110241666666, 43.187204083333327, 0.0 ] } },
{ "type": "Feature", "properties": { "filename": "P2091220", "description": null }, "geometry": { "type": "Point", "coordinates": [ 139.044185388888877, 37.924561527777776, 0.0 ] } },
{ "type": "Feature", "properties": { "filename": "P2091230-1", "description": null }, "geometry": { "type": "Point", "coordinates": [ 139.04539347222223, 37.924140361111107, 0.0 ] } },
{ "type": "Feature", "properties": { "filename": "P2091240", "description": null }, "geometry": { "type": "Point", "coordinates": [ 139.045333305555545, 37.923820166666665, 0.0 ] } },
{ "type": "Feature", "properties": { "filename": "P2091247", "description": null }, "geometry": { "type": "Point", "coordinates": [ 139.049556055555541, 37.922802138888883, 0.0 ] } },
{ "type": "Feature", "properties": { "filename": "P2091259", "description": null }, "geometry": { "type": "Point", "coordinates": [ 139.045937777777766, 37.922303916666664, 0.0 ] } },
{ "type": "Feature", "properties": { "filename": "P2101289", "description": null }, "geometry": { "type": "Point", "coordinates": [ 138.903831694444449, 37.569417663888892, 0.0 ] } },
{ "type": "Feature", "properties": { "filename": "P2111328", "description": null }, "geometry": { "type": "Point", "coordinates": [ 139.63181043771371, 35.456871264419568, 0.0 ] } },
{ "type": "Feature", "properties": { "filename": "P2111339-2", "description": null }, "geometry": { "type": "Point", "coordinates": [ 139.63077116965809, 35.457750364449645, 0.0 ] } },
{ "type": "Feature", "properties": { "filename": "P2111364", "description": null }, "geometry": { "type": "Point", "coordinates": [ 139.631450691079095, 35.457099184781164, 0.0 ] } },
{ "type": "Feature", "properties": { "filename": "P2111365", "description": null }, "geometry": { "type": "Point", "coordinates": [ 139.630451394871784, 35.458141095125022, 0.0 ] } },
{ "type": "Feature", "properties": { "filename": "P2111371", "description": null }, "geometry": { "type": "Point", "coordinates": [ 139.63077116965809, 35.457424777777781, 0.0 ] } },
{ "type": "Feature", "properties": { "filename": "P2111372", "description": null }, "geometry": { "type": "Point", "coordinates": [ 139.631090944444452, 35.457424777777781, 0.0 ] } },
{ "type": "Feature", "properties": { "filename": "P2111434", "description": null }, "geometry": { "type": "Point", "coordinates": [ 139.633334628180535, 35.45853975, 0.0 ] } },
{ "type": "Feature", "properties": { "filename": "P2151541", "description": null }, "geometry": { "type": "Point", "coordinates": [ 139.724408944444434, 35.711748944444444, 0.0 ] } },
{ "type": "Feature", "properties": { "filename": "P2151550-1", "description": null }, "geometry": { "type": "Point", "coordinates": [ 139.723863833333326, 35.713092305555556, 0.0 ] } },
{ "type": "Feature", "properties": { "filename": "P2151558", "description": null }, "geometry": { "type": "Point", "coordinates": [ 139.724802638888889, 35.714231027777778, 0.0 ] } },
{ "type": "Feature", "properties": { "filename": "P2151572", "description": "St Mary's Cathedral" }, "geometry": { "type": "Point", "coordinates": [ 139.725954361111121, 35.714609916666667, 0.0 ] } },
{ "type": "Feature", "properties": { "filename": "P2271675", "description": null }, "geometry": { "type": "Point", "coordinates": [ 139.260936249999986, 35.62845675, 0.0 ] } },
{ "type": "Feature", "properties": { "filename": "P2271695", "description": "Trail 3" }, "geometry": { "type": "Point", "coordinates": [ 139.250369819444444, 35.622435222222222, 0.0 ] } },
{ "type": "Feature", "properties": { "filename": "P2271710", "description": "Trail 3" }, "geometry": { "type": "Point", "coordinates": [ 139.249188416666641, 35.622527333333331, 0.0 ] } },
{ "type": "Feature", "properties": { "filename": "P2271721", "description": "At the peak of Takaosan" }, "geometry": { "type": "Point", "coordinates": [ 139.243031027777761, 35.624879333333332, 0.0 ] } },
{ "type": "Feature", "properties": { "filename": "P2271728", "description": null }, "geometry": { "type": "Point", "coordinates": [ 139.243213583333329, 35.624921055555554, 0.0 ] } },
{ "type": "Feature", "properties": { "filename": "P2271749", "description": "Yakuōin Yukiji Temple" }, "geometry": { "type": "Point", "coordinates": [ 139.250381816666675, 35.62581075, 0.0 ] } },
{ "type": "Feature", "properties": { "filename": "P2271758", "description": "Yakuōin Yukiji Temple" }, "geometry": { "type": "Point", "coordinates": [ 139.250872513888879, 35.626077305555555, 0.0 ] } },
{ "type": "Feature", "properties": { "filename": "P2271762-1", "description": "Yakuōin Yukiji Temple" }, "geometry": { "type": "Point", "coordinates": [ 139.249545777777769, 35.625641277777781, 0.0 ] } },
{ "type": "Feature", "properties": { "filename": "P2271784", "description": null }, "geometry": { "type": "Point", "coordinates": [ 139.251654680555561, 35.628157305555554, 0.0 ] } },
{ "type": "Feature", "properties": { "filename": "P3011838", "description": null }, "geometry": { "type": "Point", "coordinates": [ 140.318462411111113, 35.785040486111107, 0.0 ] } },
{ "type": "Feature", "properties": { "filename": "P3011845", "description": null }, "geometry": { "type": "Point", "coordinates": [ 140.3186993, 35.785630902777775, 0.0 ] } },
{ "type": "Feature", "properties": { "filename": "P3011847", "description": null }, "geometry": { "type": "Point", "coordinates": [ 140.318757474999984, 35.785652688888888, 0.0 ] } },
{ "type": "Feature", "properties": { "filename": "P3011880", "description": null }, "geometry": { "type": "Point", "coordinates": [ 140.32257669444445, 35.786623805555557, 0.0 ] } },
{ "type": "Feature", "properties": { "filename": "P3011901-1", "description": null }, "geometry": { "type": "Point", "coordinates": [ 140.323008055555562, 35.786858361111108, 0.0 ] } },
{ "type": "Feature", "properties": { "filename": "P3011901", "description": null }, "geometry": { "type": "Point", "coordinates": [ 140.323051722222232, 35.786860694444442, 0.0 ] } },
{ "type": "Feature", "properties": { "filename": "P3011910", "description": null }, "geometry": { "type": "Point", "coordinates": [ 140.322822861111121, 35.786820361111111, 0.0 ] } },
{ "type": "Feature", "properties": { "filename": "P3011915", "description": null }, "geometry": { "type": "Point", "coordinates": [ 140.320046083333324, 35.787260611111108, 0.0 ] } },
{ "type": "Feature", "properties": { "filename": "P3011926", "description": null }, "geometry": { "type": "Point", "coordinates": [ 140.319860194444431, 35.787327222222217, 0.0 ] } },
{ "type": "Feature", "properties": { "filename": "P3011978", "description": null }, "geometry": { "type": "Point", "coordinates": [ 140.223279888888896, 35.71666275, 0.0 ] } },
{ "type": "Feature", "properties": { "filename": "P3011986", "description": null }, "geometry": { "type": "Point", "coordinates": [ 140.222140083333329, 35.716735302222226, 0.0 ] } },
{ "type": "Feature", "properties": { "filename": "P3071989", "description": null }, "geometry": { "type": "Point", "coordinates": [ 139.735405672222214, 35.704272777777781, 0.0 ] } },
{ "type": "Feature", "properties": { "filename": "P3072024", "description": null }, "geometry": { "type": "Point", "coordinates": [ 139.733975202777771, 35.685855375, 0.0 ] } },
{ "type": "Feature", "properties": { "filename": "P3072043", "description": "Random highrise idk" }, "geometry": { "type": "Point", "coordinates": [ 139.735220461111112, 35.680748138888887, 0.0 ] } },
{ "type": "Feature", "properties": { "filename": "P3072056-1", "description": "I reaaally overdid the saturation in some of these early photos" }, "geometry": { "type": "Point", "coordinates": [ 139.739606833333312, 35.674705527777775, 0.0 ] } },
{ "type": "Feature", "properties": { "filename": "P3072066", "description": "The national parliament building" }, "geometry": { "type": "Point", "coordinates": [ 139.744045388888878, 35.675606833333333, 0.0 ] } },
{ "type": "Feature", "properties": { "filename": "P3092070", "description": null }, "geometry": { "type": "Point", "coordinates": [ 139.80884294444445, 35.669456027777777, 0.0 ] } },
{ "type": "Feature", "properties": { "filename": "P3092083", "description": null }, "geometry": { "type": "Point", "coordinates": [ 139.809496250000024, 35.672100277777773, 0.0 ] } },
{ "type": "Feature", "properties": { "filename": "P3092103", "description": null }, "geometry": { "type": "Point", "coordinates": [ 139.808831500000025, 35.67509611111111, 0.0 ] } },
{ "type": "Feature", "properties": { "filename": "P3092146", "description": "Taking a break" }, "geometry": { "type": "Point", "coordinates": [ 139.813309472222244, 35.694438111111111, 0.0 ] } },
{ "type": "Feature", "properties": { "filename": "P3092153", "description": null }, "geometry": { "type": "Point", "coordinates": [ 139.814750361111123, 35.695641805555553, 0.0 ] } },
{ "type": "Feature", "properties": { "filename": "P3092186", "description": null }, "geometry": { "type": "Point", "coordinates": [ 139.814153972222243, 35.697790777777776, 0.0 ] } },
{ "type": "Feature", "properties": { "filename": "P3212387", "description": null }, "geometry": { "type": "Point", "coordinates": [ 135.173859666666658, 34.22960375, 0.0 ] } },
{ "type": "Feature", "properties": { "filename": "P3212415", "description": null }, "geometry": { "type": "Point", "coordinates": [ 135.172506138888878, 34.227573527777778, 0.0 ] } },
{ "type": "Feature", "properties": { "filename": "P3212423", "description": null }, "geometry": { "type": "Point", "coordinates": [ 135.171113, 34.22744475, 0.0 ] } },
{ "type": "Feature", "properties": { "filename": "P3212433", "description": null }, "geometry": { "type": "Point", "coordinates": [ 135.171451166666657, 34.22763975, 0.0 ] } },
{ "type": "Feature", "properties": { "filename": "P3212435", "description": null }, "geometry": { "type": "Point", "coordinates": [ 135.171439305555538, 34.227620527777781, 0.0 ] } },
{ "type": "Feature", "properties": { "filename": "P3212449", "description": null }, "geometry": { "type": "Point", "coordinates": [ 135.172599083333324, 34.233510276388891, 0.0 ] } },
{ "type": "Feature", "properties": { "filename": "P3212450", "description": null }, "geometry": { "type": "Point", "coordinates": [ 135.172606833333333, 34.233905241666669, 0.0 ] } },
{ "type": "Feature", "properties": { "filename": "P3222468", "description": null }, "geometry": { "type": "Point", "coordinates": [ 135.188497722222223, 34.184321025, 0.0 ] } },
{ "type": "Feature", "properties": { "filename": "P3222501-1", "description": null }, "geometry": { "type": "Point", "coordinates": [ 135.189735555555558, 34.185041516666665, 0.0 ] } },
{ "type": "Feature", "properties": { "filename": "P3222501", "description": null }, "geometry": { "type": "Point", "coordinates": [ 135.189776388888902, 34.185054208333327, 0.0 ] } },
{ "type": "Feature", "properties": { "filename": "P3222517", "description": null }, "geometry": { "type": "Point", "coordinates": [ 135.189947555555563, 34.185344183333328, 0.0 ] } },
{ "type": "Feature", "properties": { "filename": "P3222520", "description": null }, "geometry": { "type": "Point", "coordinates": [ 135.189983111111104, 34.184502630555549, 0.0 ] } },
{ "type": "Feature", "properties": { "filename": "P3222524", "description": null }, "geometry": { "type": "Point", "coordinates": [ 135.189978638888903, 34.184452613888887, 0.0 ] } },
{ "type": "Feature", "properties": { "filename": "P3222532", "description": null }, "geometry": { "type": "Point", "coordinates": [ 135.18941144444446, 34.185073788888886, 0.0 ] } },
{ "type": "Feature", "properties": { "filename": "P3222538", "description": null }, "geometry": { "type": "Point", "coordinates": [ 135.189454722222223, 34.184799786111107, 0.0 ] } },
{ "type": "Feature", "properties": { "filename": "P3222540", "description": null }, "geometry": { "type": "Point", "coordinates": [ 135.189703333333341, 34.184839344444441, 0.0 ] } },
{ "type": "Feature", "properties": { "filename": "P3222575", "description": null }, "geometry": { "type": "Point", "coordinates": [ 135.172624638888891, 34.037278166666667, 0.0 ] } },
{ "type": "Feature", "properties": { "filename": "P3222578", "description": null }, "geometry": { "type": "Point", "coordinates": [ 135.178139722222227, 34.034606363888884, 0.0 ] } },
{ "type": "Feature", "properties": { "filename": "P3222581", "description": null }, "geometry": { "type": "Point", "coordinates": [ 135.176566972222219, 34.03622683333333, 0.0 ] } },
{ "type": "Feature", "properties": { "filename": "P3242598", "description": null }, "geometry": { "type": "Point", "coordinates": [ 135.94258111111111, 33.625652305555555, 0.0 ] } },
{ "type": "Feature", "properties": { "filename": "P3242599", "description": null }, "geometry": { "type": "Point", "coordinates": [ 135.941977388888887, 33.62499561111111, 0.0 ] } },
{ "type": "Feature", "properties": { "filename": "P3242605", "description": null }, "geometry": { "type": "Point", "coordinates": [ 135.942482805555557, 33.624973722222222, 0.0 ] } },
{ "type": "Feature", "properties": { "filename": "P3242627", "description": null }, "geometry": { "type": "Point", "coordinates": [ 135.943169166666678, 33.628861972222225, 0.0 ] } },
{ "type": "Feature", "properties": { "filename": "P3242649", "description": null }, "geometry": { "type": "Point", "coordinates": [ 135.950684047222211, 33.624195694444445, 0.0 ] } },
{ "type": "Feature", "properties": { "filename": "P3252675-1", "description": null }, "geometry": { "type": "Point", "coordinates": [ 135.901259480111918, 33.670636123127785, 0.0 ] } },
{ "type": "Feature", "properties": { "filename": "P3252677", "description": null }, "geometry": { "type": "Point", "coordinates": [ 135.896497386235268, 33.670655148867439, 0.0 ] } },
{ "type": "Feature", "properties": { "filename": "P3252683", "description": null }, "geometry": { "type": "Point", "coordinates": [ 135.894078457745024, 33.669358366024554, 0.0 ] } },
{ "type": "Feature", "properties": { "filename": "P3252704", "description": null }, "geometry": { "type": "Point", "coordinates": [ 135.889636638888874, 33.669485972222219, 0.0 ] } },
{ "type": "Feature", "properties": { "filename": "P3252709", "description": null }, "geometry": { "type": "Point", "coordinates": [ 135.889506527777769, 33.66962025, 0.0 ] } },
{ "type": "Feature", "properties": { "filename": "P3252721", "description": null }, "geometry": { "type": "Point", "coordinates": [ 135.889010194444438, 33.670441444444442, 0.0 ] } },
{ "type": "Feature", "properties": { "filename": "P3252726", "description": null }, "geometry": { "type": "Point", "coordinates": [ 135.888861833333323, 33.671117, 0.0 ] } },
{ "type": "Feature", "properties": { "filename": "P3252745", "description": null }, "geometry": { "type": "Point", "coordinates": [ 135.889166194444442, 33.672769777777773, 0.0 ] } },
{ "type": "Feature", "properties": { "filename": "P3262772", "description": null }, "geometry": { "type": "Point", "coordinates": [ 134.550116590555575, 34.069906027777783, 0.0 ] } },
{ "type": "Feature", "properties": { "filename": "P3272786", "description": null }, "geometry": { "type": "Point", "coordinates": [ 133.76728751666667, 33.876685388888887, 0.0 ] } },
{ "type": "Feature", "properties": { "filename": "P3282794-1", "description": null }, "geometry": { "type": "Point", "coordinates": [ 133.813063611111119, 33.890286805555554, 0.0 ] } },
{ "type": "Feature", "properties": { "filename": "P3282807-1", "description": null }, "geometry": { "type": "Point", "coordinates": [ 133.818840213888876, 33.90840225, 0.0 ] } },
{ "type": "Feature", "properties": { "filename": "P3282807", "description": null }, "geometry": { "type": "Point", "coordinates": [ 133.81881684166666, 33.908569194444446, 0.0 ] } },
{ "type": "Feature", "properties": { "filename": "P3282818-1", "description": null }, "geometry": { "type": "Point", "coordinates": [ 133.835309450000011, 33.875144305555558, 0.0 ] } },
{ "type": "Feature", "properties": { "filename": "P3282818", "description": null }, "geometry": { "type": "Point", "coordinates": [ 133.835302280555567, 33.875147722222223, 0.0 ] } },
{ "type": "Feature", "properties": { "filename": "P3282838", "description": null }, "geometry": { "type": "Point", "coordinates": [ 133.835246861111131, 33.875142694444442, 0.0 ] } },
{ "type": "Feature", "properties": { "filename": "P3282842-1", "description": null }, "geometry": { "type": "Point", "coordinates": [ 133.83568126944445, 33.875210166666669, 0.0 ] } },
{ "type": "Feature", "properties": { "filename": "P3282842", "description": null }, "geometry": { "type": "Point", "coordinates": [ 133.835582794444463, 33.875238138888889, 0.0 ] } },
{ "type": "Feature", "properties": { "filename": "P3282857", "description": null }, "geometry": { "type": "Point", "coordinates": [ 133.834516572222242, 33.874189666666666, 0.0 ] } },
{ "type": "Feature", "properties": { "filename": "P3282878-1", "description": null }, "geometry": { "type": "Point", "coordinates": [ 133.83768986111113, 33.876986027777775, 0.0 ] } },
{ "type": "Feature", "properties": { "filename": "P3282878-2", "description": null }, "geometry": { "type": "Point", "coordinates": [ 133.837746777777795, 33.876955527777781, 0.0 ] } },
{ "type": "Feature", "properties": { "filename": "P3282878", "description": null }, "geometry": { "type": "Point", "coordinates": [ 133.837707444444447, 33.876970083333333, 0.0 ] } },
{ "type": "Feature", "properties": { "filename": "P3292911-1", "description": null }, "geometry": { "type": "Point", "coordinates": [ 133.759890694444437, 33.884470986111111, 0.0 ] } },
{ "type": "Feature", "properties": { "filename": "P3292911", "description": null }, "geometry": { "type": "Point", "coordinates": [ 133.759894472222214, 33.884457430555557, 0.0 ] } },
{ "type": "Feature", "properties": { "filename": "P3292912-1", "description": null }, "geometry": { "type": "Point", "coordinates": [ 133.760315277777778, 33.884890511111109, 0.0 ] } },
{ "type": "Feature", "properties": { "filename": "P3292912-2", "description": null }, "geometry": { "type": "Point", "coordinates": [ 133.76030125, 33.884883947222221, 0.0 ] } },
{ "type": "Feature", "properties": { "filename": "P3292912", "description": null }, "geometry": { "type": "Point", "coordinates": [ 133.760291944444447, 33.88488798611111, 0.0 ] } },
{ "type": "Feature", "properties": { "filename": "P3292918-1", "description": null }, "geometry": { "type": "Point", "coordinates": [ 133.760308861111099, 33.885181522222219, 0.0 ] } },
{ "type": "Feature", "properties": { "filename": "P3292918", "description": null }, "geometry": { "type": "Point", "coordinates": [ 133.760299055555549, 33.885219583333331, 0.0 ] } },
{ "type": "Feature", "properties": { "filename": "P3292925", "description": null }, "geometry": { "type": "Point", "coordinates": [ 133.75779325, 33.889894944444443, 0.0 ] } },
{ "type": "Feature", "properties": { "filename": "P3292950", "description": null }, "geometry": { "type": "Point", "coordinates": [ 133.753467805555545, 33.937510055555549, 0.0 ] } },
{ "type": "Feature", "properties": { "filename": "P3292954", "description": null }, "geometry": { "type": "Point", "coordinates": [ 133.75345152777777, 33.93749525, 0.0 ] } },
{ "type": "Feature", "properties": { "filename": "P3292999-1", "description": null }, "geometry": { "type": "Point", "coordinates": [ 133.767688569444459, 33.876465027777776, 0.0 ] } },
{ "type": "Feature", "properties": { "filename": "P3292999", "description": null }, "geometry": { "type": "Point", "coordinates": [ 133.766966269444453, 33.876579416666665, 0.0 ] } },
{ "type": "Feature", "properties": { "filename": "P3293000", "description": null }, "geometry": { "type": "Point", "coordinates": [ 133.767401127777788, 33.87652275, 0.0 ] } },
{ "type": "Feature", "properties": { "filename": "P3313004", "description": null }, "geometry": { "type": "Point", "coordinates": [ 134.04665097222221, 34.352422325, 0.0 ] } },
{ "type": "Feature", "properties": { "filename": "P3313020-1", "description": null }, "geometry": { "type": "Point", "coordinates": [ 134.046630666666658, 34.352416325, 0.0 ] } },
{ "type": "Feature", "properties": { "filename": "P3313020", "description": null }, "geometry": { "type": "Point", "coordinates": [ 134.04662458333334, 34.352424991666666, 0.0 ] } },
{ "type": "Feature", "properties": { "filename": "P3313039", "description": null }, "geometry": { "type": "Point", "coordinates": [ 134.048709666666667, 34.347711583333336, 0.0 ] } },
{ "type": "Feature", "properties": { "filename": "P4013052", "description": null }, "geometry": { "type": "Point", "coordinates": [ 134.136319694444438, 34.356363055555555, 0.0 ] } },
{ "type": "Feature", "properties": { "filename": "P4013075", "description": null }, "geometry": { "type": "Point", "coordinates": [ 134.140221361111116, 34.359558583333332, 0.0 ] } },
{ "type": "Feature", "properties": { "filename": "P4033103", "description": null }, "geometry": { "type": "Point", "coordinates": [ 134.02150983333334, 34.390537111111108, 0.0 ] } },
{ "type": "Feature", "properties": { "filename": "P4033134", "description": null }, "geometry": { "type": "Point", "coordinates": [ 134.003867194444439, 34.4068465, 0.0 ] } },
{ "type": "Feature", "properties": { "filename": "P4033136", "description": null }, "geometry": { "type": "Point", "coordinates": [ 134.001913902777773, 34.407436472222223, 0.0 ] } },
{ "type": "Feature", "properties": { "filename": "P4033150", "description": null }, "geometry": { "type": "Point", "coordinates": [ 133.983405470277773, 34.429429722222217, 0.0 ] } },
{ "type": "Feature", "properties": { "filename": "P4033158", "description": null }, "geometry": { "type": "Point", "coordinates": [ 133.974236694444443, 34.445262527777771, 0.0 ] } },
{ "type": "Feature", "properties": { "filename": "P4033161", "description": null }, "geometry": { "type": "Point", "coordinates": [ 133.976863777777766, 34.450867797222223, 0.0 ] } },
{ "type": "Feature", "properties": { "filename": "P4033165", "description": null }, "geometry": { "type": "Point", "coordinates": [ 133.976947888888901, 34.450845313888891, 0.0 ] } },
{ "type": "Feature", "properties": { "filename": "P4033172", "description": null }, "geometry": { "type": "Point", "coordinates": [ 133.997900249999986, 34.461469472222227, 0.0 ] } },
{ "type": "Feature", "properties": { "filename": "P4033175", "description": null }, "geometry": { "type": "Point", "coordinates": [ 133.99793275, 34.461548138888894, 0.0 ] } },
{ "type": "Feature", "properties": { "filename": "P4033190", "description": null }, "geometry": { "type": "Point", "coordinates": [ 133.994473444444424, 34.459908583333338, 0.0 ] } },
{ "type": "Feature", "properties": { "filename": "P4033198", "description": null }, "geometry": { "type": "Point", "coordinates": [ 133.994499444444443, 34.45991166666667, 0.0 ] } },
{ "type": "Feature", "properties": { "filename": "P4033210", "description": null }, "geometry": { "type": "Point", "coordinates": [ 133.9974641111111, 34.460214388888893, 0.0 ] } },
{ "type": "Feature", "properties": { "filename": "P4033224", "description": null }, "geometry": { "type": "Point", "coordinates": [ 133.998413805555543, 34.459540888888888, 0.0 ] } },
{ "type": "Feature", "properties": { "filename": "P4033245", "description": null }, "geometry": { "type": "Point", "coordinates": [ 133.995595305555554, 34.446312166666665, 0.0 ] } },
{ "type": "Feature", "properties": { "filename": "P4033272", "description": null }, "geometry": { "type": "Point", "coordinates": [ 133.974414472222236, 34.456562361111111, 0.0 ] } },
{ "type": "Feature", "properties": { "filename": "P4033273", "description": null }, "geometry": { "type": "Point", "coordinates": [ 133.973935861111102, 34.456114611111111, 0.0 ] } },
{ "type": "Feature", "properties": { "filename": "P4043295", "description": null }, "geometry": { "type": "Point", "coordinates": [ 133.819329066666654, 34.191312527777775, 0.0 ] } },
{ "type": "Feature", "properties": { "filename": "P4043302", "description": null }, "geometry": { "type": "Point", "coordinates": [ 133.819391322222231, 34.191288111111106, 0.0 ] } },
{ "type": "Feature", "properties": { "filename": "P4043304", "description": null }, "geometry": { "type": "Point", "coordinates": [ 133.819595472222233, 34.190944333333327, 0.0 ] } },
{ "type": "Feature", "properties": { "filename": "P4043333", "description": null }, "geometry": { "type": "Point", "coordinates": [ 133.814885138888911, 34.184430311111107, 0.0 ] } },
{ "type": "Feature", "properties": { "filename": "P4043337", "description": null }, "geometry": { "type": "Point", "coordinates": [ 133.813459416666689, 34.184132966666667, 0.0 ] } },
{ "type": "Feature", "properties": { "filename": "P4043339", "description": null }, "geometry": { "type": "Point", "coordinates": [ 133.81230608333334, 34.183866336111109, 0.0 ] } },
{ "type": "Feature", "properties": { "filename": "P4043343", "description": null }, "geometry": { "type": "Point", "coordinates": [ 133.810096583333348, 34.184012616666664, 0.0 ] } },
{ "type": "Feature", "properties": { "filename": "P4043347", "description": null }, "geometry": { "type": "Point", "coordinates": [ 133.81013188888889, 34.184037386111108, 0.0 ] } },
{ "type": "Feature", "properties": { "filename": "P4043355", "description": null }, "geometry": { "type": "Point", "coordinates": [ 133.807024444444465, 34.18623644444444, 0.0 ] } },
{ "type": "Feature", "properties": { "filename": "P4043357", "description": null }, "geometry": { "type": "Point", "coordinates": [ 133.80697075, 34.1862275, 0.0 ] } },
{ "type": "Feature", "properties": { "filename": "P4043369", "description": null }, "geometry": { "type": "Point", "coordinates": [ 133.811862805555563, 34.183754486111106, 0.0 ] } },
{ "type": "Feature", "properties": { "filename": "P4043384", "description": null }, "geometry": { "type": "Point", "coordinates": [ 133.818195155555543, 34.185050408333332, 0.0 ] } },
{ "type": "Feature", "properties": { "filename": "P4043387", "description": null }, "geometry": { "type": "Point", "coordinates": [ 133.818534216666649, 34.184888836111107, 0.0 ] } },
{ "type": "Feature", "properties": { "filename": "P4043388", "description": null }, "geometry": { "type": "Point", "coordinates": [ 133.819819333333328, 34.188447722222222, 0.0 ] } },
{ "type": "Feature", "properties": { "filename": "P4043397", "description": null }, "geometry": { "type": "Point", "coordinates": [ 133.819657138888886, 34.188976861111108, 0.0 ] } },
{ "type": "Feature", "properties": { "filename": "P4043405", "description": null }, "geometry": { "type": "Point", "coordinates": [ 133.819289719444441, 34.190889, 0.0 ] } },
{ "type": "Feature", "properties": { "filename": "P4053414", "description": null }, "geometry": { "type": "Point", "coordinates": [ 134.079681888888899, 34.331817805555559, 0.0 ] } },
{ "type": "Feature", "properties": { "filename": "P4053426", "description": null }, "geometry": { "type": "Point", "coordinates": [ 134.178185499999984, 34.323436444444447, 0.0 ] } },
{ "type": "Feature", "properties": { "filename": "P4053457", "description": null }, "geometry": { "type": "Point", "coordinates": [ 134.176214194444441, 34.325526944444448, 0.0 ] } },
{ "type": "Feature", "properties": { "filename": "P4053462-1", "description": null }, "geometry": { "type": "Point", "coordinates": [ 134.176558, 34.325546388888895, 0.0 ] } },
{ "type": "Feature", "properties": { "filename": "P4063493", "description": null }, "geometry": { "type": "Point", "coordinates": [ 134.096025583333329, 34.376624305555559, 0.0 ] } },
{ "type": "Feature", "properties": { "filename": "P4063527", "description": null }, "geometry": { "type": "Point", "coordinates": [ 134.097054333333347, 34.371220027777781, 0.0 ] } },
{ "type": "Feature", "properties": { "filename": "P4063531-1", "description": null }, "geometry": { "type": "Point", "coordinates": [ 134.104495166666652, 34.360332777777778, 0.0 ] } },
{ "type": "Feature", "properties": { "filename": "P4063531", "description": null }, "geometry": { "type": "Point", "coordinates": [ 134.104488805555548, 34.360339666666668, 0.0 ] } },
{ "type": "Feature", "properties": { "filename": "P4063559-1", "description": null }, "geometry": { "type": "Point", "coordinates": [ 134.105376805555551, 34.34444636111111, 0.0 ] } },
{ "type": "Feature", "properties": { "filename": "P4063559-2", "description": null }, "geometry": { "type": "Point", "coordinates": [ 134.105374916666648, 34.344479666666672, 0.0 ] } },
{ "type": "Feature", "properties": { "filename": "P4063559", "description": null }, "geometry": { "type": "Point", "coordinates": [ 134.105350888888893, 34.344424805555555, 0.0 ] } },
{ "type": "Feature", "properties": { "filename": "P4063571", "description": null }, "geometry": { "type": "Point", "coordinates": [ 134.105348027777779, 34.344430166666669, 0.0 ] } },
{ "type": "Feature", "properties": { "filename": "P4083611", "description": null }, "geometry": { "type": "Point", "coordinates": [ 139.726598194444449, 35.6238355, 0.0 ] } },
{ "type": "Feature", "properties": { "filename": "P4093636", "description": null }, "geometry": { "type": "Point", "coordinates": [ 140.456561083333327, 36.374341833333332, 0.0 ] } },
{ "type": "Feature", "properties": { "filename": "P4093653", "description": null }, "geometry": { "type": "Point", "coordinates": [ 140.453976638888889, 36.373382694444444, 0.0 ] } },
{ "type": "Feature", "properties": { "filename": "P4093669", "description": null }, "geometry": { "type": "Point", "coordinates": [ 140.47737977777777, 36.375364138888891, 0.0 ] } },
{ "type": "Feature", "properties": { "filename": "P4103682", "description": null }, "geometry": { "type": "Point", "coordinates": [ 141.653969527777775, 42.299343388888886, 0.0 ] } },
{ "type": "Feature", "properties": { "filename": "P4103692", "description": null }, "geometry": { "type": "Point", "coordinates": [ 141.578778694444452, 42.888456083333331, 0.0 ] } },
{ "type": "Feature", "properties": { "filename": "P4103714", "description": "A lot of the houses were abandoned and collapsing on the outskirts of this resort - Hokkaido is one of the fastest depopulating regions of Japan" }, "geometry": { "type": "Point", "coordinates": [ 141.10546027777778, 42.519584333333334, 0.0 ] } },
{ "type": "Feature", "properties": { "filename": "P4113727", "description": null }, "geometry": { "type": "Point", "coordinates": [ 141.14382019444443, 42.49419972222222, 0.0 ] } },
{ "type": "Feature", "properties": { "filename": "P4113732", "description": null }, "geometry": { "type": "Point", "coordinates": [ 141.144523472222204, 42.495308305555554, 0.0 ] } },
{ "type": "Feature", "properties": { "filename": "P4113739", "description": null }, "geometry": { "type": "Point", "coordinates": [ 141.146322916666662, 42.497402111111114, 0.0 ] } },
{ "type": "Feature", "properties": { "filename": "P4113749", "description": "Wonderful memory of the american tourist next to us pointing at what was very clearly steam and loudly asking \"Is that smoke or condensation honey?\"" }, "geometry": { "type": "Point", "coordinates": [ 141.147447111111092, 42.497926722222225, 0.0 ] } },
{ "type": "Feature", "properties": { "filename": "P4113754", "description": null }, "geometry": { "type": "Point", "coordinates": [ 141.14813275, 42.497940138888893, 0.0 ] } },
{ "type": "Feature", "properties": { "filename": "P4113758", "description": "\"Jigoku-dani\" - Hell valley!" }, "geometry": { "type": "Point", "coordinates": [ 141.147943027777757, 42.498252861111112, 0.0 ] } },
{ "type": "Feature", "properties": { "filename": "P4113764", "description": null }, "geometry": { "type": "Point", "coordinates": [ 141.834377543567797, 43.281652346347755, 0.0 ] } },
{ "type": "Feature", "properties": { "filename": "P4113777", "description": null }, "geometry": { "type": "Point", "coordinates": [ 141.891798819167775, 43.427673177144911, 0.0 ] } },
{ "type": "Feature", "properties": { "filename": "P4123785", "description": null }, "geometry": { "type": "Point", "coordinates": [ 142.346123583333338, 43.764817055555554, 0.0 ] } },
{ "type": "Feature", "properties": { "filename": "P4123810", "description": null }, "geometry": { "type": "Point", "coordinates": [ 142.361031944444449, 43.761653333333335, 0.0 ] } },
{ "type": "Feature", "properties": { "filename": "P4213849-1", "description": null }, "geometry": { "type": "Point", "coordinates": [ 139.654955271113778, 35.674442696895689, 0.0 ] } },
{ "type": "Feature", "properties": { "filename": "P4213855", "description": null }, "geometry": { "type": "Point", "coordinates": [ 139.65499024648102, 35.674463117964599, 0.0 ] } },
{ "type": "Feature", "properties": { "filename": "P5043927", "description": null }, "geometry": { "type": "Point", "coordinates": [ 139.1510117, 35.78673661111111, 0.0 ] } },
{ "type": "Feature", "properties": { "filename": "P5043944", "description": null }, "geometry": { "type": "Point", "coordinates": [ 139.150262248611114, 35.78552303888889, 0.0 ] } },
{ "type": "Feature", "properties": { "filename": "P5044119", "description": null }, "geometry": { "type": "Point", "coordinates": [ 139.142520055555536, 35.776662916666666, 0.0 ] } },
{ "type": "Feature", "properties": { "filename": "P5044134", "description": null }, "geometry": { "type": "Point", "coordinates": [ 139.151369252777783, 35.783920369444445, 0.0 ] } },
{ "type": "Feature", "properties": { "filename": "P5084147", "description": null }, "geometry": { "type": "Point", "coordinates": [ 141.060155277777795, 38.36590525, 0.0 ] } },
{ "type": "Feature", "properties": { "filename": "P5084160", "description": null }, "geometry": { "type": "Point", "coordinates": [ 141.061004472222237, 38.366189638888891, 0.0 ] } },
{ "type": "Feature", "properties": { "filename": "P5084161", "description": null }, "geometry": { "type": "Point", "coordinates": [ 141.061031833333345, 38.366182916666666, 0.0 ] } },
{ "type": "Feature", "properties": { "filename": "P5084162", "description": null }, "geometry": { "type": "Point", "coordinates": [ 141.061434277777778, 38.365691333333338, 0.0 ] } },
{ "type": "Feature", "properties": { "filename": "P5084168", "description": null }, "geometry": { "type": "Point", "coordinates": [ 141.061983944444449, 38.365307361111114, 0.0 ] } },
{ "type": "Feature", "properties": { "filename": "P5084169", "description": null }, "geometry": { "type": "Point", "coordinates": [ 141.062839472222237, 38.36515988888889, 0.0 ] } },
{ "type": "Feature", "properties": { "filename": "P5084172", "description": "Many many pictures of cool rocks with trees on them" }, "geometry": { "type": "Point", "coordinates": [ 141.062762166666687, 38.364852583333338, 0.0 ] } },
{ "type": "Feature", "properties": { "filename": "P5084175", "description": null }, "geometry": { "type": "Point", "coordinates": [ 141.0629035, 38.365812055555558, 0.0 ] } },
{ "type": "Feature", "properties": { "filename": "P5084181", "description": null }, "geometry": { "type": "Point", "coordinates": [ 141.062991361111131, 38.3659975, 0.0 ] } },
{ "type": "Feature", "properties": { "filename": "P5084183", "description": null }, "geometry": { "type": "Point", "coordinates": [ 141.062841777777777, 38.365148138888891, 0.0 ] } },
{ "type": "Feature", "properties": { "filename": "P5084190", "description": null }, "geometry": { "type": "Point", "coordinates": [ 141.064387861111129, 38.369572694444443, 0.0 ] } },
{ "type": "Feature", "properties": { "filename": "P5084199", "description": null }, "geometry": { "type": "Point", "coordinates": [ 141.064207166666677, 38.369890722222223, 0.0 ] } },
{ "type": "Feature", "properties": { "filename": "P5084221", "description": null }, "geometry": { "type": "Point", "coordinates": [ 141.061054583333345, 38.366782169444448, 0.0 ] } },
{ "type": "Feature", "properties": { "filename": "P5084236", "description": null }, "geometry": { "type": "Point", "coordinates": [ 141.060349305555576, 38.36924749166667, 0.0 ] } },
{ "type": "Feature", "properties": { "filename": "P5084270", "description": "Weird rock!" }, "geometry": { "type": "Point", "coordinates": [ 141.074254083333329, 38.362030305555557, 0.0 ] } },
{ "type": "Feature", "properties": { "filename": "P5084335", "description": null }, "geometry": { "type": "Point", "coordinates": [ 141.062613583333331, 38.371844722222221, 0.0 ] } },
{ "type": "Feature", "properties": { "filename": "P5084348", "description": null }, "geometry": { "type": "Point", "coordinates": [ 141.070038722222222, 38.368146052777782, 0.0 ] } },
{ "type": "Feature", "properties": { "filename": "P5084352", "description": null }, "geometry": { "type": "Point", "coordinates": [ 141.072205472222208, 38.366642833333337, 0.0 ] } },
{ "type": "Feature", "properties": { "filename": "P5084355", "description": "Komorebi" }, "geometry": { "type": "Point", "coordinates": [ 141.0720485, 38.3669041275, 0.0 ] } },
{ "type": "Feature", "properties": { "filename": "P5084356", "description": "Komorebi" }, "geometry": { "type": "Point", "coordinates": [ 141.072101972222214, 38.366860861388886, 0.0 ] } },
{ "type": "Feature", "properties": { "filename": "P5084359", "description": "Komorebi" }, "geometry": { "type": "Point", "coordinates": [ 141.072119972222225, 38.366893118333337, 0.0 ] } },
{ "type": "Feature", "properties": { "filename": "P5084371", "description": null }, "geometry": { "type": "Point", "coordinates": [ 141.072627361111103, 38.366178166666671, 0.0 ] } },
{ "type": "Feature", "properties": { "filename": "P5084381-1", "description": "An other cool rock although I got carried away with the telephoto here" }, "geometry": { "type": "Point", "coordinates": [ 141.072901944444453, 38.365625166666668, 0.0 ] } },
{ "type": "Feature", "properties": { "filename": "P5084381", "description": null }, "geometry": { "type": "Point", "coordinates": [ 141.072896444444439, 38.365601083333338, 0.0 ] } },
{ "type": "Feature", "properties": { "filename": "P5084396", "description": null }, "geometry": { "type": "Point", "coordinates": [ 141.070768666666652, 38.367080755555556, 0.0 ] } },
{ "type": "Feature", "properties": { "filename": "P5084420", "description": "I believe this was a wedding shoot" }, "geometry": { "type": "Point", "coordinates": [ 141.060311444444466, 38.371750944444443, 0.0 ] } },
{ "type": "Feature", "properties": { "filename": "P5084426", "description": "The local temple up the road" }, "geometry": { "type": "Point", "coordinates": [ 141.059853, 38.37201475, 0.0 ] } },
{ "type": "Feature", "properties": { "filename": "P5084428", "description": null }, "geometry": { "type": "Point", "coordinates": [ 141.05997183333335, 38.372167861111109, 0.0 ] } },
{ "type": "Feature", "properties": { "filename": "P5084430", "description": null }, "geometry": { "type": "Point", "coordinates": [ 140.880938250000014, 38.261147, 0.0 ] } },
{ "type": "Feature", "properties": { "filename": "P5084435", "description": null }, "geometry": { "type": "Point", "coordinates": [ 140.881021277777791, 38.261054388888887, 0.0 ] } },
{ "type": "Feature", "properties": { "filename": "P5094456", "description": null }, "geometry": { "type": "Point", "coordinates": [ 140.43594897777777, 38.310102972222218, 0.0 ] } },
{ "type": "Feature", "properties": { "filename": "P5094466", "description": null }, "geometry": { "type": "Point", "coordinates": [ 140.437030944444444, 38.31163925, 0.0 ] } },
{ "type": "Feature", "properties": { "filename": "P5094468", "description": null }, "geometry": { "type": "Point", "coordinates": [ 140.43670933333334, 38.312240305555555, 0.0 ] } },
{ "type": "Feature", "properties": { "filename": "P5094477", "description": null }, "geometry": { "type": "Point", "coordinates": [ 140.436667527777786, 38.312319888888887, 0.0 ] } },
{ "type": "Feature", "properties": { "filename": "P5094479", "description": null }, "geometry": { "type": "Point", "coordinates": [ 140.435190088888902, 38.312689166666665, 0.0 ] } },
{ "type": "Feature", "properties": { "filename": "P5094483", "description": null }, "geometry": { "type": "Point", "coordinates": [ 140.435125980555569, 38.313851805555551, 0.0 ] } },
{ "type": "Feature", "properties": { "filename": "P5094502", "description": null }, "geometry": { "type": "Point", "coordinates": [ 140.434641516666659, 38.313575777777778, 0.0 ] } },
{ "type": "Feature", "properties": { "filename": "P5094504", "description": null }, "geometry": { "type": "Point", "coordinates": [ 140.434784244444444, 38.313748027777777, 0.0 ] } },
{ "type": "Feature", "properties": { "filename": "P5094512", "description": null }, "geometry": { "type": "Point", "coordinates": [ 140.434201455555552, 38.31479475, 0.0 ] } },
{ "type": "Feature", "properties": { "filename": "P5094517", "description": null }, "geometry": { "type": "Point", "coordinates": [ 140.434582536111122, 38.315105027777776, 0.0 ] } },
{ "type": "Feature", "properties": { "filename": "P5094533", "description": null }, "geometry": { "type": "Point", "coordinates": [ 140.435325575, 38.312901666666662, 0.0 ] } },
{ "type": "Feature", "properties": { "filename": "P5094544", "description": null }, "geometry": { "type": "Point", "coordinates": [ 140.43634275, 38.312207416666666, 0.0 ] } },
{ "type": "Feature", "properties": { "filename": "P5094555", "description": null }, "geometry": { "type": "Point", "coordinates": [ 140.44521583333335, 38.315816361111111, 0.0 ] } },
{ "type": "Feature", "properties": { "filename": "P5094559", "description": "The path into the mountain forest.  I was warned of feral monkeys" }, "geometry": { "type": "Point", "coordinates": [ 140.445300611111122, 38.31619325, 0.0 ] } },
{ "type": "Feature", "properties": { "filename": "P5094563", "description": null }, "geometry": { "type": "Point", "coordinates": [ 140.443479, 38.318256275, 0.0 ] } },
{ "type": "Feature", "properties": { "filename": "P5094570", "description": "Some neat rock formations" }, "geometry": { "type": "Point", "coordinates": [ 140.443571888888897, 38.31821808055556, 0.0 ] } },
{ "type": "Feature", "properties": { "filename": "P5094572", "description": null }, "geometry": { "type": "Point", "coordinates": [ 140.443417611111101, 38.318183002777779, 0.0 ] } },
{ "type": "Feature", "properties": { "filename": "P5094581", "description": null }, "geometry": { "type": "Point", "coordinates": [ 140.443043111111109, 38.315700083333333, 0.0 ] } },
{ "type": "Feature", "properties": { "filename": "P5094593", "description": null }, "geometry": { "type": "Point", "coordinates": [ 140.441546500000015, 38.3135105, 0.0 ] } },
{ "type": "Feature", "properties": { "filename": "P5094598", "description": null }, "geometry": { "type": "Point", "coordinates": [ 140.43947875, 38.312816805555556, 0.0 ] } },
{ "type": "Feature", "properties": { "filename": "P5094600", "description": null }, "geometry": { "type": "Point", "coordinates": [ 140.32625613888888, 38.252129858333333, 0.0 ] } },
{ "type": "Feature", "properties": { "filename": "P5094615", "description": null }, "geometry": { "type": "Point", "coordinates": [ 140.334742183333333, 38.255581055555552, 0.0 ] } },
{ "type": "Feature", "properties": { "filename": "P5094621", "description": "Big tree little lady" }, "geometry": { "type": "Point", "coordinates": [ 140.337500111111126, 38.254668388888888, 0.0 ] } },
{ "type": "Feature", "properties": { "filename": "P5094644", "description": null }, "geometry": { "type": "Point", "coordinates": [ 140.332841527777788, 38.258653861111114, 0.0 ] } },
{ "type": "Feature", "properties": { "filename": "P5094645", "description": null }, "geometry": { "type": "Point", "coordinates": [ 140.33128969444445, 38.25527813888889, 0.0 ] } },
{ "type": "Feature", "properties": { "filename": "P5094657", "description": null }, "geometry": { "type": "Point", "coordinates": [ 140.326968, 38.252707263888887, 0.0 ] } },
{ "type": "Feature", "properties": { "filename": "P5190032", "description": null }, "geometry": { "type": "Point", "coordinates": [ 139.64458569444443, 35.6481565, 0.0 ] } },
{ "type": "Feature", "properties": { "filename": "P5190042", "description": null }, "geometry": { "type": "Point", "coordinates": [ 139.647608638888869, 35.648710333333334, 0.0 ] } },
{ "type": "Feature", "properties": { "filename": "P5190052", "description": null }, "geometry": { "type": "Point", "coordinates": [ 139.669195888888879, 35.643920972222219, 0.0 ] } },
{ "type": "Feature", "properties": { "filename": "P5200054", "description": null }, "geometry": { "type": "Point", "coordinates": [ 139.651053780555571, 35.704499138888892, 0.0 ] } },
{ "type": "Feature", "properties": { "filename": "P5200080", "description": null }, "geometry": { "type": "Point", "coordinates": [ 139.648278583333337, 35.704114527777783, 0.0 ] } },
{ "type": "Feature", "properties": { "filename": "P5200082", "description": null }, "geometry": { "type": "Point", "coordinates": [ 139.64816847222221, 35.704234638888892, 0.0 ] } },
{ "type": "Feature", "properties": { "filename": "P5200087", "description": null }, "geometry": { "type": "Point", "coordinates": [ 139.648112777777783, 35.703394083333336, 0.0 ] } },
{ "type": "Feature", "properties": { "filename": "P5200092", "description": "Ueno Park" }, "geometry": { "type": "Point", "coordinates": [ 139.775686194444461, 35.71787671111111, 0.0 ] } },
{ "type": "Feature", "properties": { "filename": "P5200096-1", "description": "Nice shot,  shame about the bag in the corner!" }, "geometry": { "type": "Point", "coordinates": [ 139.773943694444455, 35.713839666666672, 0.0 ] } },
{ "type": "Feature", "properties": { "filename": "P5200099", "description": null }, "geometry": { "type": "Point", "coordinates": [ 139.773964638888913, 35.713880444444449, 0.0 ] } },
{ "type": "Feature", "properties": { "filename": "P5200100", "description": null }, "geometry": { "type": "Point", "coordinates": [ 139.773948500000017, 35.713868805555556, 0.0 ] } },
{ "type": "Feature", "properties": { "filename": "P5200102", "description": null }, "geometry": { "type": "Point", "coordinates": [ 139.7724611388889, 35.712995583333338, 0.0 ] } },
{ "type": "Feature", "properties": { "filename": "P5200107", "description": null }, "geometry": { "type": "Point", "coordinates": [ 139.76996394444447, 35.709613222222224, 0.0 ] } },
{ "type": "Feature", "properties": { "filename": "P5200114", "description": null }, "geometry": { "type": "Point", "coordinates": [ 139.795579, 35.672682416666667, 0.0 ] } },
{ "type": "Feature", "properties": { "filename": "P5200125", "description": null }, "geometry": { "type": "Point", "coordinates": [ 139.799481805555558, 35.671663888888887, 0.0 ] } },
{ "type": "Feature", "properties": { "filename": "P5210127", "description": null }, "geometry": { "type": "Point", "coordinates": [ 137.481175555555552, 36.873051527777776, 0.0 ] } },
{ "type": "Feature", "properties": { "filename": "P5210152", "description": null }, "geometry": { "type": "Point", "coordinates": [ 137.592170638888888, 36.811671194444443, 0.0 ] } },
{ "type": "Feature", "properties": { "filename": "P5210177", "description": null }, "geometry": { "type": "Point", "coordinates": [ 137.606598, 36.791721, 272.985 ] } },
{ "type": "Feature", "properties": { "filename": "P5210218", "description": null }, "geometry": { "type": "Point", "coordinates": [ 137.634354, 36.766857, 378.385 ] } },
{ "type": "Feature", "properties": { "filename": "P5210234", "description": null }, "geometry": { "type": "Point", "coordinates": [ 137.625122, 36.780479, 307.473 ] } },
{ "type": "Feature", "properties": { "filename": "P5210245", "description": null }, "geometry": { "type": "Point", "coordinates": [ 137.615524, 36.790543, 326.214 ] } },
{ "type": "Feature", "properties": { "filename": "P5210249", "description": null }, "geometry": { "type": "Point", "coordinates": [ 137.615524, 36.790543, 326.214 ] } },
{ "type": "Feature", "properties": { "filename": "P5210254", "description": null }, "geometry": { "type": "Point", "coordinates": [ 137.615524, 36.790543, 326.214 ] } },
{ "type": "Feature", "properties": { "filename": "P5210261", "description": null }, "geometry": { "type": "Point", "coordinates": [ 137.596115, 36.795094, 266.426 ] } },
{ "type": "Feature", "properties": { "filename": "P5210285", "description": null }, "geometry": { "type": "Point", "coordinates": [ 137.588635583333343, 36.814799166666667, 0.0 ] } },
{ "type": "Feature", "properties": { "filename": "P5210286", "description": null }, "geometry": { "type": "Point", "coordinates": [ 137.58868302777779, 36.814841416666667, 0.0 ] } },
{ "type": "Feature", "properties": { "filename": "P5210299", "description": null }, "geometry": { "type": "Point", "coordinates": [ 137.589398583333349, 36.815116166666662, 0.0 ] } },
{ "type": "Feature", "properties": { "filename": "P5210303", "description": null }, "geometry": { "type": "Point", "coordinates": [ 137.588593611111122, 36.814797416666664, 0.0 ] } },
{ "type": "Feature", "properties": { "filename": "P5220317-1", "description": null }, "geometry": { "type": "Point", "coordinates": [ 137.042643138888877, 36.81449083333333, 0.0 ] } },
{ "type": "Feature", "properties": { "filename": "P5220317", "description": null }, "geometry": { "type": "Point", "coordinates": [ 137.215089361111097, 36.688436777777774, 0.0 ] } },
{ "type": "Feature", "properties": { "filename": "P5220344-1", "description": null }, "geometry": { "type": "Point", "coordinates": [ 137.21491561111111, 36.688391583333328, 0.0 ] } },
{ "type": "Feature", "properties": { "filename": "P5220344", "description": null }, "geometry": { "type": "Point", "coordinates": [ 137.215145, 36.688338972222219, 0.0 ] } },
{ "type": "Feature", "properties": { "filename": "P5220347", "description": null }, "geometry": { "type": "Point", "coordinates": [ 137.215001333333333, 36.688322583333331, 0.0 ] } },
{ "type": "Feature", "properties": { "filename": "P5230358", "description": null }, "geometry": { "type": "Point", "coordinates": [ 137.042156166666672, 36.81502586111111, 0.0 ] } },
{ "type": "Feature", "properties": { "filename": "P5230363", "description": null }, "geometry": { "type": "Point", "coordinates": [ 137.039570722222209, 36.816068083333327, 0.0 ] } },
{ "type": "Feature", "properties": { "filename": "P5230364", "description": null }, "geometry": { "type": "Point", "coordinates": [ 137.042263194444445, 36.814941944444442, 0.0 ] } },
{ "type": "Feature", "properties": { "filename": "P5230397", "description": null }, "geometry": { "type": "Point", "coordinates": [ 137.039544861111096, 36.816087583333328, 0.0 ] } },
{ "type": "Feature", "properties": { "filename": "P5230427", "description": null }, "geometry": { "type": "Point", "coordinates": [ 137.046553527777775, 36.812345444444439, 0.0 ] } },
{ "type": "Feature", "properties": { "filename": "P5230431", "description": null }, "geometry": { "type": "Point", "coordinates": [ 137.01624302777779, 36.7465465, 0.0 ] } },
{ "type": "Feature", "properties": { "filename": "P5230437", "description": null }, "geometry": { "type": "Point", "coordinates": [ 137.016769203333354, 36.746019083333337, 0.0 ] } },
{ "type": "Feature", "properties": { "filename": "P5230440", "description": null }, "geometry": { "type": "Point", "coordinates": [ 137.01704405833334, 36.745592916666666, 0.0 ] } },
{ "type": "Feature", "properties": { "filename": "P5230452", "description": null }, "geometry": { "type": "Point", "coordinates": [ 137.21035175, 36.692676361111111, 0.0 ] } },
{ "type": "Feature", "properties": { "filename": "P5230469", "description": null }, "geometry": { "type": "Point", "coordinates": [ 137.211512972222209, 36.692794027777772, 0.0 ] } },
{ "type": "Feature", "properties": { "filename": "P5230481-1", "description": null }, "geometry": { "type": "Point", "coordinates": [ 137.21369055555553, 36.695837583333329, 0.0 ] } },
{ "type": "Feature", "properties": { "filename": "P5240507", "description": null }, "geometry": { "type": "Point", "coordinates": [ 137.214646055555534, 36.697481722222221, 0.0 ] } },
{ "type": "Feature", "properties": { "filename": "P5240512", "description": null }, "geometry": { "type": "Point", "coordinates": [ 136.660722888888898, 36.562468416666661, 0.0 ] } },
{ "type": "Feature", "properties": { "filename": "P5250527", "description": null }, "geometry": { "type": "Point", "coordinates": [ 136.335327, 36.065601, 84.4582 ] } },
{ "type": "Feature", "properties": { "filename": "P5250536", "description": null }, "geometry": { "type": "Point", "coordinates": [ 136.654968, 36.566349, 27.4203 ] } },
{ "type": "Feature", "properties": { "filename": "P5250542", "description": null }, "geometry": { "type": "Point", "coordinates": [ 136.652023, 36.566254, 20.3003 ] } },
{ "type": "Feature", "properties": { "filename": "P5250546", "description": null }, "geometry": { "type": "Point", "coordinates": [ 136.651367, 36.565678, 16.4603 ] } },
{ "type": "Feature", "properties": { "filename": "P5250548", "description": null }, "geometry": { "type": "Point", "coordinates": [ 136.652496, 36.564121, 16.4603 ] } },
{ "type": "Feature", "properties": { "filename": "P5250554", "description": null }, "geometry": { "type": "Point", "coordinates": [ 136.650772, 36.562244, 16.4603 ] } },
{ "type": "Feature", "properties": { "filename": "P5250557", "description": null }, "geometry": { "type": "Point", "coordinates": [ 136.652878, 36.561974, 16.4603 ] } },
{ "type": "Feature", "properties": { "filename": "P5250560", "description": null }, "geometry": { "type": "Point", "coordinates": [ 136.652878, 36.561974, 16.4603 ] } },
{ "type": "Feature", "properties": { "filename": "P5250566", "description": null }, "geometry": { "type": "Point", "coordinates": [ 136.6633, 36.572617, 9.53031 ] } },
{ "type": "Feature", "properties": { "filename": "P5250569", "description": null }, "geometry": { "type": "Point", "coordinates": [ 136.6633, 36.572617, 9.53031 ] } },
{ "type": "Feature", "properties": { "filename": "P5280576", "description": null }, "geometry": { "type": "Point", "coordinates": [ 139.655693694444437, 35.673389833333331, 0.0 ] } },
{ "type": "Feature", "properties": { "filename": "P5280581", "description": null }, "geometry": { "type": "Point", "coordinates": [ 139.656040444444443, 35.672933888888885, 0.0 ] } },
{ "type": "Feature", "properties": { "filename": "P5280584", "description": null }, "geometry": { "type": "Point", "coordinates": [ 139.658036555555555, 35.673112833333334, 0.0 ] } },
{ "type": "Feature", "properties": { "filename": "P5280590", "description": null }, "geometry": { "type": "Point", "coordinates": [ 139.65975402777778, 35.67367725, 0.0 ] } },
{ "type": "Feature", "properties": { "filename": "P5280597", "description": null }, "geometry": { "type": "Point", "coordinates": [ 139.661087, 35.671497, 48.1255 ] } },
{ "type": "Feature", "properties": { "filename": "P5280601", "description": null }, "geometry": { "type": "Point", "coordinates": [ 139.663269, 35.671341, 48.938 ] } },
{ "type": "Feature", "properties": { "filename": "P5280606", "description": null }, "geometry": { "type": "Point", "coordinates": [ 139.665421, 35.672462, 47.3372 ] } },
{ "type": "Feature", "properties": { "filename": "P5280630", "description": null }, "geometry": { "type": "Point", "coordinates": [ 139.662674, 35.675472, 43.67 ] } },
{ "type": "Feature", "properties": { "filename": "P6010643", "description": null }, "geometry": { "type": "Point", "coordinates": [ 139.64035, 35.682617, 49.586 ] } },
{ "type": "Feature", "properties": { "filename": "P6010647", "description": null }, "geometry": { "type": "Point", "coordinates": [ 139.64035, 35.682617, 49.586 ] } },
{ "type": "Feature", "properties": { "filename": "P6010649", "description": null }, "geometry": { "type": "Point", "coordinates": [ 139.64035, 35.682617, 49.586 ] } },
{ "type": "Feature", "properties": { "filename": "P6010650", "description": null }, "geometry": { "type": "Point", "coordinates": [ 139.64035, 35.682617, 49.586 ] } },
{ "type": "Feature", "properties": { "filename": "P6010653", "description": null }, "geometry": { "type": "Point", "coordinates": [ 139.64035, 35.682617, 49.586 ] } },
{ "type": "Feature", "properties": { "filename": "P6010658", "description": null }, "geometry": { "type": "Point", "coordinates": [ 139.64035, 35.682617, 49.586 ] } },
{ "type": "Feature", "properties": { "filename": "P6010659", "description": null }, "geometry": { "type": "Point", "coordinates": [ 139.64035, 35.682617, 49.586 ] } },
{ "type": "Feature", "properties": { "filename": "P6010662", "description": null }, "geometry": { "type": "Point", "coordinates": [ 139.639893, 35.683041, 49.088 ] } },
{ "type": "Feature", "properties": { "filename": "P6010665", "description": null }, "geometry": { "type": "Point", "coordinates": [ 139.639862, 35.683121, 49.115 ] } },
{ "type": "Feature", "properties": { "filename": "P6010668", "description": null }, "geometry": { "type": "Point", "coordinates": [ 139.639862, 35.683121, 49.115 ] } },
{ "type": "Feature", "properties": { "filename": "P6010676", "description": null }, "geometry": { "type": "Point", "coordinates": [ 139.64093, 35.684391, 44.5256 ] } },
{ "type": "Feature", "properties": { "filename": "P6010680-1", "description": null }, "geometry": { "type": "Point", "coordinates": [ 139.639877, 35.685341, 44.5225 ] } },
{ "type": "Feature", "properties": { "filename": "P6010688", "description": null }, "geometry": { "type": "Point", "coordinates": [ 139.632248, 35.688545, 31.2011 ] } },
{ "type": "Feature", "properties": { "filename": "P6010692", "description": null }, "geometry": { "type": "Point", "coordinates": [ 139.632355, 35.69157, 53.2559 ] } },
{ "type": "Feature", "properties": { "filename": "P6010702", "description": null }, "geometry": { "type": "Point", "coordinates": [ 139.631058, 35.690151, 44.1978 ] } },
{ "type": "Feature", "properties": { "filename": "P6010704", "description": null }, "geometry": { "type": "Point", "coordinates": [ 139.630341, 35.690063, 45.387 ] } },
{ "type": "Feature", "properties": { "filename": "P6010732", "description": null }, "geometry": { "type": "Point", "coordinates": [ 139.640503, 35.681416, 47.3028 ] } },
{ "type": "Feature", "properties": { "filename": "P6040733", "description": null }, "geometry": { "type": "Point", "coordinates": [ 139.658234, 35.672192, 50.7625 ] } },
{ "type": "Feature", "properties": { "filename": "P6040766", "description": null }, "geometry": { "type": "Point", "coordinates": [ 139.698471, 35.691994, 40.0535 ] } },
{ "type": "Feature", "properties": { "filename": "P6040784", "description": null }, "geometry": { "type": "Point", "coordinates": [ 139.69931, 35.692387, 39.0257 ] } },
{ "type": "Feature", "properties": { "filename": "P6040797", "description": null }, "geometry": { "type": "Point", "coordinates": [ 139.699814, 35.693619, 38.3721 ] } },
{ "type": "Feature", "properties": { "filename": "P6040799", "description": null }, "geometry": { "type": "Point", "coordinates": [ 139.699814, 35.693619, 38.3721 ] } },
{ "type": "Feature", "properties": { "filename": "P6040802", "description": null }, "geometry": { "type": "Point", "coordinates": [ 139.699814, 35.693619, 38.3721 ] } },
{ "type": "Feature", "properties": { "filename": "P6040804", "description": null }, "geometry": { "type": "Point", "coordinates": [ 139.699814, 35.693619, 38.3721 ] } },
{ "type": "Feature", "properties": { "filename": "P6040830", "description": null }, "geometry": { "type": "Point", "coordinates": [ 139.698486, 35.695393, 37.899 ] } },
{ "type": "Feature", "properties": { "filename": "P6040841", "description": null }, "geometry": { "type": "Point", "coordinates": [ 139.697372, 35.697983, 36.1061 ] } },
{ "type": "Feature", "properties": { "filename": "P6040859", "description": null }, "geometry": { "type": "Point", "coordinates": [ 139.697678, 35.699326, 36.1057 ] } },
{ "type": "Feature", "properties": { "filename": "P6040872", "description": null }, "geometry": { "type": "Point", "coordinates": [ 139.696655, 35.701504, 40.9364 ] } },
{ "type": "Feature", "properties": { "filename": "P6040894", "description": null }, "geometry": { "type": "Point", "coordinates": [ 139.698853, 35.701591, 33.1207 ] } },
{ "type": "Feature", "properties": { "filename": "P6040900-1", "description": null }, "geometry": { "type": "Point", "coordinates": [ 139.700729, 35.701378, 33.6199 ] } },
{ "type": "Feature", "properties": { "filename": "P6040910", "description": null }, "geometry": { "type": "Point", "coordinates": [ 139.701904, 35.701363, 33.6219 ] } },
{ "type": "Feature", "properties": { "filename": "P6040914-1", "description": null }, "geometry": { "type": "Point", "coordinates": [ 139.703125, 35.700764, 32.5621 ] } },
{ "type": "Feature", "properties": { "filename": "P6040935-1", "description": null }, "geometry": { "type": "Point", "coordinates": [ 139.70433, 35.701183, 30.4803 ] } },
{ "type": "Feature", "properties": { "filename": "P6040936-1", "description": null }, "geometry": { "type": "Point", "coordinates": [ 139.705048, 35.701157, 31.3164 ] } },
{ "type": "Feature", "properties": { "filename": "P6040972", "description": null }, "geometry": { "type": "Point", "coordinates": [ 139.707642, 35.698711, 39.709 ] } },
{ "type": "Feature", "properties": { "filename": "P6040987", "description": null }, "geometry": { "type": "Point", "coordinates": [ 139.704926, 35.698116, 32.8394 ] } },
{ "type": "Feature", "properties": { "filename": "P6040997", "description": null }, "geometry": { "type": "Point", "coordinates": [ 139.704575, 35.696224, 33.9927 ] } },
{ "type": "Feature", "properties": { "filename": "P6040998-1", "description": null }, "geometry": { "type": "Point", "coordinates": [ 139.70372, 35.696228, 33.5876 ] } },
{ "type": "Feature", "properties": { "filename": "P6041003", "description": null }, "geometry": { "type": "Point", "coordinates": [ 139.702835, 35.696159, 59.2252 ] } },
{ "type": "Feature", "properties": { "filename": "P6041009", "description": null }, "geometry": { "type": "Point", "coordinates": [ 139.701691, 35.695583, 35.5986 ] } },
{ "type": "Feature", "properties": { "filename": "P6041010", "description": null }, "geometry": { "type": "Point", "coordinates": [ 139.701691, 35.695583, 35.5986 ] } },
{ "type": "Feature", "properties": { "filename": "P6041011", "description": null }, "geometry": { "type": "Point", "coordinates": [ 139.701691, 35.695583, 35.5986 ] } },
{ "type": "Feature", "properties": { "filename": "P6041013", "description": null }, "geometry": { "type": "Point", "coordinates": [ 139.701691, 35.695583, 35.5986 ] } },
{ "type": "Feature", "properties": { "filename": "P6041017", "description": null }, "geometry": { "type": "Point", "coordinates": [ 139.701538, 35.695015, 38.4831 ] } },
{ "type": "Feature", "properties": { "filename": "P6041037-1", "description": null }, "geometry": { "type": "Point", "coordinates": [ 139.699524, 35.693607, 59.2642 ] } },
{ "type": "Feature", "properties": { "filename": "P6041040", "description": null }, "geometry": { "type": "Point", "coordinates": [ 139.655032459279028, 35.674405981816555, 0.0 ] } },
{ "type": "Feature", "properties": { "filename": "P6041044", "description": null }, "geometry": { "type": "Point", "coordinates": [ 139.654967070511191, 35.67441144275125, 0.0 ] } },
{ "type": "Feature", "properties": { "filename": "P6051052", "description": null }, "geometry": { "type": "Point", "coordinates": [ 139.53833, 35.674896, 54.2385 ] } },
{ "type": "Feature", "properties": { "filename": "P6051056", "description": null }, "geometry": { "type": "Point", "coordinates": [ 139.537842, 35.674332, 55.6785 ] } },
{ "type": "Feature", "properties": { "filename": "P6051066", "description": null }, "geometry": { "type": "Point", "coordinates": [ 139.535858, 35.674908, 46.8236 ] } },
{ "type": "Feature", "properties": { "filename": "P6051071", "description": null }, "geometry": { "type": "Point", "coordinates": [ 139.535858, 35.674908, 46.8236 ] } },
{ "type": "Feature", "properties": { "filename": "P6051075", "description": null }, "geometry": { "type": "Point", "coordinates": [ 139.535858, 35.674908, 46.8236 ] } },
{ "type": "Feature", "properties": { "filename": "P6051080", "description": null }, "geometry": { "type": "Point", "coordinates": [ 139.53537, 35.675064, 49.4468 ] } },
{ "type": "Feature", "properties": { "filename": "P6051081", "description": null }, "geometry": { "type": "Point", "coordinates": [ 139.53537, 35.675064, 49.4468 ] } },
{ "type": "Feature", "properties": { "filename": "P6051083", "description": null }, "geometry": { "type": "Point", "coordinates": [ 139.53537, 35.675064, 49.4468 ] } },
{ "type": "Feature", "properties": { "filename": "P6051093", "description": null }, "geometry": { "type": "Point", "coordinates": [ 139.547012, 35.667553, 48.3457 ] } },
{ "type": "Feature", "properties": { "filename": "P6051100-1", "description": null }, "geometry": { "type": "Point", "coordinates": [ 139.548477, 35.667225, 48.2435 ] } },
{ "type": "Feature", "properties": { "filename": "P6051110", "description": null }, "geometry": { "type": "Point", "coordinates": [ 139.549927, 35.66708, 42.0285 ] } },
{ "type": "Feature", "properties": { "filename": "P6051127", "description": null }, "geometry": { "type": "Point", "coordinates": [ 139.549927, 35.66708, 42.0285 ] } },
{ "type": "Feature", "properties": { "filename": "P6051131", "description": null }, "geometry": { "type": "Point", "coordinates": [ 139.549927, 35.66708, 42.0285 ] } },
{ "type": "Feature", "properties": { "filename": "P6051138-1", "description": null }, "geometry": { "type": "Point", "coordinates": [ 139.549927, 35.66708, 42.0285 ] } },
{ "type": "Feature", "properties": { "filename": "P6171158", "description": null }, "geometry": { "type": "Point", "coordinates": [ 139.651749, 35.69207, 42.432 ] } },
{ "type": "Feature", "properties": { "filename": "P6171166", "description": null }, "geometry": { "type": "Point", "coordinates": [ 139.653458, 35.694134, 44.9141 ] } },
{ "type": "Feature", "properties": { "filename": "P6171171", "description": null }, "geometry": { "type": "Point", "coordinates": [ 139.652725, 35.694721, 42.432 ] } },
{ "type": "Feature", "properties": { "filename": "P6171173", "description": null }, "geometry": { "type": "Point", "coordinates": [ 139.652725, 35.694721, 42.432 ] } },
{ "type": "Feature", "properties": { "filename": "P6171178", "description": null }, "geometry": { "type": "Point", "coordinates": [ 139.653488, 35.683552, 34.282 ] } },
{ "type": "Feature", "properties": { "filename": "P6211181", "description": null }, "geometry": { "type": "Point", "coordinates": [ 139.654991315799037, 35.674444160214186, 0.0 ] } },
{ "type": "Feature", "properties": { "filename": "P7121201", "description": null }, "geometry": { "type": "Point", "coordinates": [ 139.822083, 35.167862, 10.0575 ] } },
{ "type": "Feature", "properties": { "filename": "P7121205", "description": null }, "geometry": { "type": "Point", "coordinates": [ 139.822632, 35.168182, 13.0006 ] } },
{ "type": "Feature", "properties": { "filename": "P7121221", "description": null }, "geometry": { "type": "Point", "coordinates": [ 139.835922, 35.146179, 13.1189 ] } },
{ "type": "Feature", "properties": { "filename": "P7121232", "description": null }, "geometry": { "type": "Point", "coordinates": [ 139.840561, 35.148254, 15.9991 ] } },
{ "type": "Feature", "properties": { "filename": "P7121237", "description": null }, "geometry": { "type": "Point", "coordinates": [ 139.844879, 35.151318, 136.745 ] } },
{ "type": "Feature", "properties": { "filename": "P7121246", "description": null }, "geometry": { "type": "Point", "coordinates": [ 139.846436, 35.155636, 59.1461 ] } },
{ "type": "Feature", "properties": { "filename": "P7121256", "description": null }, "geometry": { "type": "Point", "coordinates": [ 139.833389, 35.154079, 57.7984 ] } },
{ "type": "Feature", "properties": { "filename": "P7121264", "description": null }, "geometry": { "type": "Point", "coordinates": [ 139.833893, 35.156719, 116.541 ] } },
{ "type": "Feature", "properties": { "filename": "P7121279", "description": null }, "geometry": { "type": "Point", "coordinates": [ 139.831131, 35.15683, 157.555 ] } },
{ "type": "Feature", "properties": { "filename": "P7121280", "description": null }, "geometry": { "type": "Point", "coordinates": [ 139.831131, 35.15683, 157.555 ] } },
{ "type": "Feature", "properties": { "filename": "P7121282", "description": null }, "geometry": { "type": "Point", "coordinates": [ 139.830872, 35.157619, 172.788 ] } },
{ "type": "Feature", "properties": { "filename": "P7121285", "description": null }, "geometry": { "type": "Point", "coordinates": [ 139.831436, 35.15797, 224.27 ] } },
{ "type": "Feature", "properties": { "filename": "P7121287-1", "description": null }, "geometry": { "type": "Point", "coordinates": [ 139.832213972222206, 35.158740333333334, 0.0 ] } },
{ "type": "Feature", "properties": { "filename": "P7121299", "description": null }, "geometry": { "type": "Point", "coordinates": [ 139.83284, 35.159, 291.996 ] } },
{ "type": "Feature", "properties": { "filename": "P7121317", "description": null }, "geometry": { "type": "Point", "coordinates": [ 139.834670227777792, 35.157615833333331, 0.0 ] } },
{ "type": "Feature", "properties": { "filename": "P7121341", "description": null }, "geometry": { "type": "Point", "coordinates": [ 139.832596, 35.158928, 243.849 ] } },
{ "type": "Feature", "properties": { "filename": "P7121360", "description": null }, "geometry": { "type": "Point", "coordinates": [ 139.834503, 35.159763, 242.048 ] } },
{ "type": "Feature", "properties": { "filename": "P7121395", "description": null }, "geometry": { "type": "Point", "coordinates": [ 139.836273, 35.159725, 294.866 ] } },
{ "type": "Feature", "properties": { "filename": "P7121456", "description": null }, "geometry": { "type": "Point", "coordinates": [ 139.765041833333328, 35.197994722222219, 0.0 ] } },
{ "type": "Feature", "properties": { "filename": "P7121482", "description": null }, "geometry": { "type": "Point", "coordinates": [ 139.656158, 35.284718, 5.22118 ] } },
{ "type": "Feature", "properties": { "filename": "P7121501", "description": null }, "geometry": { "type": "Point", "coordinates": [ 139.662888, 35.279602, 11.5049 ] } },
{ "type": "Feature", "properties": { "filename": "P7141505", "description": null }, "geometry": { "type": "Point", "coordinates": [ 139.652835138888889, 35.673823527777778, 0.0 ] } },
{ "type": "Feature", "properties": { "filename": "P7141519", "description": null }, "geometry": { "type": "Point", "coordinates": [ 139.650055, 35.671337, 49.3604 ] } },
{ "type": "Feature", "properties": { "filename": "P7141531", "description": null }, "geometry": { "type": "Point", "coordinates": [ 139.64444, 35.670433, 48.7584 ] } },
{ "type": "Feature", "properties": { "filename": "P7141533", "description": null }, "geometry": { "type": "Point", "coordinates": [ 139.644821, 35.667912, 48.7609 ] } },
{ "type": "Feature", "properties": { "filename": "P7141557", "description": null }, "geometry": { "type": "Point", "coordinates": [ 139.649231, 35.670258, 52.0895 ] } },
{ "type": "Feature", "properties": { "filename": "P7141561", "description": null }, "geometry": { "type": "Point", "coordinates": [ 139.649887, 35.669479, 52.8422 ] } },
{ "type": "Feature", "properties": { "filename": "P7141564", "description": null }, "geometry": { "type": "Point", "coordinates": [ 139.649887, 35.669479, 52.8422 ] } },
{ "type": "Feature", "properties": { "filename": "P7141570", "description": null }, "geometry": { "type": "Point", "coordinates": [ 139.649918, 35.668968, 51.5263 ] } },
{ "type": "Feature", "properties": { "filename": "P7181573", "description": null }, "geometry": { "type": "Point", "coordinates": [ 139.270309, 35.632175, 167.539 ] } },
{ "type": "Feature", "properties": { "filename": "P7181580", "description": "The cablecar up Takao-san" }, "geometry": { "type": "Point", "coordinates": [ 139.263596, 35.631172, 241.308 ] } },
{ "type": "Feature", "properties": { "filename": "P7181584", "description": "Trail 1" }, "geometry": { "type": "Point", "coordinates": [ 139.255814, 35.6311, 423.044 ] } },
{ "type": "Feature", "properties": { "filename": "P7181587-2", "description": "Trail 1" }, "geometry": { "type": "Point", "coordinates": [ 139.255478, 35.630451, 462.818 ] } },
{ "type": "Feature", "properties": { "filename": "P7181594", "description": "Couldn't see Mt Fuji in July" }, "geometry": { "type": "Point", "coordinates": [ 139.2435, 35.624966, 599.13 ] } },
{ "type": "Feature", "properties": { "filename": "P7181603", "description": "monke :)" }, "geometry": { "type": "Point", "coordinates": [ 139.254364, 35.629654, 520.965 ] } },
{ "type": "Feature", "properties": { "filename": "P7181625", "description": null }, "geometry": { "type": "Point", "coordinates": [ 139.255219, 35.629787, 480.324 ] } },
{ "type": "Feature", "properties": { "filename": "P7181639", "description": null }, "geometry": { "type": "Point", "coordinates": [ 139.260574, 35.63224, 409.633 ] } },
{ "type": "Feature", "properties": { "filename": "P7181643", "description": null }, "geometry": { "type": "Point", "coordinates": [ 139.654931045564979, 35.674447098859254, 53.497 ] } },
{ "type": "Feature", "properties": { "filename": "P7181657", "description": null }, "geometry": { "type": "Point", "coordinates": [ 139.654931045564979, 35.674447098859254, 53.497 ] } },
{ "type": "Feature", "properties": { "filename": "P7181664", "description": null }, "geometry": { "type": "Point", "coordinates": [ 139.654931045564979, 35.674447098859254, 53.497 ] } },
{ "type": "Feature", "properties": { "filename": "P7181665", "description": null }, "geometry": { "type": "Point", "coordinates": [ 139.654931045564979, 35.674447098859254, 53.497 ] } },
{ "type": "Feature", "properties": { "filename": "P7181683", "description": null }, "geometry": { "type": "Point", "coordinates": [ 139.654931045564979, 35.674447098859254, 53.497 ] } },
{ "type": "Feature", "properties": { "filename": "P7191686-1", "description": null }, "geometry": { "type": "Point", "coordinates": [ 139.654988685080724, 35.674382992683988, 0.0 ] } },
{ "type": "Feature", "properties": { "filename": "P1260207", "description": null }, "geometry": { "type": "Point", "coordinates": [ 139.630574111111116, 35.628202694444447, 0.0 ] } },
{ "type": "Feature", "properties": { "filename": "P1290316", "description": null }, "geometry": { "type": "Point", "coordinates": [ 139.618049311111122, 35.921112638888886, 0.0 ] } },
{ "type": "Feature", "properties": { "filename": "P1270246", "description": null }, "geometry": { "type": "Point", "coordinates": [ 139.641685472222207, 35.631058138888889, 0.0 ] } },
{ "type": "Feature", "properties": { "filename": "P1290338", "description": null }, "geometry": { "type": "Point", "coordinates": [ 139.617762877777778, 35.92181825, 0.0 ] } },
{ "type": "Feature", "properties": { "filename": "P1290337", "description": null }, "geometry": { "type": "Point", "coordinates": [ 139.618049902777784, 35.921140277777774, 0.0 ] } },
{ "type": "Feature", "properties": { "filename": "P1290418", "description": null }, "geometry": { "type": "Point", "coordinates": [ 139.617764258333352, 35.920242222222221, 0.0 ] } },
{ "type": "Feature", "properties": { "filename": "P1290359", "description": null }, "geometry": { "type": "Point", "coordinates": [ 139.618166433333329, 35.920687277777773, 0.0 ] } },
{ "type": "Feature", "properties": { "filename": "P1290477", "description": null }, "geometry": { "type": "Point", "coordinates": [ 139.489293749999973, 35.917397016666662, 0.0 ] } },
{ "type": "Feature", "properties": { "filename": "P1290453", "description": "\"Bonsai village\",  a district outside Omiya station.  Lots of cool trees but no photos allowed inside this shop :(" }, "geometry": { "type": "Point", "coordinates": [ 139.636207444444437, 35.927186416666665, 0.0 ] } },
{ "type": "Feature", "properties": { "filename": "P1290504", "description": "Ye olde Starbuckse" }, "geometry": { "type": "Point", "coordinates": [ 139.483243083333349, 35.915249638888888, 0.0 ] } },
{ "type": "Feature", "properties": { "filename": "P1290480", "description": null }, "geometry": { "type": "Point", "coordinates": [ 139.488948805555538, 35.917575308333333, 0.0 ] } },
{ "type": "Feature", "properties": { "filename": "P1290532", "description": "By Omiya station" }, "geometry": { "type": "Point", "coordinates": [ 139.626502055555562, 35.908159944444442, 0.0 ] } },
{ "type": "Feature", "properties": { "filename": "P1290511", "description": "The main \"old street\" of Kawagoe." }, "geometry": { "type": "Point", "coordinates": [ 139.482762527777766, 35.911471111111112, 0.0 ] } },
{ "type": "Feature", "properties": { "filename": "P8031799", "description": null }, "geometry": { "type": "Point", "coordinates": [ 141.679642, 45.419289, 4.76979 ] } },
{ "type": "Feature", "properties": { "filename": "P8031792", "description": null }, "geometry": { "type": "Point", "coordinates": [ 141.680099, 45.4188, 16.0811 ] } },
{ "type": "Feature", "properties": { "filename": "P8031827", "description": null }, "geometry": { "type": "Point", "coordinates": [ 141.657639, 45.440388, 6.79502 ] } },
{ "type": "Feature", "properties": { "filename": "P8031820", "description": null }, "geometry": { "type": "Point", "coordinates": [ 141.666306, 45.434109, 4.58084 ] } },
{ "type": "Feature", "properties": { "filename": "P8031840", "description": null }, "geometry": { "type": "Point", "coordinates": [ 141.650742, 45.446728, 3.89614 ] } },
{ "type": "Feature", "properties": { "filename": "P8031840-1", "description": null }, "geometry": { "type": "Point", "coordinates": [ 141.650742, 45.446728, 3.89614 ] } },
{ "type": "Feature", "properties": { "filename": "P8031859", "description": "You could just about see Rishiri-fuji from the cape" }, "geometry": { "type": "Point", "coordinates": [ 141.643829, 45.448467, 11.7413 ] } },
{ "type": "Feature", "properties": { "filename": "P8031854", "description": null }, "geometry": { "type": "Point", "coordinates": [ 141.646027, 45.449619, 8.62747 ] } },
{ "type": "Feature", "properties": { "filename": "P8031879-2", "description": null }, "geometry": { "type": "Point", "coordinates": [ 141.64949, 45.44516, 7.20341 ] } },
{ "type": "Feature", "properties": { "filename": "P8031879-1", "description": null }, "geometry": { "type": "Point", "coordinates": [ 141.64949, 45.44516, 7.20341 ] } },
{ "type": "Feature", "properties": { "filename": "P8031882-1", "description": null }, "geometry": { "type": "Point", "coordinates": [ 141.64949, 45.44516, 7.20341 ] } },
{ "type": "Feature", "properties": { "filename": "P8031879", "description": null }, "geometry": { "type": "Point", "coordinates": [ 141.64949, 45.44516, 7.20341 ] } },
{ "type": "Feature", "properties": { "filename": "P8031882", "description": null }, "geometry": { "type": "Point", "coordinates": [ 141.64949, 45.44516, 7.20341 ] } },
{ "type": "Feature", "properties": { "filename": "P8031882-2", "description": null }, "geometry": { "type": "Point", "coordinates": [ 141.64949, 45.44516, 7.20341 ] } },
{ "type": "Feature", "properties": { "filename": "P8041942", "description": null }, "geometry": { "type": "Point", "coordinates": [ 141.033936182290546, 45.277078754703759, 5.96105 ] } },
{ "type": "Feature", "properties": { "filename": "P8031898", "description": null }, "geometry": { "type": "Point", "coordinates": [ 141.670074, 45.414104, 88.2082 ] } },
{ "type": "Feature", "properties": { "filename": "P8041959", "description": null }, "geometry": { "type": "Point", "coordinates": [ 141.020737, 45.284016, 227.527 ] } },
{ "type": "Feature", "properties": { "filename": "P8041946", "description": null }, "geometry": { "type": "Point", "coordinates": [ 141.02829, 45.278847, 88.5881 ] } },
{ "type": "Feature", "properties": { "filename": "P8041965-1", "description": null }, "geometry": { "type": "Point", "coordinates": [ 141.02301, 45.285835, 210.941 ] } },
{ "type": "Feature", "properties": { "filename": "P8041984", "description": "In June and July,  the hills are meant to be full of wildflowers - unfortunately I just missed it" }, "geometry": { "type": "Point", "coordinates": [ 141.028229, 45.288574, 197.898 ] } },
{ "type": "Feature", "properties": { "filename": "P8041994", "description": null }, "geometry": { "type": "Point", "coordinates": [ 141.033676, 45.294418, 240.065 ] } },
{ "type": "Feature", "properties": { "filename": "P8041991", "description": null }, "geometry": { "type": "Point", "coordinates": [ 141.029953, 45.290665, 225.162 ] } },
{ "type": "Feature", "properties": { "filename": "P8052029", "description": null }, "geometry": { "type": "Point", "coordinates": [ 140.997009, 45.416027, 65.1286 ] } },
{ "type": "Feature", "properties": { "filename": "P8052018", "description": null }, "geometry": { "type": "Point", "coordinates": [ 141.009872, 45.428253, 5.40109 ] } },
{ "type": "Feature", "properties": { "filename": "P8052054", "description": null }, "geometry": { "type": "Point", "coordinates": [ 140.987915, 45.413841, 87.2917 ] } },
{ "type": "Feature", "properties": { "filename": "P8052046", "description": null }, "geometry": { "type": "Point", "coordinates": [ 140.988678, 45.413933, 85.9974 ] } },
{ "type": "Feature", "properties": { "filename": "P8052071", "description": null }, "geometry": { "type": "Point", "coordinates": [ 140.9832, 45.436417, 59.7586 ] } },
{ "type": "Feature", "properties": { "filename": "P8052070", "description": null }, "geometry": { "type": "Point", "coordinates": [ 140.9832, 45.436417, 59.7586 ] } },
{ "type": "Feature", "properties": { "filename": "P8052087", "description": null }, "geometry": { "type": "Point", "coordinates": [ 140.973114, 45.43911, 172.4 ] } },
{ "type": "Feature", "properties": { "filename": "P8052080", "description": null }, "geometry": { "type": "Point", "coordinates": [ 140.975021, 45.438976, 161.311 ] } },
{ "type": "Feature", "properties": { "filename": "P8052110", "description": "I missed the bus and got stuck at this cape for 3 hours" }, "geometry": { "type": "Point", "coordinates": [ 140.96814, 45.46265, 25.8165 ] } },
{ "type": "Feature", "properties": { "filename": "P8052093-1", "description": null }, "geometry": { "type": "Point", "coordinates": [ 140.980698, 45.447472, 84.5849 ] } },
{ "type": "Feature", "properties": { "filename": "P8052118", "description": "A boat called Evangelion" }, "geometry": { "type": "Point", "coordinates": [ 140.969254, 45.457939, 27.4764 ] } },
{ "type": "Feature", "properties": { "filename": "P8052114", "description": "" }, "geometry": { "type": "Point", "coordinates": [ 140.97081, 45.45734, 54.2905 ] } },
{ "type": "Feature", "properties": { "filename": "P8052172", "description": null }, "geometry": { "type": "Point", "coordinates": [ 141.048828, 45.304527, 10.9467 ] } },
{ "type": "Feature", "properties": { "filename": "P8052156", "description": null }, "geometry": { "type": "Point", "coordinates": [ 141.059723, 45.369888, 18.6318 ] } },
{ "type": "Feature", "properties": { "filename": "P8062194", "description": "Near the halfway point of the 8-hour hiking route" }, "geometry": { "type": "Point", "coordinates": [ 140.995697, 45.403851, 184.045 ] } },
{ "type": "Feature", "properties": { "filename": "P8062183", "description": "These construction workers fixing the seawall gave me a lift in their all-terrain-vehicle down the mountain" }, "geometry": { "type": "Point", "coordinates": [ 141.00177, 45.345535, 41.7339 ] } },
{ "type": "Feature", "properties": { "filename": "P8062198", "description": null }, "geometry": { "type": "Point", "coordinates": [ 140.997147, 45.417171, 69.3702 ] } },
{ "type": "Feature", "properties": { "filename": "P8062195", "description": null }, "geometry": { "type": "Point", "coordinates": [ 141.000061, 45.411137, 103.392 ] } },
{ "type": "Feature", "properties": { "filename": "P8062200", "description": null }, "geometry": { "type": "Point", "coordinates": [ 141.016739, 45.432243, 7.41859 ] } },
{ "type": "Feature", "properties": { "filename": "P8031783", "description": null }, "geometry": { "type": "Point", "coordinates": [ 141.678116, 45.418442, 5.86017 ] } },
{ "type": "Feature", "properties": { "filename": "P8202366", "description": null }, "geometry": { "type": "Point", "coordinates": [ 121.559780722222214, 25.030318166666667, 0.0 ] } },
{ "type": "Feature", "properties": { "filename": "P8202409", "description": null }, "geometry": { "type": "Point", "coordinates": [ 121.56495525, 25.033043111111109, 0.0 ] } },
{ "type": "Feature", "properties": { "filename": "P8192337", "description": null }, "geometry": { "type": "Point", "coordinates": [ 121.5182459, 25.03791863888889, 0.0 ] } },
{ "type": "Feature", "properties": { "filename": "P8202361", "description": null }, "geometry": { "type": "Point", "coordinates": [ 121.561409472222223, 25.031133055555554, 0.0 ] } },
{ "type": "Feature", "properties": { "filename": "P8243073-1", "description": null }, "geometry": { "type": "Point", "coordinates": [ 121.513161, 25.04693, 10.7148 ] } },
{ "type": "Feature", "properties": { "filename": "P8243073", "description": null }, "geometry": { "type": "Point", "coordinates": [ 121.513161, 25.04693, 10.7148 ] } },
{ "type": "Feature", "properties": { "filename": "P8243063", "description": null }, "geometry": { "type": "Point", "coordinates": [ 121.504951, 25.047644, 12.848 ] } },
{ "type": "Feature", "properties": { "filename": "P8243069", "description": null }, "geometry": { "type": "Point", "coordinates": [ 121.505424, 25.047943, 12.5283 ] } },
{ "type": "Feature", "properties": { "filename": "P8222962", "description": null }, "geometry": { "type": "Point", "coordinates": [ 120.196159, 22.997812, 6.20248 ] } },
{ "type": "Feature", "properties": { "filename": "P8222982", "description": null }, "geometry": { "type": "Point", "coordinates": [ 120.197868, 22.996078, 6.20248 ] } },
{ "type": "Feature", "properties": { "filename": "P8222944", "description": null }, "geometry": { "type": "Point", "coordinates": [ 120.197052, 22.996693, 6.20248 ] } },
{ "type": "Feature", "properties": { "filename": "P8222955-1", "description": null }, "geometry": { "type": "Point", "coordinates": [ 120.19722, 22.997265, 6.20248 ] } },
{ "type": "Feature", "properties": { "filename": "P8243051", "description": null }, "geometry": { "type": "Point", "coordinates": [ 121.506927, 25.04394, 15.4031 ] } },
{ "type": "Feature", "properties": { "filename": "P8243055", "description": null }, "geometry": { "type": "Point", "coordinates": [ 121.503731, 25.046616, 3.53322 ] } },
{ "type": "Feature", "properties": { "filename": "P8233027", "description": null }, "geometry": { "type": "Point", "coordinates": [ 120.202286, 22.990524, 12.9683 ] } },
{ "type": "Feature", "properties": { "filename": "P8233028", "description": null }, "geometry": { "type": "Point", "coordinates": [ 120.202286, 22.990524, 12.9683 ] } },
{ "type": "Feature", "properties": { "filename": "P8222871", "description": null }, "geometry": { "type": "Point", "coordinates": [ 120.208153, 23.000378, 19.7225 ] } },
{ "type": "Feature", "properties": { "filename": "P8222885", "description": null }, "geometry": { "type": "Point", "coordinates": [ 120.210419, 23.003853, 21.17 ] } },
{ "type": "Feature", "properties": { "filename": "P8222826-1", "description": null }, "geometry": { "type": "Point", "coordinates": [ 120.199646, 22.996037, 11.1425 ] } },
{ "type": "Feature", "properties": { "filename": "P8222845", "description": null }, "geometry": { "type": "Point", "coordinates": [ 120.201797, 22.996635, 13.7725 ] } },
{ "type": "Feature", "properties": { "filename": "P8222939-1", "description": null }, "geometry": { "type": "Point", "coordinates": [ 120.195824, 22.996906, 9.0019 ] } },
{ "type": "Feature", "properties": { "filename": "P8222939", "description": null }, "geometry": { "type": "Point", "coordinates": [ 120.195824, 22.996906, 9.0019 ] } },
{ "type": "Feature", "properties": { "filename": "P8222890", "description": null }, "geometry": { "type": "Point", "coordinates": [ 120.209183, 23.004871, 19.7225 ] } },
{ "type": "Feature", "properties": { "filename": "P8222904", "description": null }, "geometry": { "type": "Point", "coordinates": [ 120.197388, 22.997656, 9.11963 ] } },
{ "type": "Feature", "properties": { "filename": "P8212690", "description": null }, "geometry": { "type": "Point", "coordinates": [ 121.843506, 25.108723, 266.018 ] } },
{ "type": "Feature", "properties": { "filename": "P8212702", "description": null }, "geometry": { "type": "Point", "coordinates": [ 121.844139, 25.109247, 265.208 ] } },
{ "type": "Feature", "properties": { "filename": "P8212639", "description": null }, "geometry": { "type": "Point", "coordinates": [ 121.843735, 25.10799, 288.658 ] } },
{ "type": "Feature", "properties": { "filename": "P8212670", "description": null }, "geometry": { "type": "Point", "coordinates": [ 121.843239, 25.108028, 281.258 ] } },
{ "type": "Feature", "properties": { "filename": "P8212742", "description": null }, "geometry": { "type": "Point", "coordinates": [ 121.5541, 25.030603, 5.87758 ] } },
{ "type": "Feature", "properties": { "filename": "P8222753", "description": null }, "geometry": { "type": "Point", "coordinates": [ 121.568787, 25.026787, 18.1958 ] } },
{ "type": "Feature", "properties": { "filename": "P8212716", "description": null }, "geometry": { "type": "Point", "coordinates": [ 121.843575, 25.109108, 264.778 ] } },
{ "type": "Feature", "properties": { "filename": "P8212720", "description": null }, "geometry": { "type": "Point", "coordinates": [ 121.843155, 25.10957, 242.338 ] } },
{ "type": "Feature", "properties": { "filename": "P8202459", "description": null }, "geometry": { "type": "Point", "coordinates": [ 121.515151555555562, 25.055620444444447, 0.0 ] } },
{ "type": "Feature", "properties": { "filename": "P8202461", "description": null }, "geometry": { "type": "Point", "coordinates": [ 121.51503091666666, 25.055115722222222, 0.0 ] } },
{ "type": "Feature", "properties": { "filename": "P8202421", "description": null }, "geometry": { "type": "Point", "coordinates": [ 121.517767347222218, 25.036661638888891, 0.0 ] } },
{ "type": "Feature", "properties": { "filename": "P8202446", "description": null }, "geometry": { "type": "Point", "coordinates": [ 121.515209472222224, 25.055809805555555, 0.0 ] } },
{ "type": "Feature", "properties": { "filename": "P8212609", "description": null }, "geometry": { "type": "Point", "coordinates": [ 121.843712, 25.108036, 281.868 ] } },
{ "type": "Feature", "properties": { "filename": "P8212630", "description": null }, "geometry": { "type": "Point", "coordinates": [ 121.844444, 25.107695, 304.368 ] } },
{ "type": "Feature", "properties": { "filename": "P8212558", "description": null }, "geometry": { "type": "Point", "coordinates": [ 121.841713, 25.107412, 260.738 ] } },
{ "type": "Feature", "properties": { "filename": "P8212561", "description": null }, "geometry": { "type": "Point", "coordinates": [ 121.840691, 25.108036, 260.738 ] } },
{ "type": "Feature", "properties": { "filename": "P8192301", "description": null }, "geometry": { "type": "Point", "coordinates": [ 121.517949775, 25.039374638888891, 0.0 ] } },
{ "type": "Feature", "properties": { "filename": "P8192330", "description": null }, "geometry": { "type": "Point", "coordinates": [ 121.529685472222226, 25.042966888888891, 0.0 ] } },
{ "type": "Feature", "properties": { "filename": "P8182273", "description": null }, "geometry": { "type": "Point", "coordinates": [ 121.523361, 25.044699, 10.7571 ] } },
{ "type": "Feature", "properties": { "filename": "P9213303", "description": null }, "geometry": { "type": "Point", "coordinates": [ 139.474991, 35.298649, 18.8649 ] } },
{ "type": "Feature", "properties": { "filename": "P9213308", "description": null }, "geometry": { "type": "Point", "coordinates": [ 139.474991, 35.298649, 18.8649 ] } },
{ "type": "Feature", "properties": { "filename": "P9213332", "description": null }, "geometry": { "type": "Point", "coordinates": [ 139.474548, 35.298836, 27.8592 ] } },
{ "type": "Feature", "properties": { "filename": "P9213339", "description": null }, "geometry": { "type": "Point", "coordinates": [ 139.474548, 35.298836, 27.8592 ] } },
{ "type": "Feature", "properties": { "filename": "P9213346", "description": null }, "geometry": { "type": "Point", "coordinates": [ 139.474548, 35.298836, 27.8592 ] } },
{ "type": "Feature", "properties": { "filename": "P9213167", "description": null }, "geometry": { "type": "Point", "coordinates": [ 139.535477, 35.316246, 38.2931 ] } },
{ "type": "Feature", "properties": { "filename": "P9213170", "description": null }, "geometry": { "type": "Point", "coordinates": [ 139.535477, 35.316246, 38.2931 ] } },
{ "type": "Feature", "properties": { "filename": "P9213181", "description": null }, "geometry": { "type": "Point", "coordinates": [ 139.533691, 35.312477, 15.5936 ] } },
{ "type": "Feature", "properties": { "filename": "P9213209", "description": null }, "geometry": { "type": "Point", "coordinates": [ 139.486526, 35.309689, 26.6171 ] } },
{ "type": "Feature", "properties": { "filename": "P9213232-1", "description": null }, "geometry": { "type": "Point", "coordinates": [ 139.482452, 35.305363, 3.68194 ] } },
{ "type": "Feature", "properties": { "filename": "P9213232", "description": null }, "geometry": { "type": "Point", "coordinates": [ 139.482452, 35.305363, 3.68194 ] } },
{ "type": "Feature", "properties": { "filename": "P9213257", "description": null }, "geometry": { "type": "Point", "coordinates": [ 139.475449, 35.299114, 15.3917 ] } },
{ "type": "Feature", "properties": { "filename": "P9213295", "description": null }, "geometry": { "type": "Point", "coordinates": [ 139.475555, 35.298378, 9.25075 ] } },
{ "type": "Feature", "properties": { "filename": "P9213081", "description": null }, "geometry": { "type": "Point", "coordinates": [ 139.545944, 35.336937, 27.8128 ] } },
{ "type": "Feature", "properties": { "filename": "P9213088", "description": null }, "geometry": { "type": "Point", "coordinates": [ 139.547195, 35.337841, 38.8692 ] } },
{ "type": "Feature", "properties": { "filename": "P9213099", "description": null }, "geometry": { "type": "Point", "coordinates": [ 139.549026, 35.338806, 63.1919 ] } },
{ "type": "Feature", "properties": { "filename": "P9213119", "description": null }, "geometry": { "type": "Point", "coordinates": [ 139.550034, 35.321648, 8.60287 ] } },
{ "type": "Feature", "properties": { "filename": "P9213126", "description": null }, "geometry": { "type": "Point", "coordinates": [ 139.550034, 35.324112, 5.88901 ] } },
{ "type": "Feature", "properties": { "filename": "P9213138", "description": null }, "geometry": { "type": "Point", "coordinates": [ 139.542648, 35.325535, 74.9336 ] } },
{ "type": "Feature", "properties": { "filename": "P9213161", "description": null }, "geometry": { "type": "Point", "coordinates": [ 139.539215, 35.324562, 24.7033 ] } },
{ "type": "Feature", "properties": { "filename": "P9173077", "description": null }, "geometry": { "type": "Point", "coordinates": [ 139.03537, 35.203873, 759.924 ] } },
{ "type": "Feature", "properties": { "filename": "P9173074", "description": null }, "geometry": { "type": "Point", "coordinates": [ 139.030655, 35.202576, 722.748 ] } },
{ "type": "Feature", "properties": { "filename": null, "description": null }, "geometry": null },
{ "type": "Feature", "properties": { "filename": "PB030116_01", "description": null }, "geometry": { "type": "Point", "coordinates": [ 139.104145444444441, 35.23298375, 0.0 ] } },
{ "type": "Feature", "properties": { "filename": "PA284825_01", "description": null }, "geometry": { "type": "Point", "coordinates": [ 139.096664, 34.905247, 567.624 ] } },
{ "type": "Feature", "properties": { "filename": "PA284815_01", "description": null }, "geometry": { "type": "Point", "coordinates": [ 139.095856, 34.90514, 537.767 ] } },
{ "type": "Feature", "properties": { "filename": "PA284840_01", "description": null }, "geometry": { "type": "Point", "coordinates": [ 139.09552, 34.904755, 557.837 ] } },
{ "type": "Feature", "properties": { "filename": "PB030281_01", "description": null }, "geometry": { "type": "Point", "coordinates": [ 139.104492, 35.233265, 97.9939 ] } },
{ "type": "Feature", "properties": { "filename": "PB030245", "description": null }, "geometry": { "type": "Point", "coordinates": [ 139.103775, 35.233253, 91.1675 ] } },
{ "type": "Feature", "properties": { "filename": "PB030235_01", "description": null }, "geometry": { "type": "Point", "coordinates": [ 139.103775, 35.233253, 91.1675 ] } },
{ "type": "Feature", "properties": { "filename": "PB030278", "description": null }, "geometry": { "type": "Point", "coordinates": [ 139.104492, 35.233265, 97.9939 ] } },
{ "type": "Feature", "properties": { "filename": "PB030259_01", "description": null }, "geometry": { "type": "Point", "coordinates": [ 139.103775, 35.233253, 91.1675 ] } },
{ "type": "Feature", "properties": { "filename": "PA274590", "description": null }, "geometry": { "type": "Point", "coordinates": [ 139.138, 34.890038, 28.5049 ] } },
{ "type": "Feature", "properties": { "filename": "PB110623", "description": null }, "geometry": { "type": "Point", "coordinates": [ 139.056427, 35.245899, 420.206 ] } },
{ "type": "Feature", "properties": { "filename": "PB110655", "description": null }, "geometry": { "type": "Point", "coordinates": [ 139.012604, 35.273369, 654.796 ] } },
{ "type": "Feature", "properties": { "filename": "PA274725_01", "description": null }, "geometry": { "type": "Point", "coordinates": [ 138.953461, 34.680893, 198.835 ] } },
{ "type": "Feature", "properties": { "filename": "PB110652", "description": null }, "geometry": { "type": "Point", "coordinates": [ 139.012604, 35.273369, 654.796 ] } },
{ "type": "Feature", "properties": { "filename": "PA274709_01", "description": null }, "geometry": { "type": "Point", "coordinates": [ 138.953903, 34.680611, 180.917 ] } },
{ "type": "Feature", "properties": { "filename": "PA284753", "description": null }, "geometry": { "type": "Point", "coordinates": [ 138.972488, 34.687008, 18.5184 ] } },
{ "type": "Feature", "properties": { "filename": "PA274726_01", "description": null }, "geometry": { "type": "Point", "coordinates": [ 138.952438, 34.679489, 179.925 ] } },
{ "type": "Feature", "properties": { "filename": "PA274647_01", "description": null }, "geometry": { "type": "Point", "coordinates": [ 139.138489, 34.890503, 3.68401 ] } },
{ "type": "Feature", "properties": { "filename": "PA274612_01", "description": null }, "geometry": { "type": "Point", "coordinates": [ 139.13855, 34.88974, 29.2906 ] } },
{ "type": "Feature", "properties": { "filename": "PA274692_01", "description": null }, "geometry": { "type": "Point", "coordinates": [ 138.953293, 34.680252, 193.759 ] } },
{ "type": "Feature", "properties": { "filename": "PA274672_01", "description": null }, "geometry": { "type": "Point", "coordinates": [ 138.946121, 34.678921, 12.0303 ] } },
{ "type": "Feature", "properties": { "filename": "PB110666_02", "description": null }, "geometry": { "type": "Point", "coordinates": [ 139.012146, 35.273411, 670.806 ] } },
{ "type": "Feature", "properties": { "filename": "PB110658", "description": null }, "geometry": { "type": "Point", "coordinates": [ 139.012985, 35.273922, 679.916 ] } },
{ "type": "Feature", "properties": { "filename": "PB110670_01", "description": null }, "geometry": { "type": "Point", "coordinates": [ 139.012573, 35.273331, 656.736 ] } },
{ "type": "Feature", "properties": { "filename": "PB030206", "description": null }, "geometry": { "type": "Point", "coordinates": [ 139.095612, 35.229, 134.419 ] } },
{ "type": "Feature", "properties": { "filename": "PA153940", "description": null }, "geometry": { "type": "Point", "coordinates": [ 139.703659, 35.713703, 23.1162 ] } },
{ "type": "Feature", "properties": { "filename": "PA153910", "description": null }, "geometry": { "type": "Point", "coordinates": [ 139.705093, 35.713371, 22.0826 ] } },
{ "type": "Feature", "properties": { "filename": "PA154075", "description": null }, "geometry": { "type": "Point", "coordinates": [ 139.703888, 35.714039, 21.455 ] } },
{ "type": "Feature", "properties": { "filename": "PA154005", "description": null }, "geometry": { "type": "Point", "coordinates": [ 139.707214, 35.712196, 22.8773 ] } },
{ "type": "Feature", "properties": { "filename": "PA153995", "description": null }, "geometry": { "type": "Point", "coordinates": [ 139.705673, 35.713264, 32.6444 ] } },
{ "type": "Feature", "properties": { "filename": "PA154060", "description": null }, "geometry": { "type": "Point", "coordinates": [ 139.703888, 35.714039, 21.455 ] } },
{ "type": "Feature", "properties": { "filename": "PA154031", "description": null }, "geometry": { "type": "Point", "coordinates": [ 139.705154, 35.713348, 18.8676 ] } },
{ "type": "Feature", "properties": { "filename": "PA153894", "description": null }, "geometry": { "type": "Point", "coordinates": [ 139.705093, 35.713371, 22.0826 ] } },
{ "type": "Feature", "properties": { "filename": "PB030108_01", "description": null }, "geometry": { "type": "Point", "coordinates": [ 139.65913475, 35.671017305555552, 0.0 ] } },
{ "type": "Feature", "properties": { "filename": "PB010057_01", "description": null }, "geometry": { "type": "Point", "coordinates": [ 139.618017313888885, 35.705428166666671, 0.0 ] } },
{ "type": "Feature", "properties": { "filename": "PA294872", "description": null }, "geometry": { "type": "Point", "coordinates": [ 139.654988055555549, 35.674415305555556, 0.0 ] } },
{ "type": "Feature", "properties": { "filename": "PA153881", "description": null }, "geometry": { "type": "Point", "coordinates": [ 139.699936, 35.690662, 36.1701 ] } },
{ "type": "Feature", "properties": { "filename": "PA174274", "description": null }, "geometry": { "type": "Point", "coordinates": [ 139.669464, 35.642677, 45.6394 ] } },
{ "type": "Feature", "properties": { "filename": "PA174324", "description": null }, "geometry": { "type": "Point", "coordinates": [ 139.668869, 35.642513, 34.1973 ] } },
{ "type": "Feature", "properties": { "filename": "PA174181", "description": null }, "geometry": { "type": "Point", "coordinates": [ 139.67308, 35.642139, 40.0887 ] } },
{ "type": "Feature", "properties": { "filename": "PA174131", "description": null }, "geometry": { "type": "Point", "coordinates": [ 139.685715, 35.629852, 37.4459 ] } },
{ "type": "Feature", "properties": { "filename": "PA174254", "description": null }, "geometry": { "type": "Point", "coordinates": [ 139.669952, 35.643017, 61.1607 ] } },
{ "type": "Feature", "properties": { "filename": "PA174097", "description": null }, "geometry": { "type": "Point", "coordinates": [ 139.691849, 35.637928, 37.5027 ] } },
{ "type": "Feature", "properties": { "filename": "PA174234", "description": null }, "geometry": { "type": "Point", "coordinates": [ 139.669952, 35.643017, 61.1607 ] } },
{ "type": "Feature", "properties": { "filename": "PA174118", "description": null }, "geometry": { "type": "Point", "coordinates": [ 139.691849, 35.637928, 37.5027 ] } },
{ "type": "Feature", "properties": { "filename": "PA174105", "description": null }, "geometry": { "type": "Point", "coordinates": [ 139.691849, 35.637928, 37.5027 ] } },
{ "type": "Feature", "properties": { "filename": "PA174311", "description": null }, "geometry": { "type": "Point", "coordinates": [ 139.668869, 35.642513, 34.1973 ] } },
{ "type": "Feature", "properties": { "filename": "PA073600", "description": null }, "geometry": { "type": "Point", "coordinates": [ 139.741959, 35.628807, 4.40261 ] } },
{ "type": "Feature", "properties": { "filename": "PA073603", "description": null }, "geometry": { "type": "Point", "coordinates": [ 139.742676, 35.628819, 4.69328 ] } },
{ "type": "Feature", "properties": { "filename": "PA073601", "description": null }, "geometry": { "type": "Point", "coordinates": [ 139.741959, 35.628807, 4.40261 ] } },
{ "type": "Feature", "properties": { "filename": "PB080551", "description": null }, "geometry": { "type": "Point", "coordinates": [ 136.756912, 35.41016, 17.357 ] } },
{ "type": "Feature", "properties": { "filename": "PB070491", "description": null }, "geometry": { "type": "Point", "coordinates": [ 136.49353, 35.474243, 409.941 ] } },
{ "type": "Feature", "properties": { "filename": "PB070440", "description": null }, "geometry": { "type": "Point", "coordinates": [ 136.54393, 35.470367, 64.8902 ] } },
{ "type": "Feature", "properties": { "filename": "PB070533", "description": null }, "geometry": { "type": "Point", "coordinates": [ 136.617249, 35.362659, 6.47442 ] } },
{ "type": "Feature", "properties": { "filename": "PB040337_01", "description": null }, "geometry": { "type": "Point", "coordinates": [ 136.760132, 35.411869, 8.96916 ] } },
{ "type": "Feature", "properties": { "filename": "PB070515", "description": null }, "geometry": { "type": "Point", "coordinates": [ 136.490448, 35.475914, 374.253 ] } },
{ "type": "Feature", "properties": { "filename": "PB060403", "description": null }, "geometry": { "type": "Point", "coordinates": [ 136.810928, 35.44725, 53.8797 ] } },
{ "type": "Feature", "properties": { "filename": "PB050364", "description": null }, "geometry": { "type": "Point", "coordinates": [ 136.781982, 35.433708, 315.893 ] } }
]
}
