{
"type": "FeatureCollection",
"name": "places",
"crs": { "type": "name", "properties": { "name": "urn:ogc:def:crs:OGC:1.3:CRS84" } },
"features": [
{ "type": "Feature", "properties": { "Title": "Tomizushi Niigataekimaeten", "placeList": "Niigata", "Note": null, "Latitude": 37.9137561, "Longitude": 139.0598787 }, "geometry": { "type": "Point", "coordinates": [ 139.059878700000013, 37.9137561 ] } },
{ "type": "Feature", "properties": { "Title": "（株）米本園 古町十字路店", "placeList": "Niigata", "Note": "Market", "Latitude": 37.9221851, "Longitude": 139.0448859 }, "geometry": { "type": "Point", "coordinates": [ 139.0448859, 37.9221851 ] } },
{ "type": "Feature", "properties": { "Title": "Eifuku Izumi Residents' Office", "placeList": "Admin", "Note": null, "Latitude": 35.6754581, "Longitude": 139.646212 }, "geometry": { "type": "Point", "coordinates": [ 139.646212, 35.6754581 ] } },
{ "type": "Feature", "properties": { "Title": "Iidabashi Post Office", "placeList": "Admin", "Note": null, "Latitude": 35.6991578, "Longitude": 139.7437021 }, "geometry": { "type": "Point", "coordinates": [ 139.7437021, 35.6991578 ] } },
{ "type": "Feature", "properties": { "Title": "Post Office", "placeList": "Admin", "Note": null, "Latitude": 35.7018772, "Longitude": 139.7394097 }, "geometry": { "type": "Point", "coordinates": [ 139.73940970000001, 35.7018772 ] } },
{ "type": "Feature", "properties": { "Title": "Shinjuku City Hall Tansumachi Branch", "placeList": "Admin", "Note": null, "Latitude": 35.7004221, "Longitude": 139.734191 }, "geometry": { "type": "Point", "coordinates": [ 139.734191, 35.7004221 ] } },
{ "type": "Feature", "properties": { "Title": "Shinjuku City Office", "placeList": "Admin", "Note": null, "Latitude": 35.6939414, "Longitude": 139.7033859 }, "geometry": { "type": "Point", "coordinates": [ 139.7033859, 35.6939414 ] } },
{ "type": "Feature", "properties": { "Title": "The Forum Kitasando", "placeList": "Admin", "Note": null, "Latitude": 35.6792456, "Longitude": 139.7042674 }, "geometry": { "type": "Point", "coordinates": [ 139.7042674, 35.6792456 ] } },
{ "type": "Feature", "properties": { "Title": "ゆうちょ銀行 杉並店", "placeList": "Admin", "Note": null, "Latitude": 35.6815153, "Longitude": 139.6339183 }, "geometry": { "type": "Point", "coordinates": [ 139.6339183, 35.6815153 ] } },
{ "type": "Feature", "properties": { "Title": "ゆうちょ銀行ATM 杉並和泉郵便局", "placeList": "Admin", "Note": null, "Latitude": 35.6754897, "Longitude": 139.6581997 }, "geometry": { "type": "Point", "coordinates": [ 139.658199700000011, 35.6754897 ] } },
{ "type": "Feature", "properties": { "Title": "新宿区 戸塚特別出張所", "placeList": "Admin", "Note": null, "Latitude": 35.7144166, "Longitude": 139.7051555 }, "geometry": { "type": "Point", "coordinates": [ 139.705155499999989, 35.7144166 ] } },
{ "type": "Feature", "properties": { "Title": "Asahikawa Berukokaikan", "placeList": "Asahikawa", "Note": null, "Latitude": 43.755856, "Longitude": 142.358131 }, "geometry": { "type": "Point", "coordinates": [ 142.358131, 43.755856 ] } },
{ "type": "Feature", "properties": { "Title": "Hachiya Ramen", "placeList": "Asahikawa", "Note": null, "Latitude": 43.7699634, "Longitude": 142.3607168 }, "geometry": { "type": "Point", "coordinates": [ 142.3607168, 43.7699634 ] } },
{ "type": "Feature", "properties": { "Title": "Hitsujiya", "placeList": "Asahikawa", "Note": null, "Latitude": 43.7688772, "Longitude": 142.3585212 }, "geometry": { "type": "Point", "coordinates": [ 142.358521200000013, 43.7688772 ] } },
{ "type": "Feature", "properties": { "Title": "Hotel Route-Inn Grand Asahikawa Ekimae", "placeList": "Asahikawa", "Note": null, "Latitude": 43.76436, "Longitude": 142.359748 }, "geometry": { "type": "Point", "coordinates": [ 142.359748, 43.76436 ] } },
{ "type": "Feature", "properties": { "Title": "Hotel WBF Grande Asahikawa", "placeList": "Asahikawa", "Note": null, "Latitude": 43.7624909, "Longitude": 142.3622601 }, "geometry": { "type": "Point", "coordinates": [ 142.362260099999986, 43.7624909 ] } },
{ "type": "Feature", "properties": { "Title": "マルカツ 1階", "placeList": "Asahikawa", "Note": null, "Latitude": 43.7664155, "Longitude": 142.3592977 }, "geometry": { "type": "Point", "coordinates": [ 142.359297700000013, 43.7664155 ] } },
{ "type": "Feature", "properties": { "Title": "HUB", "placeList": "Barber", "Note": null, "Latitude": 35.676031, "Longitude": 139.6718823 }, "geometry": { "type": "Point", "coordinates": [ 139.6718823, 35.676031 ] } },
{ "type": "Feature", "properties": { "Title": "Arthur's Seat", "placeList": "Default list", "Note": null, "Latitude": 55.9440862, "Longitude": -3.1618326 }, "geometry": { "type": "Point", "coordinates": [ -3.1618326, 55.9440862 ] } },
{ "type": "Feature", "properties": { "Title": "Edinburgh Castle", "placeList": "Default list", "Note": null, "Latitude": 55.9485947, "Longitude": -3.1999135 }, "geometry": { "type": "Point", "coordinates": [ -3.1999135, 55.9485947 ] } },
{ "type": "Feature", "properties": { "Title": "Edinburgh University Students' Association", "placeList": "Default list", "Note": null, "Latitude": 55.9460834, "Longitude": -3.1880667 }, "geometry": { "type": "Point", "coordinates": [ -3.1880667, 55.9460834 ] } },
{ "type": "Feature", "properties": { "Title": "Edinburgh Waverley", "placeList": "Default list", "Note": null, "Latitude": 55.9524097, "Longitude": -3.1883014 }, "geometry": { "type": "Point", "coordinates": [ -3.1883014, 55.9524097 ] } },
{ "type": "Feature", "properties": { "Title": "Grassmarket", "placeList": "Default list", "Note": null, "Latitude": 55.9473405, "Longitude": -3.1961492 }, "geometry": { "type": "Point", "coordinates": [ -3.1961492, 55.9473405 ] } },
{ "type": "Feature", "properties": { "Title": "Kisoji Kitashinchi", "placeList": "Default list", "Note": null, "Latitude": 34.6977239, "Longitude": 135.4963699 }, "geometry": { "type": "Point", "coordinates": [ 135.4963699, 34.6977239 ] } },
{ "type": "Feature", "properties": { "Title": "National Museum of Scotland", "placeList": "Default list", "Note": null, "Latitude": 55.9469995, "Longitude": -3.1905666 }, "geometry": { "type": "Point", "coordinates": [ -3.1905666, 55.9469995 ] } },
{ "type": "Feature", "properties": { "Title": "Royal Mile", "placeList": "Default list", "Note": null, "Latitude": 55.9501093, "Longitude": -3.188021 }, "geometry": { "type": "Point", "coordinates": [ -3.188021, 55.9501093 ] } },
{ "type": "Feature", "properties": { "Title": "大湯沼", "placeList": "Default list", "Note": null, "Latitude": 42.5025826, "Longitude": 141.1471666 }, "geometry": { "type": "Point", "coordinates": [ 141.1471666, 42.5025826 ] } },
{ "type": "Feature", "properties": { "Title": "22 Berners St", "placeList": "Favourite places", "Note": null, "Latitude": 51.5178682, "Longitude": -0.1368877 }, "geometry": { "type": "Point", "coordinates": [ -0.1368877, 51.5178682 ] } },
{ "type": "Feature", "properties": { "Title": "51 Warren Rd", "placeList": "Favourite places", "Note": null, "Latitude": 52.2222578, "Longitude": 0.1425858 }, "geometry": { "type": "Point", "coordinates": [ 0.1425858, 52.2222578 ] } },
{ "type": "Feature", "properties": { "Title": "Gogo Pocha", "placeList": "London Food", "Note": null, "Latitude": 51.5010271, "Longitude": -0.1121817 }, "geometry": { "type": "Point", "coordinates": [ -0.1121817, 51.5010271 ] } },
{ "type": "Feature", "properties": { "Title": "Kairakuen", "placeList": "Mito", "Note": null, "Latitude": 36.3754136, "Longitude": 140.4538299 }, "geometry": { "type": "Point", "coordinates": [ 140.453829899999988, 36.3754136 ] } },
{ "type": "Feature", "properties": { "Title": "Kodokan", "placeList": "Mito", "Note": null, "Latitude": 36.3751452, "Longitude": 140.477631 }, "geometry": { "type": "Point", "coordinates": [ 140.477631, 36.3751452 ] } },
{ "type": "Feature", "properties": { "Title": "APA Hotel & Resort Niigata Ekimae Odori", "placeList": "Niigata", "Note": null, "Latitude": 37.9170132, "Longitude": 139.0591524 }, "geometry": { "type": "Point", "coordinates": [ 139.059152399999988, 37.9170132 ] } },
{ "type": "Feature", "properties": { "Title": "Bandai Bridge", "placeList": "Niigata", "Note": null, "Latitude": 37.9195424, "Longitude": 139.0531961 }, "geometry": { "type": "Point", "coordinates": [ 139.0531961, 37.9195424 ] } },
{ "type": "Feature", "properties": { "Title": "Furumachidori", "placeList": "Niigata", "Note": null, "Latitude": 37.9241287, "Longitude": 139.0434286 }, "geometry": { "type": "Point", "coordinates": [ 139.0434286, 37.9241287 ] } },
{ "type": "Feature", "properties": { "Title": "Niigata Senbei Oukoku (Rice Cracker Kingdom)", "placeList": "Niigata", "Note": null, "Latitude": 37.9292565, "Longitude": 139.1637895 }, "geometry": { "type": "Point", "coordinates": [ 139.1637895, 37.9292565 ] } },
{ "type": "Feature", "properties": { "Title": "Northern Culture Museum Niigata Branch", "placeList": "Niigata", "Note": null, "Latitude": 37.925539, "Longitude": 139.040423 }, "geometry": { "type": "Point", "coordinates": [ 139.040423, 37.925539 ] } },
{ "type": "Feature", "properties": { "Title": "Seicomart", "placeList": "Otaru", "Note": null, "Latitude": 43.1878128, "Longitude": 141.0163922 }, "geometry": { "type": "Point", "coordinates": [ 141.016392200000013, 43.1878128 ] } },
{ "type": "Feature", "properties": { "Title": "Shinnihonkai Ferry", "placeList": "Otaru", "Note": null, "Latitude": 43.1906318, "Longitude": 141.0184529 }, "geometry": { "type": "Point", "coordinates": [ 141.0184529, 43.1906318 ] } },
{ "type": "Feature", "properties": { "Title": "Historical Village of Hokkaido", "placeList": "Sapporo", "Note": null, "Latitude": 43.0482239, "Longitude": 141.4969955 }, "geometry": { "type": "Point", "coordinates": [ 141.4969955, 43.0482239 ] } },
{ "type": "Feature", "properties": { "Title": "Matsuya Kotoni", "placeList": "Sapporo", "Note": null, "Latitude": 43.0793766, "Longitude": 141.3069537 }, "geometry": { "type": "Point", "coordinates": [ 141.3069537, 43.0793766 ] } },
{ "type": "Feature", "properties": { "Title": "Moerenuma Park", "placeList": "Sapporo", "Note": null, "Latitude": 43.1231335, "Longitude": 141.4266536 }, "geometry": { "type": "Point", "coordinates": [ 141.4266536, 43.1231335 ] } },
{ "type": "Feature", "properties": { "Title": "Odori Park", "placeList": "Sapporo", "Note": null, "Latitude": 43.0607521, "Longitude": 141.3544308 }, "geometry": { "type": "Point", "coordinates": [ 141.354430799999989, 43.0607521 ] } },
{ "type": "Feature", "properties": { "Title": "Okurayama Viewing Point", "placeList": "Sapporo", "Note": null, "Latitude": 43.0507693, "Longitude": 141.2858407 }, "geometry": { "type": "Point", "coordinates": [ 141.2858407, 43.0507693 ] } },
{ "type": "Feature", "properties": { "Title": "Risshaku-ji Temple (Yamadera)", "placeList": "Sapporo", "Note": null, "Latitude": 38.3131193, "Longitude": 140.4346099 }, "geometry": { "type": "Point", "coordinates": [ 140.4346099, 38.3131193 ] } },
{ "type": "Feature", "properties": { "Title": "Susukino St", "placeList": "Sapporo", "Note": null, "Latitude": 43.0536195, "Longitude": 141.3522267 }, "geometry": { "type": "Point", "coordinates": [ 141.352226699999989, 43.0536195 ] } },
{ "type": "Feature", "properties": { "Title": "AEON MALL TAKAMATSU", "placeList": "Shikoku", "Note": null, "Latitude": 34.3520547, "Longitude": 134.0047999 }, "geometry": { "type": "Point", "coordinates": [ 134.0047999, 34.3520547 ] } },
{ "type": "Feature", "properties": { "Title": "Biwa Waterfall", "placeList": "Shikoku", "Note": null, "Latitude": 33.8753811, "Longitude": 133.8362344 }, "geometry": { "type": "Point", "coordinates": [ 133.8362344, 33.8753811 ] } },
{ "type": "Feature", "properties": { "Title": "Hinoji Valley - Iya River Bend Observation Point", "placeList": "Shikoku", "Note": null, "Latitude": 33.9090025, "Longitude": 133.8184688 }, "geometry": { "type": "Point", "coordinates": [ 133.8184688, 33.9090025 ] } },
{ "type": "Feature", "properties": { "Title": "Hyakuban Kita", "placeList": "Shikoku", "Note": null, "Latitude": 34.3261087, "Longitude": 134.0706775 }, "geometry": { "type": "Point", "coordinates": [ 134.070677499999988, 34.3261087 ] } },
{ "type": "Feature", "properties": { "Title": "Iya Valley Hot Springs Hotel Hikyō-no-yu 祖谷渓温泉 ホテル秘境の湯", "placeList": "Shikoku", "Note": null, "Latitude": 33.8898219, "Longitude": 133.8128985 }, "geometry": { "type": "Point", "coordinates": [ 133.812898499999989, 33.8898219 ] } },
{ "type": "Feature", "properties": { "Title": "Koboke Observation Deck", "placeList": "Shikoku", "Note": null, "Latitude": 33.9372609, "Longitude": 133.753258 }, "geometry": { "type": "Point", "coordinates": [ 133.753258, 33.9372609 ] } },
{ "type": "Feature", "properties": { "Title": "Kotoden-Kotohira Station", "placeList": "Shikoku", "Note": null, "Latitude": 34.1909211, "Longitude": 133.8192274 }, "geometry": { "type": "Point", "coordinates": [ 133.819227399999988, 34.1909211 ] } },
{ "type": "Feature", "properties": { "Title": "Mino Station", "placeList": "Shikoku", "Note": null, "Latitude": 34.2061753, "Longitude": 133.710294 }, "geometry": { "type": "Point", "coordinates": [ 133.710294, 34.2061753 ] } },
{ "type": "Feature", "properties": { "Title": "Mt. Yashima", "placeList": "Shikoku", "Note": null, "Latitude": 34.3557065, "Longitude": 134.104648 }, "geometry": { "type": "Point", "coordinates": [ 134.104648, 34.3557065 ] } },
{ "type": "Feature", "properties": { "Title": "Nankai Ferry Tokushima Port Terminal", "placeList": "Shikoku", "Note": null, "Latitude": 34.0564981, "Longitude": 134.5842425 }, "geometry": { "type": "Point", "coordinates": [ 134.584242499999988, 34.0564981 ] } },
{ "type": "Feature", "properties": { "Title": "Pumpkin - Kusama Yayoi", "placeList": "Shikoku", "Note": null, "Latitude": 34.4463665, "Longitude": 133.9956455 }, "geometry": { "type": "Point", "coordinates": [ 133.9956455, 34.4463665 ] } },
{ "type": "Feature", "properties": { "Title": "Ritsurin Garden", "placeList": "Shikoku", "Note": null, "Latitude": 34.3299036, "Longitude": 134.0457696 }, "geometry": { "type": "Point", "coordinates": [ 134.0457696, 34.3299036 ] } },
{ "type": "Feature", "properties": { "Title": "Sarutahiko Coffee Ikebukuro", "placeList": "Shikoku", "Note": null, "Latitude": 35.7267928, "Longitude": 139.7102846 }, "geometry": { "type": "Point", "coordinates": [ 139.7102846, 35.7267928 ] } },
{ "type": "Feature", "properties": { "Title": "Sawaya", "placeList": "Shikoku", "Note": null, "Latitude": 34.0686811, "Longitude": 134.5487724 }, "geometry": { "type": "Point", "coordinates": [ 134.5487724, 34.0686811 ] } },
{ "type": "Feature", "properties": { "Title": "Shusshakaji Temple", "placeList": "Shikoku", "Note": null, "Latitude": 34.2192276, "Longitude": 133.7502032 }, "geometry": { "type": "Point", "coordinates": [ 133.750203199999987, 34.2192276 ] } },
{ "type": "Feature", "properties": { "Title": "Tokushima Station", "placeList": "Shikoku", "Note": null, "Latitude": 34.0744574, "Longitude": 134.5513574 }, "geometry": { "type": "Point", "coordinates": [ 134.5513574, 34.0744574 ] } },
{ "type": "Feature", "properties": { "Title": "Udon Honjin Yamadaya Main Branch", "placeList": "Shikoku", "Note": null, "Latitude": 34.3532536, "Longitude": 134.1296254 }, "geometry": { "type": "Point", "coordinates": [ 134.1296254, 34.3532536 ] } },
{ "type": "Feature", "properties": { "Title": "Yakuri Sanjo Station", "placeList": "Shikoku", "Note": null, "Latitude": 34.3580625, "Longitude": 134.1397847 }, "geometry": { "type": "Point", "coordinates": [ 134.1397847, 34.3580625 ] } },
{ "type": "Feature", "properties": { "Title": "Yakuri Station", "placeList": "Shikoku", "Note": null, "Latitude": 34.3446444, "Longitude": 134.1221025 }, "geometry": { "type": "Point", "coordinates": [ 134.122102500000011, 34.3446444 ] } },
{ "type": "Feature", "properties": { "Title": "Yashima-Sanjo", "placeList": "Shikoku", "Note": null, "Latitude": 34.35824, "Longitude": 134.10211 }, "geometry": { "type": "Point", "coordinates": [ 134.10211, 34.35824 ] } },
{ "type": "Feature", "properties": { "Title": "Zentsūji Station", "placeList": "Shikoku", "Note": null, "Latitude": 34.2299764, "Longitude": 133.7892489 }, "geometry": { "type": "Point", "coordinates": [ 133.7892489, 34.2299764 ] } },
{ "type": "Feature", "properties": { "Title": "Ōboke Station", "placeList": "Shikoku", "Note": null, "Latitude": 33.8766856, "Longitude": 133.7672168 }, "geometry": { "type": "Point", "coordinates": [ 133.7672168, 33.8766856 ] } },
{ "type": "Feature", "properties": { "Title": "すし 森山", "placeList": "Shikoku", "Note": null, "Latitude": 34.343996, "Longitude": 134.051752 }, "geometry": { "type": "Point", "coordinates": [ 134.051752, 34.343996 ] } },
{ "type": "Feature", "properties": { "Title": "呑喜", "placeList": "Shikoku", "Note": null, "Latitude": 34.3409156, "Longitude": 134.0506339 }, "geometry": { "type": "Point", "coordinates": [ 134.0506339, 34.3409156 ] } },
{ "type": "Feature", "properties": { "Title": "旅館 はやし別館", "placeList": "Shikoku", "Note": null, "Latitude": 34.071062, "Longitude": 134.550869 }, "geometry": { "type": "Point", "coordinates": [ 134.550869, 34.071062 ] } },
{ "type": "Feature", "properties": { "Title": "花の将", "placeList": "Shikoku", "Note": null, "Latitude": 34.3404463, "Longitude": 134.0492769 }, "geometry": { "type": "Point", "coordinates": [ 134.0492769, 34.3404463 ] } },
{ "type": "Feature", "properties": { "Title": "BAR TONE OF APOLLO", "placeList": "Venues", "Note": null, "Latitude": 35.647041, "Longitude": 139.7073827 }, "geometry": { "type": "Point", "coordinates": [ 139.707382700000011, 35.647041 ] } },
{ "type": "Feature", "properties": { "Title": "BUY BACK", "placeList": "Venues", "Note": null, "Latitude": 35.6463704, "Longitude": 139.7092275 }, "geometry": { "type": "Point", "coordinates": [ 139.7092275, 35.6463704 ] } },
{ "type": "Feature", "properties": { "Title": "Bar B-10", "placeList": "Venues", "Note": null, "Latitude": 35.645834, "Longitude": 139.7072423 }, "geometry": { "type": "Point", "coordinates": [ 139.7072423, 35.645834 ] } },
{ "type": "Feature", "properties": { "Title": "ENJOY↑HOUSE", "placeList": "Venues", "Note": null, "Latitude": 35.6491532, "Longitude": 139.7072657 }, "geometry": { "type": "Point", "coordinates": [ 139.7072657, 35.6491532 ] } },
{ "type": "Feature", "properties": { "Title": "Ryogoku Kokugikan National Sumo Arena", "placeList": "Venues", "Note": null, "Latitude": 35.6969732, "Longitude": 139.7932746 }, "geometry": { "type": "Point", "coordinates": [ 139.7932746, 35.6969732 ] } },
{ "type": "Feature", "properties": { "Title": "WOMB", "placeList": "Venues", "Note": null, "Latitude": 35.6584234, "Longitude": 139.6949451 }, "geometry": { "type": "Point", "coordinates": [ 139.694945100000012, 35.6584234 ] } },
{ "type": "Feature", "properties": { "Title": "Daimonsaka Parking Lot", "placeList": "Wakayama", "Note": null, "Latitude": 33.6684588, "Longitude": 135.903384 }, "geometry": { "type": "Point", "coordinates": [ 135.903384, 33.6684588 ] } },
{ "type": "Feature", "properties": { "Title": "Ide Shoten", "placeList": "Wakayama", "Note": null, "Latitude": 34.2285064, "Longitude": 135.1895412 }, "geometry": { "type": "Point", "coordinates": [ 135.1895412, 34.2285064 ] } },
{ "type": "Feature", "properties": { "Title": "Kimii-dera", "placeList": "Wakayama", "Note": null, "Latitude": 34.1851473, "Longitude": 135.1900721 }, "geometry": { "type": "Point", "coordinates": [ 135.1900721, 34.1851473 ] } },
{ "type": "Feature", "properties": { "Title": "Kokawa-dera Temple", "placeList": "Wakayama", "Note": null, "Latitude": 34.2809364, "Longitude": 135.4059828 }, "geometry": { "type": "Point", "coordinates": [ 135.4059828, 34.2809364 ] } },
{ "type": "Feature", "properties": { "Title": "Kumanosanshoo Shrine 熊野三所大神社", "placeList": "Wakayama", "Note": null, "Latitude": 33.6448705, "Longitude": 135.9345727 }, "geometry": { "type": "Point", "coordinates": [ 135.9345727, 33.6448705 ] } },
{ "type": "Feature", "properties": { "Title": "Nankai Ferry Wakayamako Port Terminal", "placeList": "Wakayama", "Note": null, "Latitude": 34.2174361, "Longitude": 135.1441174 }, "geometry": { "type": "Point", "coordinates": [ 135.1441174, 34.2174361 ] } },
{ "type": "Feature", "properties": { "Title": "Negoroji", "placeList": "Wakayama", "Note": null, "Latitude": 34.2870276, "Longitude": 135.3162122 }, "geometry": { "type": "Point", "coordinates": [ 135.3162122, 34.2870276 ] } },
{ "type": "Feature", "properties": { "Title": "Wakayama Castle", "placeList": "Wakayama", "Note": null, "Latitude": 34.2276558, "Longitude": 135.1715109 }, "geometry": { "type": "Point", "coordinates": [ 135.171510899999987, 34.2276558 ] } },
{ "type": "Feature", "properties": { "Title": "Yagumo", "placeList": "Wakayama", "Note": null, "Latitude": 33.629127, "Longitude": 135.943875 }, "geometry": { "type": "Point", "coordinates": [ 135.943875, 33.629127 ] } },
{ "type": "Feature", "properties": { "Title": "Yamato Transport Co., Ltd. Wakayama Oda Center", "placeList": "Wakayama", "Note": null, "Latitude": 34.2266395, "Longitude": 135.1969773 }, "geometry": { "type": "Point", "coordinates": [ 135.196977299999986, 34.2266395 ] } },
{ "type": "Feature", "properties": { "Title": "Yuasa", "placeList": "Wakayama", "Note": null, "Latitude": 34.0352738, "Longitude": 135.1848916 }, "geometry": { "type": "Point", "coordinates": [ 135.184891599999986, 34.0352738 ] } },
{ "type": "Feature", "properties": { "Title": "Yuasa Station", "placeList": "Wakayama", "Note": null, "Latitude": 34.0322562, "Longitude": 135.1796324 }, "geometry": { "type": "Point", "coordinates": [ 135.1796324, 34.0322562 ] } },
{ "type": "Feature", "properties": { "Title": "みずほ銀行 和歌山支店", "placeList": "Wakayama", "Note": null, "Latitude": 34.231593, "Longitude": 135.1874522 }, "geometry": { "type": "Point", "coordinates": [ 135.1874522, 34.231593 ] } },
{ "type": "Feature", "properties": { "Title": "湯浅城跡", "placeList": "Wakayama", "Note": null, "Latitude": 34.0355156, "Longitude": 135.1937467 }, "geometry": { "type": "Point", "coordinates": [ 135.1937467, 34.0355156 ] } },
{ "type": "Feature", "properties": { "Title": "Asakusa", "placeList": "Want to go", "Note": null, "Latitude": 51.534021, "Longitude": -0.138289 }, "geometry": { "type": "Point", "coordinates": [ -0.138289, 51.534021 ] } },
{ "type": "Feature", "properties": { "Title": "Jolene Bakery & Restaurant", "placeList": "Want to go", "Note": null, "Latitude": 51.5513088, "Longitude": -0.0844365 }, "geometry": { "type": "Point", "coordinates": [ -0.0844365, 51.5513088 ] } },
{ "type": "Feature", "properties": { "Title": "Kintan Japanese BBQ", "placeList": "Want to go", "Note": null, "Latitude": 51.518429, "Longitude": -0.113575 }, "geometry": { "type": "Point", "coordinates": [ -0.113575, 51.518429 ] } },
{ "type": "Feature", "properties": { "Title": "Mugen", "placeList": "Want to go", "Note": null, "Latitude": 51.5195629, "Longitude": -0.1093088 }, "geometry": { "type": "Point", "coordinates": [ -0.1093088, 51.5195629 ] } },
{ "type": "Feature", "properties": { "Title": "Tonkotsu Soho", "placeList": "Want to go", "Note": null, "Latitude": 51.5130957, "Longitude": -0.1322617 }, "geometry": { "type": "Point", "coordinates": [ -0.1322617, 51.5130957 ] } },
{ "type": "Feature", "properties": { "Title": "Summit Nabeyayokocho Store", "placeList": "スーパー", "Note": null, "Latitude": 35.6968609, "Longitude": 139.6705798 }, "geometry": { "type": "Point", "coordinates": [ 139.670579800000013, 35.6968609 ] } },
{ "type": "Feature", "properties": { "Title": "Summit Store Izumi", "placeList": "スーパー", "Note": null, "Latitude": 35.6829467, "Longitude": 139.655926 }, "geometry": { "type": "Point", "coordinates": [ 139.655926, 35.6829467 ] } },
{ "type": "Feature", "properties": { "Title": "Super Tsukasa Izumi shop", "placeList": "スーパー", "Note": null, "Latitude": 35.674594, "Longitude": 139.6550855 }, "geometry": { "type": "Point", "coordinates": [ 139.655085500000013, 35.674594 ] } },
{ "type": "Feature", "properties": { "Title": "Wakayama MIO", "placeList": "スーパー", "Note": null, "Latitude": 34.2321061, "Longitude": 135.1911398 }, "geometry": { "type": "Point", "coordinates": [ 135.1911398, 34.2321061 ] } },
{ "type": "Feature", "properties": { "Title": "10-24 Okuimachi", "placeList": "ホテル", "Note": null, "Latitude": 36.7046395, "Longitude": 137.2270031 }, "geometry": { "type": "Point", "coordinates": [ 137.2270031, 36.7046395 ] } },
{ "type": "Feature", "properties": { "Title": "Dormy Inn Kanazawa", "placeList": "ホテル", "Note": null, "Latitude": 36.5792629, "Longitude": 136.6505945 }, "geometry": { "type": "Point", "coordinates": [ 136.650594500000011, 36.5792629 ] } },
{ "type": "Feature", "properties": { "Title": "Hotel Crown Hills Sendai Aobadori", "placeList": "ホテル", "Note": null, "Latitude": 38.2609044, "Longitude": 140.875002 }, "geometry": { "type": "Point", "coordinates": [ 140.875002, 38.2609044 ] } },
{ "type": "Feature", "properties": { "Title": "Hotel Intergate Tokyo Kyobashi", "placeList": "ホテル", "Note": null, "Latitude": 35.6754927, "Longitude": 139.7708075 }, "geometry": { "type": "Point", "coordinates": [ 139.770807499999989, 35.6754927 ] } },
{ "type": "Feature", "properties": { "Title": "JR Inn Sapporo-eki Minami-guchi", "placeList": "ホテル", "Note": null, "Latitude": 43.0652099, "Longitude": 141.3551631 }, "geometry": { "type": "Point", "coordinates": [ 141.3551631, 43.0652099 ] } },
{ "type": "Feature", "properties": { "Title": "Koraku Garden Hotel", "placeList": "ホテル", "Note": null, "Latitude": 35.7040665, "Longitude": 139.7481857 }, "geometry": { "type": "Point", "coordinates": [ 139.7481857, 35.7040665 ] } },
{ "type": "Feature", "properties": { "Title": "THE KNOT HIROSHIMA", "placeList": "ホテル", "Note": null, "Latitude": 34.3894008, "Longitude": 132.4552309 }, "geometry": { "type": "Point", "coordinates": [ 132.4552309, 34.3894008 ] } },
{ "type": "Feature", "properties": { "Title": "UNAZUKI YAMANOHA", "placeList": "ホテル", "Note": null, "Latitude": 36.8173327, "Longitude": 137.5841303 }, "geometry": { "type": "Point", "coordinates": [ 137.5841303, 36.8173327 ] } },
{ "type": "Feature", "properties": { "Title": "〒142-0041 Tokyo, Shinagawa City, Togoshi, 3-chōme−11−6 K&Mハイツ", "placeList": "ホテル", "Note": null, "Latitude": 35.6114827, "Longitude": 139.7170476 }, "geometry": { "type": "Point", "coordinates": [ 139.7170476, 35.6114827 ] } },
{ "type": "Feature", "properties": { "Title": "Hama-Kanaya Station", "placeList": "交通", "Note": null, "Latitude": 35.1681316, "Longitude": 139.8222539 }, "geometry": { "type": "Point", "coordinates": [ 139.8222539, 35.1681316 ] } },
{ "type": "Feature", "properties": { "Title": "Hota Station", "placeList": "交通", "Note": null, "Latitude": 35.1410571, "Longitude": 139.8383573 }, "geometry": { "type": "Point", "coordinates": [ 139.838357300000013, 35.1410571 ] } },
{ "type": "Feature", "properties": { "Title": "Matsushima Island Tour Boat Pier", "placeList": "交通", "Note": null, "Latitude": 38.3686913, "Longitude": 141.0633132 }, "geometry": { "type": "Point", "coordinates": [ 141.06331320000001, 38.3686913 ] } },
{ "type": "Feature", "properties": { "Title": "Matsushima Island Tour Boat Ticket Office", "placeList": "交通", "Note": null, "Latitude": 38.367783, "Longitude": 141.06096 }, "geometry": { "type": "Point", "coordinates": [ 141.06096, 38.367783 ] } },
{ "type": "Feature", "properties": { "Title": "Matsushimakaigan Station", "placeList": "交通", "Note": null, "Latitude": 38.368053, "Longitude": 141.0588152 }, "geometry": { "type": "Point", "coordinates": [ 141.0588152, 38.368053 ] } },
{ "type": "Feature", "properties": { "Title": "Sendai Station", "placeList": "交通", "Note": null, "Latitude": 38.2601316, "Longitude": 140.8824375 }, "geometry": { "type": "Point", "coordinates": [ 140.8824375, 38.2601316 ] } },
{ "type": "Feature", "properties": { "Title": "3 Chome Minatomirai", "placeList": "公園", "Note": null, "Latitude": 35.4573777, "Longitude": 139.6311629 }, "geometry": { "type": "Point", "coordinates": [ 139.6311629, 35.4573777 ] } },
{ "type": "Feature", "properties": { "Title": "Kenroku-en", "placeList": "公園", "Note": null, "Latitude": 36.5621278, "Longitude": 136.6626515 }, "geometry": { "type": "Point", "coordinates": [ 136.66265150000001, 36.5621278 ] } },
{ "type": "Feature", "properties": { "Title": "Ryuchi Pond", "placeList": "公園", "Note": null, "Latitude": 35.786824, "Longitude": 140.322398 }, "geometry": { "type": "Point", "coordinates": [ 140.322398, 35.786824 ] } },
{ "type": "Feature", "properties": { "Title": "Yamashitacho Park", "placeList": "公園", "Note": null, "Latitude": 35.4421655, "Longitude": 139.6473213 }, "geometry": { "type": "Point", "coordinates": [ 139.647321299999987, 35.4421655 ] } },
{ "type": "Feature", "properties": { "Title": "しだれ桜並木", "placeList": "公園", "Note": null, "Latitude": 35.6032282, "Longitude": 139.5952432 }, "geometry": { "type": "Point", "coordinates": [ 139.5952432, 35.6032282 ] } },
{ "type": "Feature", "properties": { "Title": "Hiroshima Peace Memorial Museum", "placeList": "博物館", "Note": null, "Latitude": 34.3915027, "Longitude": 132.4531578 }, "geometry": { "type": "Point", "coordinates": [ 132.453157800000014, 34.3915027 ] } },
{ "type": "Feature", "properties": { "Title": "Hyaku-Shaku Kannon", "placeList": "博物館", "Note": null, "Latitude": 35.1591967, "Longitude": 139.8331826 }, "geometry": { "type": "Point", "coordinates": [ 139.833182599999986, 35.1591967 ] } },
{ "type": "Feature", "properties": { "Title": "Kanazawa 21st Century Museum of Contemporary Art", "placeList": "博物館", "Note": null, "Latitude": 36.5608713, "Longitude": 136.6585251 }, "geometry": { "type": "Point", "coordinates": [ 136.6585251, 36.5608713 ] } },
{ "type": "Feature", "properties": { "Title": "Kanazawa Shinise Memorial Hall", "placeList": "博物館", "Note": null, "Latitude": 36.5626428, "Longitude": 136.6503571 }, "geometry": { "type": "Point", "coordinates": [ 136.6503571, 36.5626428 ] } },
{ "type": "Feature", "properties": { "Title": "Sakura City Museum of Art", "placeList": "博物館", "Note": null, "Latitude": 35.719151, "Longitude": 140.229608 }, "geometry": { "type": "Point", "coordinates": [ 140.229608, 35.719151 ] } },
{ "type": "Feature", "properties": { "Title": "The Railway Museum", "placeList": "博物館", "Note": null, "Latitude": 35.9214247, "Longitude": 139.6179197 }, "geometry": { "type": "Point", "coordinates": [ 139.617919699999987, 35.9214247 ] } },
{ "type": "Feature", "properties": { "Title": "富山市ガラス美術館ミュージアムショップ", "placeList": "博物館", "Note": null, "Latitude": 36.6883888, "Longitude": 137.2150549 }, "geometry": { "type": "Point", "coordinates": [ 137.215054900000013, 36.6883888 ] } },
{ "type": "Feature", "properties": { "Title": "10° Cafe", "placeList": "喫茶店", "Note": null, "Latitude": 35.7147555, "Longitude": 139.705522 }, "geometry": { "type": "Point", "coordinates": [ 139.705522, 35.7147555 ] } },
{ "type": "Feature", "properties": { "Title": "23COFFEE", "placeList": "喫茶店", "Note": null, "Latitude": 35.6786295, "Longitude": 139.6352621 }, "geometry": { "type": "Point", "coordinates": [ 139.6352621, 35.6786295 ] } },
{ "type": "Feature", "properties": { "Title": "BOLT", "placeList": "喫茶店", "Note": null, "Latitude": 35.6685489, "Longitude": 139.6827226 }, "geometry": { "type": "Point", "coordinates": [ 139.6827226, 35.6685489 ] } },
{ "type": "Feature", "properties": { "Title": "CAFE54", "placeList": "喫茶店", "Note": null, "Latitude": 36.6893207, "Longitude": 137.2160241 }, "geometry": { "type": "Point", "coordinates": [ 137.2160241, 36.6893207 ] } },
{ "type": "Feature", "properties": { "Title": "Cafe 03", "placeList": "喫茶店", "Note": null, "Latitude": 35.7076407, "Longitude": 139.7264509 }, "geometry": { "type": "Point", "coordinates": [ 139.7264509, 35.7076407 ] } },
{ "type": "Feature", "properties": { "Title": "Cohaze Coffee", "placeList": "喫茶店", "Note": null, "Latitude": 35.6634607, "Longitude": 139.66785 }, "geometry": { "type": "Point", "coordinates": [ 139.66785, 35.6634607 ] } },
{ "type": "Feature", "properties": { "Title": "Doutor", "placeList": "喫茶店", "Note": null, "Latitude": 35.66875, "Longitude": 139.65007 }, "geometry": { "type": "Point", "coordinates": [ 139.65007, 35.66875 ] } },
{ "type": "Feature", "properties": { "Title": "Doutor", "placeList": "喫茶店", "Note": null, "Latitude": 35.6690127, "Longitude": 139.6888742 }, "geometry": { "type": "Point", "coordinates": [ 139.688874199999987, 35.6690127 ] } },
{ "type": "Feature", "properties": { "Title": "Doutor", "placeList": "喫茶店", "Note": null, "Latitude": 35.6835121, "Longitude": 139.658603 }, "geometry": { "type": "Point", "coordinates": [ 139.658603, 35.6835121 ] } },
{ "type": "Feature", "properties": { "Title": "Doutor", "placeList": "喫茶店", "Note": null, "Latitude": 35.6760337, "Longitude": 139.6438717 }, "geometry": { "type": "Point", "coordinates": [ 139.6438717, 35.6760337 ] } },
{ "type": "Feature", "properties": { "Title": "Edo Fukagawa Coffee Shop", "placeList": "喫茶店", "Note": null, "Latitude": 35.6731389, "Longitude": 139.80185 }, "geometry": { "type": "Point", "coordinates": [ 139.80185, 35.6731389 ] } },
{ "type": "Feature", "properties": { "Title": "FIRST HILLS COFFEE DANBO", "placeList": "喫茶店", "Note": null, "Latitude": 35.6799772, "Longitude": 139.687116 }, "geometry": { "type": "Point", "coordinates": [ 139.687116, 35.6799772 ] } },
{ "type": "Feature", "properties": { "Title": "FUGLEN HANEGI KŌEN", "placeList": "喫茶店", "Note": null, "Latitude": 35.6568018, "Longitude": 139.6548183 }, "geometry": { "type": "Point", "coordinates": [ 139.654818299999988, 35.6568018 ] } },
{ "type": "Feature", "properties": { "Title": "Floresta Kōenji", "placeList": "喫茶店", "Note": null, "Latitude": 35.7083429, "Longitude": 139.6496176 }, "geometry": { "type": "Point", "coordinates": [ 139.6496176, 35.7083429 ] } },
{ "type": "Feature", "properties": { "Title": "KO:HI:KAN", "placeList": "喫茶店", "Note": null, "Latitude": 35.6822018, "Longitude": 139.6267304 }, "geometry": { "type": "Point", "coordinates": [ 139.626730400000014, 35.6822018 ] } },
{ "type": "Feature", "properties": { "Title": "Komeda Coffee Hatagaya Station Branch", "placeList": "喫茶店", "Note": null, "Latitude": 35.6760857, "Longitude": 139.6772344 }, "geometry": { "type": "Point", "coordinates": [ 139.6772344, 35.6760857 ] } },
{ "type": "Feature", "properties": { "Title": "LEGAL COFFEE", "placeList": "喫茶店", "Note": null, "Latitude": 35.6747983, "Longitude": 139.6795213 }, "geometry": { "type": "Point", "coordinates": [ 139.6795213, 35.6747983 ] } },
{ "type": "Feature", "properties": { "Title": "Light Side Cafe", "placeList": "喫茶店", "Note": null, "Latitude": 35.7000495, "Longitude": 139.6475109 }, "geometry": { "type": "Point", "coordinates": [ 139.647510899999986, 35.7000495 ] } },
{ "type": "Feature", "properties": { "Title": "Mermaid Coffee Roasters", "placeList": "喫茶店", "Note": null, "Latitude": 35.6687756, "Longitude": 139.6512809 }, "geometry": { "type": "Point", "coordinates": [ 139.651280899999989, 35.6687756 ] } },
{ "type": "Feature", "properties": { "Title": "NIWATORI COFFEE", "placeList": "喫茶店", "Note": null, "Latitude": 35.6916362, "Longitude": 139.6532281 }, "geometry": { "type": "Point", "coordinates": [ 139.6532281, 35.6916362 ] } },
{ "type": "Feature", "properties": { "Title": "Saint Marc Cafe - Odakyu Gotokuji Station", "placeList": "喫茶店", "Note": null, "Latitude": 35.6537561, "Longitude": 139.6471404 }, "geometry": { "type": "Point", "coordinates": [ 139.647140400000012, 35.6537561 ] } },
{ "type": "Feature", "properties": { "Title": "Setagaya Coffee-ya Umegaoka", "placeList": "喫茶店", "Note": null, "Latitude": 35.6556805, "Longitude": 139.6539237 }, "geometry": { "type": "Point", "coordinates": [ 139.6539237, 35.6556805 ] } },
{ "type": "Feature", "properties": { "Title": "Tully's Coffee", "placeList": "喫茶店", "Note": null, "Latitude": 35.6627613, "Longitude": 139.6680844 }, "geometry": { "type": "Point", "coordinates": [ 139.6680844, 35.6627613 ] } },
{ "type": "Feature", "properties": { "Title": "Ucafe", "placeList": "喫茶店", "Note": null, "Latitude": 35.674334, "Longitude": 139.6611226 }, "geometry": { "type": "Point", "coordinates": [ 139.6611226, 35.674334 ] } },
{ "type": "Feature", "properties": { "Title": "YANAKA COFFEE Sendagi Shop", "placeList": "喫茶店", "Note": null, "Latitude": 35.7244195, "Longitude": 139.7628384 }, "geometry": { "type": "Point", "coordinates": [ 139.7628384, 35.7244195 ] } },
{ "type": "Feature", "properties": { "Title": "cafe RaiRai", "placeList": "喫茶店", "Note": null, "Latitude": 35.6755407, "Longitude": 139.6779573 }, "geometry": { "type": "Point", "coordinates": [ 139.6779573, 35.6755407 ] } },
{ "type": "Feature", "properties": { "Title": "high-five Café", "placeList": "喫茶店", "Note": null, "Latitude": 35.6547362, "Longitude": 139.6533895 }, "geometry": { "type": "Point", "coordinates": [ 139.6533895, 35.6547362 ] } },
{ "type": "Feature", "properties": { "Title": "pams", "placeList": "喫茶店", "Note": null, "Latitude": 35.7069239, "Longitude": 139.6494547 }, "geometry": { "type": "Point", "coordinates": [ 139.6494547, 35.7069239 ] } },
{ "type": "Feature", "properties": { "Title": "three", "placeList": "喫茶店", "Note": null, "Latitude": 35.7058086, "Longitude": 139.6485669 }, "geometry": { "type": "Point", "coordinates": [ 139.6485669, 35.7058086 ] } },
{ "type": "Feature", "properties": { "Title": "ØC tokyo", "placeList": "喫茶店", "Note": null, "Latitude": 35.671041, "Longitude": 139.672405 }, "geometry": { "type": "Point", "coordinates": [ 139.672405, 35.671041 ] } },
{ "type": "Feature", "properties": { "Title": "もんなか がっちゃん's CAFE ＆ SPACE", "placeList": "喫茶店", "Note": null, "Latitude": 35.6754153, "Longitude": 139.8019989 }, "geometry": { "type": "Point", "coordinates": [ 139.8019989, 35.6754153 ] } },
{ "type": "Feature", "properties": { "Title": "珈琲専門店 音羽屋", "placeList": "喫茶店", "Note": null, "Latitude": 35.9243425, "Longitude": 139.4860239 }, "geometry": { "type": "Point", "coordinates": [ 139.4860239, 35.9243425 ] } },
{ "type": "Feature", "properties": { "Title": "ｏｕ/ オウ", "placeList": "喫茶店", "Note": null, "Latitude": 35.6825361, "Longitude": 139.626093 }, "geometry": { "type": "Point", "coordinates": [ 139.626093, 35.6825361 ] } },
{ "type": "Feature", "properties": { "Title": "B-Side Label", "placeList": "店", "Note": null, "Latitude": 35.6633312, "Longitude": 139.6672874 }, "geometry": { "type": "Point", "coordinates": [ 139.6672874, 35.6633312 ] } },
{ "type": "Feature", "properties": { "Title": "BAKE STORE", "placeList": "店", "Note": null, "Latitude": 35.6547838, "Longitude": 139.6540871 }, "geometry": { "type": "Point", "coordinates": [ 139.6540871, 35.6547838 ] } },
{ "type": "Feature", "properties": { "Title": "Bankoku-ya", "placeList": "店", "Note": null, "Latitude": 35.6691664, "Longitude": 139.6323481 }, "geometry": { "type": "Point", "coordinates": [ 139.6323481, 35.6691664 ] } },
{ "type": "Feature", "properties": { "Title": "Bi-park Higashi-Kōenji", "placeList": "店", "Note": null, "Latitude": 35.6979568, "Longitude": 139.6571872 }, "geometry": { "type": "Point", "coordinates": [ 139.65718720000001, 35.6979568 ] } },
{ "type": "Feature", "properties": { "Title": "Don Quijote", "placeList": "店", "Note": null, "Latitude": 35.677171, "Longitude": 139.658726 }, "geometry": { "type": "Point", "coordinates": [ 139.658726, 35.677171 ] } },
{ "type": "Feature", "properties": { "Title": "Hakodate Misuzu Hamadayama", "placeList": "店", "Note": null, "Latitude": 35.682089, "Longitude": 139.6264807 }, "geometry": { "type": "Point", "coordinates": [ 139.6264807, 35.682089 ] } },
{ "type": "Feature", "properties": { "Title": "Honma shouten", "placeList": "店", "Note": null, "Latitude": 35.7129435, "Longitude": 139.7887599 }, "geometry": { "type": "Point", "coordinates": [ 139.7887599, 35.7129435 ] } },
{ "type": "Feature", "properties": { "Title": "Ishii Sports Yodobashi Shinjuku West Entrance Store", "placeList": "店", "Note": null, "Latitude": 35.689868, "Longitude": 139.6983967 }, "geometry": { "type": "Point", "coordinates": [ 139.698396699999989, 35.689868 ] } },
{ "type": "Feature", "properties": { "Title": "JINS", "placeList": "店", "Note": null, "Latitude": 35.661555, "Longitude": 139.6976588 }, "geometry": { "type": "Point", "coordinates": [ 139.6976588, 35.661555 ] } },
{ "type": "Feature", "properties": { "Title": "Janpara Shinjuku", "placeList": "店", "Note": null, "Latitude": 35.6892938, "Longitude": 139.6968705 }, "geometry": { "type": "Point", "coordinates": [ 139.696870499999989, 35.6892938 ] } },
{ "type": "Feature", "properties": { "Title": "Jensen", "placeList": "店", "Note": null, "Latitude": 35.6699633, "Longitude": 139.6872935 }, "geometry": { "type": "Point", "coordinates": [ 139.68729350000001, 35.6699633 ] } },
{ "type": "Feature", "properties": { "Title": "Kameranokitamura Ikebukurochukokaitori Center", "placeList": "店", "Note": null, "Latitude": 35.7298935, "Longitude": 139.7139054 }, "geometry": { "type": "Point", "coordinates": [ 139.713905399999987, 35.7298935 ] } },
{ "type": "Feature", "properties": { "Title": "Kappabashi Kitchen Street", "placeList": "店", "Note": null, "Latitude": 35.7105754, "Longitude": 139.7881209 }, "geometry": { "type": "Point", "coordinates": [ 139.7881209, 35.7105754 ] } },
{ "type": "Feature", "properties": { "Title": "Kashikobo Fukudora", "placeList": "店", "Note": null, "Latitude": 35.6880978, "Longitude": 139.814531 }, "geometry": { "type": "Point", "coordinates": [ 139.814531, 35.6880978 ] } },
{ "type": "Feature", "properties": { "Title": "Korinbo", "placeList": "店", "Note": null, "Latitude": 36.5641519, "Longitude": 136.6528528 }, "geometry": { "type": "Point", "coordinates": [ 136.6528528, 36.5641519 ] } },
{ "type": "Feature", "properties": { "Title": "L-Breath Shinjuku Shop", "placeList": "店", "Note": null, "Latitude": 35.689212, "Longitude": 139.702346 }, "geometry": { "type": "Point", "coordinates": [ 139.702346, 35.689212 ] } },
{ "type": "Feature", "properties": { "Title": "LABI1 Yamada Denki Ikebukuro", "placeList": "店", "Note": null, "Latitude": 35.7309455, "Longitude": 139.7136359 }, "geometry": { "type": "Point", "coordinates": [ 139.713635900000014, 35.7309455 ] } },
{ "type": "Feature", "properties": { "Title": "Mejiro Co.", "placeList": "店", "Note": null, "Latitude": 35.7225287, "Longitude": 139.7036263 }, "geometry": { "type": "Point", "coordinates": [ 139.7036263, 35.7225287 ] } },
{ "type": "Feature", "properties": { "Title": "Nitori Ikebukuro Sunshine 60", "placeList": "店", "Note": null, "Latitude": 35.729835, "Longitude": 139.716453 }, "geometry": { "type": "Point", "coordinates": [ 139.716453, 35.729835 ] } },
{ "type": "Feature", "properties": { "Title": "Potato Cream", "placeList": "店", "Note": null, "Latitude": 35.6095593, "Longitude": 139.6696253 }, "geometry": { "type": "Point", "coordinates": [ 139.6696253, 35.6095593 ] } },
{ "type": "Feature", "properties": { "Title": "Shinjuku Kitamura Camera", "placeList": "店", "Note": null, "Latitude": 35.6916566, "Longitude": 139.7024398 }, "geometry": { "type": "Point", "coordinates": [ 139.7024398, 35.6916566 ] } },
{ "type": "Feature", "properties": { "Title": "Sofmap AKIBA PC and Digital Store", "placeList": "店", "Note": null, "Latitude": 35.7003228, "Longitude": 139.7711859 }, "geometry": { "type": "Point", "coordinates": [ 139.7711859, 35.7003228 ] } },
{ "type": "Feature", "properties": { "Title": "UNIQLO Frente Sasazuka", "placeList": "店", "Note": null, "Latitude": 35.6736032, "Longitude": 139.6679062 }, "geometry": { "type": "Point", "coordinates": [ 139.6679062, 35.6736032 ] } },
{ "type": "Feature", "properties": { "Title": "Union", "placeList": "店", "Note": null, "Latitude": 35.7143461, "Longitude": 139.7890893 }, "geometry": { "type": "Point", "coordinates": [ 139.7890893, 35.7143461 ] } },
{ "type": "Feature", "properties": { "Title": "Yamato", "placeList": "店", "Note": null, "Latitude": 35.7295573, "Longitude": 139.7184206 }, "geometry": { "type": "Point", "coordinates": [ 139.7184206, 35.7295573 ] } },
{ "type": "Feature", "properties": { "Title": "mont-bell Shinjuku minami-guchi", "placeList": "店", "Note": null, "Latitude": 35.6875707, "Longitude": 139.6992203 }, "geometry": { "type": "Point", "coordinates": [ 139.6992203, 35.6875707 ] } },
{ "type": "Feature", "properties": { "Title": "あーる工房自由が丘店", "placeList": "店", "Note": null, "Latitude": 35.6087689, "Longitude": 139.6706208 }, "geometry": { "type": "Point", "coordinates": [ 139.6706208, 35.6087689 ] } },
{ "type": "Feature", "properties": { "Title": "からあげ天", "placeList": "店", "Note": null, "Latitude": 35.653956, "Longitude": 139.6470009 }, "geometry": { "type": "Point", "coordinates": [ 139.6470009, 35.653956 ] } },
{ "type": "Feature", "properties": { "Title": "世田谷WORKS", "placeList": "店", "Note": null, "Latitude": 35.6605578, "Longitude": 139.6083943 }, "geometry": { "type": "Point", "coordinates": [ 139.608394299999986, 35.6605578 ] } },
{ "type": "Feature", "properties": { "Title": "1-chōme-29-9 Jiyūgaoka", "placeList": "料理店", "Note": null, "Latitude": 35.608122, "Longitude": 139.6683448 }, "geometry": { "type": "Point", "coordinates": [ 139.6683448, 35.608122 ] } },
{ "type": "Feature", "properties": { "Title": "A&A Cafe", "placeList": "料理店", "Note": null, "Latitude": 35.707926, "Longitude": 139.720639 }, "geometry": { "type": "Point", "coordinates": [ 139.720639, 35.707926 ] } },
{ "type": "Feature", "properties": { "Title": "ATedo", "placeList": "料理店", "Note": null, "Latitude": 35.6559638, "Longitude": 139.6923824 }, "geometry": { "type": "Point", "coordinates": [ 139.692382400000014, 35.6559638 ] } },
{ "type": "Feature", "properties": { "Title": "Curry shop hachigatsu", "placeList": "料理店", "Note": null, "Latitude": 35.6594615, "Longitude": 139.6676228 }, "geometry": { "type": "Point", "coordinates": [ 139.6676228, 35.6594615 ] } },
{ "type": "Feature", "properties": { "Title": "Gajumaru", "placeList": "料理店", "Note": null, "Latitude": 35.6082247, "Longitude": 139.6696816 }, "geometry": { "type": "Point", "coordinates": [ 139.6696816, 35.6082247 ] } },
{ "type": "Feature", "properties": { "Title": "Ganso Hakata Mentaiju Nishinakasu", "placeList": "料理店", "Note": null, "Latitude": 33.5912507, "Longitude": 130.404067 }, "geometry": { "type": "Point", "coordinates": [ 130.404067, 33.5912507 ] } },
{ "type": "Feature", "properties": { "Title": "Hidakaya", "placeList": "料理店", "Note": null, "Latitude": 35.6835402, "Longitude": 139.657312 }, "geometry": { "type": "Point", "coordinates": [ 139.657312, 35.6835402 ] } },
{ "type": "Feature", "properties": { "Title": "Honke Abeya", "placeList": "料理店", "Note": null, "Latitude": 35.7018549, "Longitude": 139.7405507 }, "geometry": { "type": "Point", "coordinates": [ 139.7405507, 35.7018549 ] } },
{ "type": "Feature", "properties": { "Title": "IKEA Shinjuku Swedish Bite", "placeList": "料理店", "Note": null, "Latitude": 35.6901553, "Longitude": 139.704609 }, "geometry": { "type": "Point", "coordinates": [ 139.704609, 35.6901553 ] } },
{ "type": "Feature", "properties": { "Title": "Imai", "placeList": "料理店", "Note": null, "Latitude": 35.6072707, "Longitude": 139.6678018 }, "geometry": { "type": "Point", "coordinates": [ 139.6678018, 35.6072707 ] } },
{ "type": "Feature", "properties": { "Title": "Isomaru Suisan Kinshicho", "placeList": "料理店", "Note": null, "Latitude": 35.6947258, "Longitude": 139.8132076 }, "geometry": { "type": "Point", "coordinates": [ 139.8132076, 35.6947258 ] } },
{ "type": "Feature", "properties": { "Title": "Kaikaya by the Sea", "placeList": "料理店", "Note": null, "Latitude": 35.6567297, "Longitude": 139.6941763 }, "geometry": { "type": "Point", "coordinates": [ 139.6941763, 35.6567297 ] } },
{ "type": "Feature", "properties": { "Title": "Kanekoya", "placeList": "料理店", "Note": null, "Latitude": 34.3234107, "Longitude": 134.1732949 }, "geometry": { "type": "Point", "coordinates": [ 134.1732949, 34.3234107 ] } },
{ "type": "Feature", "properties": { "Title": "Katsuya", "placeList": "料理店", "Note": null, "Latitude": 35.6554904, "Longitude": 139.6533963 }, "geometry": { "type": "Point", "coordinates": [ 139.6533963, 35.6554904 ] } },
{ "type": "Feature", "properties": { "Title": "La Cabina Shibuya", "placeList": "料理店", "Note": null, "Latitude": 35.6621701, "Longitude": 139.6957784 }, "geometry": { "type": "Point", "coordinates": [ 139.6957784, 35.6621701 ] } },
{ "type": "Feature", "properties": { "Title": "Little Asia", "placeList": "料理店", "Note": null, "Latitude": 35.6981406, "Longitude": 139.6586411 }, "geometry": { "type": "Point", "coordinates": [ 139.658641100000011, 35.6981406 ] } },
{ "type": "Feature", "properties": { "Title": "Marucho", "placeList": "料理店", "Note": null, "Latitude": 35.7227208, "Longitude": 139.7030788 }, "geometry": { "type": "Point", "coordinates": [ 139.703078799999986, 35.7227208 ] } },
{ "type": "Feature", "properties": { "Title": "McDonald's Meidaimae", "placeList": "料理店", "Note": null, "Latitude": 35.6690282, "Longitude": 139.6497636 }, "geometry": { "type": "Point", "coordinates": [ 139.6497636, 35.6690282 ] } },
{ "type": "Feature", "properties": { "Title": "Momijiya", "placeList": "料理店", "Note": null, "Latitude": 35.6716932, "Longitude": 139.651447 }, "geometry": { "type": "Point", "coordinates": [ 139.651447, 35.6716932 ] } },
{ "type": "Feature", "properties": { "Title": "Musashiya", "placeList": "料理店", "Note": null, "Latitude": 35.6686571, "Longitude": 139.6823329 }, "geometry": { "type": "Point", "coordinates": [ 139.6823329, 35.6686571 ] } },
{ "type": "Feature", "properties": { "Title": "N", "placeList": "料理店", "Note": null, "Latitude": 35.7053036, "Longitude": 139.6487312 }, "geometry": { "type": "Point", "coordinates": [ 139.648731199999986, 35.7053036 ] } },
{ "type": "Feature", "properties": { "Title": "Ryūhō", "placeList": "料理店", "Note": null, "Latitude": 35.7042143, "Longitude": 139.7335579 }, "geometry": { "type": "Point", "coordinates": [ 139.7335579, 35.7042143 ] } },
{ "type": "Feature", "properties": { "Title": "SUGIDAMA Kagurazaka", "placeList": "料理店", "Note": null, "Latitude": 35.7017275, "Longitude": 139.7395294 }, "geometry": { "type": "Point", "coordinates": [ 139.7395294, 35.7017275 ] } },
{ "type": "Feature", "properties": { "Title": "Sake Izakaya restaurant Teppen Otokodojo Shibuya", "placeList": "料理店", "Note": null, "Latitude": 35.6624562, "Longitude": 139.6954147 }, "geometry": { "type": "Point", "coordinates": [ 139.695414699999986, 35.6624562 ] } },
{ "type": "Feature", "properties": { "Title": "Sapporo Ramen HACHI", "placeList": "料理店", "Note": null, "Latitude": 43.0631951, "Longitude": 141.3534812 }, "geometry": { "type": "Point", "coordinates": [ 141.3534812, 43.0631951 ] } },
{ "type": "Feature", "properties": { "Title": "Shabuya", "placeList": "料理店", "Note": null, "Latitude": 35.7022117, "Longitude": 139.7399354 }, "geometry": { "type": "Point", "coordinates": [ 139.7399354, 35.7022117 ] } },
{ "type": "Feature", "properties": { "Title": "Shinsui", "placeList": "料理店", "Note": null, "Latitude": 35.7847343, "Longitude": 140.3191523 }, "geometry": { "type": "Point", "coordinates": [ 140.319152300000013, 35.7847343 ] } },
{ "type": "Feature", "properties": { "Title": "Shokudoraku Kagurazaka", "placeList": "料理店", "Note": null, "Latitude": 35.7008968, "Longitude": 139.7416957 }, "geometry": { "type": "Point", "coordinates": [ 139.7416957, 35.7008968 ] } },
{ "type": "Feature", "properties": { "Title": "Specie", "placeList": "料理店", "Note": null, "Latitude": 35.6787615, "Longitude": 139.6363712 }, "geometry": { "type": "Point", "coordinates": [ 139.636371200000013, 35.6787615 ] } },
{ "type": "Feature", "properties": { "Title": "Sushi Kantera", "placeList": "料理店", "Note": null, "Latitude": 35.6427189, "Longitude": 139.6687669 }, "geometry": { "type": "Point", "coordinates": [ 139.6687669, 35.6427189 ] } },
{ "type": "Feature", "properties": { "Title": "Sushi Masa", "placeList": "料理店", "Note": null, "Latitude": 36.6883857, "Longitude": 137.2114407 }, "geometry": { "type": "Point", "coordinates": [ 137.2114407, 36.6883857 ] } },
{ "type": "Feature", "properties": { "Title": "Sushi sumibi (Sangenjaya store)", "placeList": "料理店", "Note": null, "Latitude": 35.643473, "Longitude": 139.672471 }, "geometry": { "type": "Point", "coordinates": [ 139.672471, 35.643473 ] } },
{ "type": "Feature", "properties": { "Title": "Tempura Heso", "placeList": "料理店", "Note": null, "Latitude": 35.6659776, "Longitude": 139.755974 }, "geometry": { "type": "Point", "coordinates": [ 139.755974, 35.6659776 ] } },
{ "type": "Feature", "properties": { "Title": "Toridoshi Shibuya", "placeList": "料理店", "Note": null, "Latitude": 35.6574071, "Longitude": 139.6985503 }, "geometry": { "type": "Point", "coordinates": [ 139.6985503, 35.6574071 ] } },
{ "type": "Feature", "properties": { "Title": "Torikatsu Tartar Kiniro", "placeList": "料理店", "Note": null, "Latitude": 35.7032644, "Longitude": 139.6490068 }, "geometry": { "type": "Point", "coordinates": [ 139.6490068, 35.7032644 ] } },
{ "type": "Feature", "properties": { "Title": "Trattoria e Pizzeria L'Arte", "placeList": "料理店", "Note": null, "Latitude": 35.6430453, "Longitude": 139.67242 }, "geometry": { "type": "Point", "coordinates": [ 139.67242, 35.6430453 ] } },
{ "type": "Feature", "properties": { "Title": "YAKITON izakaya YAMANE Nikuten", "placeList": "料理店", "Note": null, "Latitude": 35.6941717, "Longitude": 139.7009895 }, "geometry": { "type": "Point", "coordinates": [ 139.7009895, 35.6941717 ] } },
{ "type": "Feature", "properties": { "Title": "YAKITORI Torikizoku Shinjuku Kuyakusho Dori Store", "placeList": "料理店", "Note": null, "Latitude": 35.6935657, "Longitude": 139.7039415 }, "geometry": { "type": "Point", "coordinates": [ 139.703941500000013, 35.6935657 ] } },
{ "type": "Feature", "properties": { "Title": "Yakinikuushio Sangenjayaten", "placeList": "料理店", "Note": null, "Latitude": 35.6427189, "Longitude": 139.6687669 }, "geometry": { "type": "Point", "coordinates": [ 139.6687669, 35.6427189 ] } },
{ "type": "Feature", "properties": { "Title": "Yakiton Daikoku - Shanghai Bldg.", "placeList": "料理店", "Note": null, "Latitude": 38.2632695, "Longitude": 140.8696521 }, "geometry": { "type": "Point", "coordinates": [ 140.8696521, 38.2632695 ] } },
{ "type": "Feature", "properties": { "Title": "Yebisudou", "placeList": "料理店", "Note": null, "Latitude": 35.6457922, "Longitude": 139.7071708 }, "geometry": { "type": "Point", "coordinates": [ 139.7071708, 35.6457922 ] } },
{ "type": "Feature", "properties": { "Title": "とやま鮨 海富山", "placeList": "料理店", "Note": null, "Latitude": 36.7014634, "Longitude": 137.212049 }, "geometry": { "type": "Point", "coordinates": [ 137.212049, 36.7014634 ] } },
{ "type": "Feature", "properties": { "Title": "ねじまき料理店", "placeList": "料理店", "Note": null, "Latitude": 35.6703509, "Longitude": 139.7388177 }, "geometry": { "type": "Point", "coordinates": [ 139.7388177, 35.6703509 ] } },
{ "type": "Feature", "properties": { "Title": "ジョナサン 方南町店", "placeList": "料理店", "Note": null, "Latitude": 35.6830979, "Longitude": 139.6565178 }, "geometry": { "type": "Point", "coordinates": [ 139.656517799999989, 35.6830979 ] } },
{ "type": "Feature", "properties": { "Title": "ジンギスカン羊はち 三軒茶屋店", "placeList": "料理店", "Note": null, "Latitude": 35.6424738, "Longitude": 139.6691865 }, "geometry": { "type": "Point", "coordinates": [ 139.6691865, 35.6424738 ] } },
{ "type": "Feature", "properties": { "Title": "中華料理 代一元", "placeList": "料理店", "Note": null, "Latitude": 35.6736719, "Longitude": 139.6554516 }, "geometry": { "type": "Point", "coordinates": [ 139.6554516, 35.6736719 ] } },
{ "type": "Feature", "properties": { "Title": "和ノ音 金沢駅前店", "placeList": "料理店", "Note": null, "Latitude": 36.578892, "Longitude": 136.6509459 }, "geometry": { "type": "Point", "coordinates": [ 136.650945900000011, 36.578892 ] } },
{ "type": "Feature", "properties": { "Title": "大衆酒場 ネオトーキョー", "placeList": "料理店", "Note": null, "Latitude": 35.6478887, "Longitude": 139.6690761 }, "geometry": { "type": "Point", "coordinates": [ 139.669076100000012, 35.6478887 ] } },
{ "type": "Feature", "properties": { "Title": "彩 渋谷", "placeList": "料理店", "Note": null, "Latitude": 35.6609269, "Longitude": 139.6979722 }, "geometry": { "type": "Point", "coordinates": [ 139.6979722, 35.6609269 ] } },
{ "type": "Feature", "properties": { "Title": "新大久保 soban(ソバン) 韓国創作料理", "placeList": "料理店", "Note": null, "Latitude": 35.7007724, "Longitude": 139.7032677 }, "geometry": { "type": "Point", "coordinates": [ 139.7032677, 35.7007724 ] } },
{ "type": "Feature", "properties": { "Title": "無何有 神鶏", "placeList": "料理店", "Note": null, "Latitude": 36.697811, "Longitude": 137.2117911 }, "geometry": { "type": "Point", "coordinates": [ 137.2117911, 36.697811 ] } },
{ "type": "Feature", "properties": { "Title": "煮干し中華そば 鈴木商店", "placeList": "料理店", "Note": null, "Latitude": 38.2543061, "Longitude": 140.3396842 }, "geometry": { "type": "Point", "coordinates": [ 140.3396842, 38.2543061 ] } },
{ "type": "Feature", "properties": { "Title": "煮込み屋 寅ひげ", "placeList": "料理店", "Note": null, "Latitude": 36.5789897, "Longitude": 136.6532924 }, "geometry": { "type": "Point", "coordinates": [ 136.6532924, 36.5789897 ] } },
{ "type": "Feature", "properties": { "Title": "鉄板焼 Dining 築～TSUKI～", "placeList": "料理店", "Note": null, "Latitude": 35.2800058, "Longitude": 139.6627402 }, "geometry": { "type": "Point", "coordinates": [ 139.6627402, 35.2800058 ] } },
{ "type": "Feature", "properties": { "Title": "Tatsumi-shindo", "placeList": "横丁", "Note": null, "Latitude": 35.6730826, "Longitude": 139.7959278 }, "geometry": { "type": "Point", "coordinates": [ 139.795927799999987, 35.6730826 ] } },
{ "type": "Feature", "properties": { "Title": "Bukeyashiki (Samurai Residences, Former Kawahara-San House)", "placeList": "歴史の場所", "Note": null, "Latitude": 35.7166591, "Longitude": 140.2250425 }, "geometry": { "type": "Point", "coordinates": [ 140.2250425, 35.7166591 ] } },
{ "type": "Feature", "properties": { "Title": "Higashi Chaya District (Eastern Teahouse District)", "placeList": "歴史の場所", "Note": null, "Latitude": 36.5725825, "Longitude": 136.6665601 }, "geometry": { "type": "Point", "coordinates": [ 136.6665601, 36.5725825 ] } },
{ "type": "Feature", "properties": { "Title": "Ichibangai Shotengai", "placeList": "歴史の場所", "Note": null, "Latitude": 35.923527, "Longitude": 139.4829325 }, "geometry": { "type": "Point", "coordinates": [ 139.4829325, 35.923527 ] } },
{ "type": "Feature", "properties": { "Title": "Kajo Park", "placeList": "歴史の場所", "Note": null, "Latitude": 38.2547355, "Longitude": 140.3282366 }, "geometry": { "type": "Point", "coordinates": [ 140.3282366, 38.2547355 ] } },
{ "type": "Feature", "properties": { "Title": "Kanazawa Castle", "placeList": "歴史の場所", "Note": null, "Latitude": 36.5659609, "Longitude": 136.6596084 }, "geometry": { "type": "Point", "coordinates": [ 136.6596084, 36.5659609 ] } },
{ "type": "Feature", "properties": { "Title": "Kanrantei Tea House", "placeList": "歴史の場所", "Note": null, "Latitude": 38.3693158, "Longitude": 141.061684 }, "geometry": { "type": "Point", "coordinates": [ 141.061684, 38.3693158 ] } },
{ "type": "Feature", "properties": { "Title": "Marunouchi Square", "placeList": "歴史の場所", "Note": null, "Latitude": 35.6815604, "Longitude": 139.7654768 }, "geometry": { "type": "Point", "coordinates": [ 139.765476799999988, 35.6815604 ] } },
{ "type": "Feature", "properties": { "Title": "Nomura-ke Samurai Heritage Residence", "placeList": "歴史の場所", "Note": null, "Latitude": 36.5642058, "Longitude": 136.6500324 }, "geometry": { "type": "Point", "coordinates": [ 136.650032399999986, 36.5642058 ] } },
{ "type": "Feature", "properties": { "Title": "Omicho Market", "placeList": "歴史の場所", "Note": null, "Latitude": 36.5717335, "Longitude": 136.6558651 }, "geometry": { "type": "Point", "coordinates": [ 136.6558651, 36.5717335 ] } },
{ "type": "Feature", "properties": { "Title": "Oyama Shrine", "placeList": "歴史の場所", "Note": null, "Latitude": 36.5660731, "Longitude": 136.6554249 }, "geometry": { "type": "Point", "coordinates": [ 136.655424900000014, 36.5660731 ] } },
{ "type": "Feature", "properties": { "Title": "Toyama Castle", "placeList": "歴史の場所", "Note": null, "Latitude": 36.6927004, "Longitude": 137.2116148 }, "geometry": { "type": "Point", "coordinates": [ 137.2116148, 36.6927004 ] } },
{ "type": "Feature", "properties": { "Title": "Yanaka Ginza", "placeList": "歴史の場所", "Note": null, "Latitude": 35.7276934, "Longitude": 139.7657232 }, "geometry": { "type": "Point", "coordinates": [ 139.7657232, 35.7276934 ] } },
{ "type": "Feature", "properties": { "Title": "あかり坂", "placeList": "歴史の場所", "Note": null, "Latitude": 36.5719077, "Longitude": 136.663529 }, "geometry": { "type": "Point", "coordinates": [ 136.663529, 36.5719077 ] } },
{ "type": "Feature", "properties": { "Title": "Ana-hachimangu Shrine", "placeList": "神社とお寺", "Note": null, "Latitude": 35.7073282, "Longitude": 139.7172495 }, "geometry": { "type": "Point", "coordinates": [ 139.7172495, 35.7073282 ] } },
{ "type": "Feature", "properties": { "Title": "Araiyakushi Baishouin", "placeList": "神社とお寺", "Note": null, "Latitude": 35.7140296, "Longitude": 139.6675432 }, "geometry": { "type": "Point", "coordinates": [ 139.667543200000011, 35.7140296 ] } },
{ "type": "Feature", "properties": { "Title": "Chiyoda Inari Shrine", "placeList": "神社とお寺", "Note": null, "Latitude": 35.6848868, "Longitude": 139.7346305 }, "geometry": { "type": "Point", "coordinates": [ 139.7346305, 35.6848868 ] } },
{ "type": "Feature", "properties": { "Title": "Chōsenji Temple", "placeList": "神社とお寺", "Note": null, "Latitude": 35.7046846, "Longitude": 139.6481784 }, "geometry": { "type": "Point", "coordinates": [ 139.6481784, 35.7046846 ] } },
{ "type": "Feature", "properties": { "Title": "Daihonzan Eiheiji", "placeList": "神社とお寺", "Note": null, "Latitude": 36.0565933, "Longitude": 136.3568759 }, "geometry": { "type": "Point", "coordinates": [ 136.3568759, 36.0565933 ] } },
{ "type": "Feature", "properties": { "Title": "Fukagawa Fudou-dō (Naritasan Tokyo branch temple)", "placeList": "神社とお寺", "Note": null, "Latitude": 35.6728891, "Longitude": 139.7983222 }, "geometry": { "type": "Point", "coordinates": [ 139.7983222, 35.6728891 ] } },
{ "type": "Feature", "properties": { "Title": "Godaido of Zuiganji Temple", "placeList": "神社とお寺", "Note": null, "Latitude": 38.3697185, "Longitude": 141.0642069 }, "geometry": { "type": "Point", "coordinates": [ 141.064206899999988, 38.3697185 ] } },
{ "type": "Feature", "properties": { "Title": "Great Pagoda of Peace", "placeList": "神社とお寺", "Note": null, "Latitude": 35.7879312, "Longitude": 140.320023 }, "geometry": { "type": "Point", "coordinates": [ 140.320023, 35.7879312 ] } },
{ "type": "Feature", "properties": { "Title": "Gōtokuji Temple", "placeList": "神社とお寺", "Note": null, "Latitude": 35.6488124, "Longitude": 139.647481 }, "geometry": { "type": "Point", "coordinates": [ 139.647481, 35.6488124 ] } },
{ "type": "Feature", "properties": { "Title": "Hoshoji", "placeList": "神社とお寺", "Note": null, "Latitude": 35.6919829, "Longitude": 139.6317314 }, "geometry": { "type": "Point", "coordinates": [ 139.6317314, 35.6919829 ] } },
{ "type": "Feature", "properties": { "Title": "Kenkonzan Nihon-ji Temple", "placeList": "神社とお寺", "Note": null, "Latitude": 35.1569119, "Longitude": 139.8319369 }, "geometry": { "type": "Point", "coordinates": [ 139.831936899999988, 35.1569119 ] } },
{ "type": "Feature", "properties": { "Title": "Kishō Jinja (Weather Shrine)", "placeList": "神社とお寺", "Note": null, "Latitude": 35.7047297, "Longitude": 139.6510269 }, "geometry": { "type": "Point", "coordinates": [ 139.6510269, 35.7047297 ] } },
{ "type": "Feature", "properties": { "Title": "Kita-in", "placeList": "神社とお寺", "Note": null, "Latitude": 35.9175352, "Longitude": 139.488996 }, "geometry": { "type": "Point", "coordinates": [ 139.488996, 35.9175352 ] } },
{ "type": "Feature", "properties": { "Title": "Kuhonbutsu Joshin-ji Temple", "placeList": "神社とお寺", "Note": null, "Latitude": 35.6082361, "Longitude": 139.6609528 }, "geometry": { "type": "Point", "coordinates": [ 139.6609528, 35.6082361 ] } },
{ "type": "Feature", "properties": { "Title": "Makata Shrine", "placeList": "神社とお寺", "Note": null, "Latitude": 35.7192452, "Longitude": 140.2268053 }, "geometry": { "type": "Point", "coordinates": [ 140.2268053, 35.7192452 ] } },
{ "type": "Feature", "properties": { "Title": "Myōhō-ji", "placeList": "神社とお寺", "Note": null, "Latitude": 35.6923156, "Longitude": 139.6525631 }, "geometry": { "type": "Point", "coordinates": [ 139.6525631, 35.6923156 ] } },
{ "type": "Feature", "properties": { "Title": "Naritasan Shinsho-ji", "placeList": "神社とお寺", "Note": null, "Latitude": 35.7860511, "Longitude": 140.3182485 }, "geometry": { "type": "Point", "coordinates": [ 140.31824850000001, 35.7860511 ] } },
{ "type": "Feature", "properties": { "Title": "Nihon-ji Daibutsu (The Great Buddha of Nihonji)", "placeList": "神社とお寺", "Note": null, "Latitude": 35.1576699, "Longitude": 139.8346891 }, "geometry": { "type": "Point", "coordinates": [ 139.8346891, 35.1576699 ] } },
{ "type": "Feature", "properties": { "Title": "Omiya Hachiman Shrine", "placeList": "神社とお寺", "Note": null, "Latitude": 35.6820614, "Longitude": 139.6401461 }, "geometry": { "type": "Point", "coordinates": [ 139.64014610000001, 35.6820614 ] } },
{ "type": "Feature", "properties": { "Title": "Risshō Kōseikai", "placeList": "神社とお寺", "Note": null, "Latitude": 35.688583, "Longitude": 139.6578615 }, "geometry": { "type": "Point", "coordinates": [ 139.6578615, 35.688583 ] } },
{ "type": "Feature", "properties": { "Title": "Shinjyu-Inari Shrine", "placeList": "神社とお寺", "Note": null, "Latitude": 38.3654838, "Longitude": 141.0622564 }, "geometry": { "type": "Point", "coordinates": [ 141.0622564, 38.3654838 ] } },
{ "type": "Feature", "properties": { "Title": "Shōin Shrine", "placeList": "神社とお寺", "Note": null, "Latitude": 35.6471603, "Longitude": 139.6561288 }, "geometry": { "type": "Point", "coordinates": [ 139.6561288, 35.6471603 ] } },
{ "type": "Feature", "properties": { "Title": "Takaoka Great Buddha", "placeList": "神社とお寺", "Note": null, "Latitude": 36.7455815, "Longitude": 137.0171127 }, "geometry": { "type": "Point", "coordinates": [ 137.017112700000013, 36.7455815 ] } },
{ "type": "Feature", "properties": { "Title": "Utakake Inari Shrine", "placeList": "神社とお寺", "Note": null, "Latitude": 38.2467321, "Longitude": 140.3340267 }, "geometry": { "type": "Point", "coordinates": [ 140.33402670000001, 38.2467321 ] } },
{ "type": "Feature", "properties": { "Title": "Yoyogi Hachimangu Shrine", "placeList": "神社とお寺", "Note": null, "Latitude": 35.6719664, "Longitude": 139.6887923 }, "geometry": { "type": "Point", "coordinates": [ 139.688792299999989, 35.6719664 ] } },
{ "type": "Feature", "properties": { "Title": "Zuiganji Temple", "placeList": "神社とお寺", "Note": null, "Latitude": 38.3720098, "Longitude": 141.0598105 }, "geometry": { "type": "Point", "coordinates": [ 141.0598105, 38.3720098 ] } },
{ "type": "Feature", "properties": { "Title": "立法寺［日蓮宗］", "placeList": "神社とお寺", "Note": null, "Latitude": 35.6898798, "Longitude": 139.6602081 }, "geometry": { "type": "Point", "coordinates": [ 139.6602081, 35.6898798 ] } },
{ "type": "Feature", "properties": { "Title": "Amaharashi Coast (Noto Peninsula Quasi-National Park)", "placeList": "自然", "Note": null, "Latitude": 36.8148693, "Longitude": 137.0420588 }, "geometry": { "type": "Point", "coordinates": [ 137.0420588, 36.8148693 ] } },
{ "type": "Feature", "properties": { "Title": "Hiyodori-Zaka", "placeList": "自然", "Note": null, "Latitude": 35.7167628, "Longitude": 140.2221667 }, "geometry": { "type": "Point", "coordinates": [ 140.2221667, 35.7167628 ] } },
{ "type": "Feature", "properties": { "Title": "Jigoku Nozoki (View of Hell)", "placeList": "自然", "Note": null, "Latitude": 35.1592647, "Longitude": 139.8331931 }, "geometry": { "type": "Point", "coordinates": [ 139.833193099999988, 35.1592647 ] } },
{ "type": "Feature", "properties": { "Title": "Minenoura Tarumizu Iseki", "placeList": "自然", "Note": null, "Latitude": 38.3180192, "Longitude": 140.4431371 }, "geometry": { "type": "Point", "coordinates": [ 140.4431371, 38.3180192 ] } },
{ "type": "Feature", "properties": { "Title": "Mount Nokogiri", "placeList": "自然", "Note": null, "Latitude": 35.1602972, "Longitude": 139.8407663 }, "geometry": { "type": "Point", "coordinates": [ 139.840766300000013, 35.1602972 ] } },
{ "type": "Feature", "properties": { "Title": "Mount Saga", "placeList": "自然", "Note": null, "Latitude": 35.1572215, "Longitude": 139.883333 }, "geometry": { "type": "Point", "coordinates": [ 139.883333, 35.1572215 ] } },
{ "type": "Feature", "properties": { "Title": "Nokogiri Ridgeline", "placeList": "自然", "Note": null, "Latitude": 35.1636634, "Longitude": 139.8538015 }, "geometry": { "type": "Point", "coordinates": [ 139.8538015, 35.1636634 ] } },
{ "type": "Feature", "properties": { "Title": "Observation deck of Tokyo Bay", "placeList": "自然", "Note": null, "Latitude": 35.1595928, "Longitude": 139.835882 }, "geometry": { "type": "Point", "coordinates": [ 139.835882, 35.1595928 ] } },
{ "type": "Feature", "properties": { "Title": "Shariki-michi Trail", "placeList": "自然", "Note": null, "Latitude": 35.1637336, "Longitude": 139.8341064 }, "geometry": { "type": "Point", "coordinates": [ 139.8341064, 35.1637336 ] } },
{ "type": "Feature", "properties": { "Title": "世田谷名木百選 クスノキ", "placeList": "自然", "Note": null, "Latitude": 35.6509132, "Longitude": 139.6451579 }, "geometry": { "type": "Point", "coordinates": [ 139.645157899999987, 35.6509132 ] } },
{ "type": "Feature", "properties": { "Title": "嵯峨山パノラマ", "placeList": "自然", "Note": null, "Latitude": 35.156836, "Longitude": 139.8827839 }, "geometry": { "type": "Point", "coordinates": [ 139.8827839, 35.156836 ] } },
{ "type": "Feature", "properties": { "Title": "Cyca Park Sasazuka", "placeList": "自転車駐輪場", "Note": null, "Latitude": 35.673444, "Longitude": 139.666553 }, "geometry": { "type": "Point", "coordinates": [ 139.666553, 35.673444 ] } },
{ "type": "Feature", "properties": { "Title": "Higashimatsubara Parking for Bicycles", "placeList": "自転車駐輪場", "Note": null, "Latitude": 35.6625463, "Longitude": 139.6556682 }, "geometry": { "type": "Point", "coordinates": [ 139.6556682, 35.6625463 ] } },
{ "type": "Feature", "properties": { "Title": "Honanchohigashi Bicycle Parking", "placeList": "自転車駐輪場", "Note": null, "Latitude": 35.6839343, "Longitude": 139.6584378 }, "geometry": { "type": "Point", "coordinates": [ 139.6584378, 35.6839343 ] } },
{ "type": "Feature", "properties": { "Title": "Honanchonishi Bike Locker", "placeList": "自転車駐輪場", "Note": null, "Latitude": 35.6830849, "Longitude": 139.6563508 }, "geometry": { "type": "Point", "coordinates": [ 139.656350800000013, 35.6830849 ] } },
{ "type": "Feature", "properties": { "Title": "Jitensha Bike Bicycle", "placeList": "自転車駐輪場", "Note": null, "Latitude": 35.6973583, "Longitude": 139.6826689 }, "geometry": { "type": "Point", "coordinates": [ 139.68266890000001, 35.6973583 ] } },
{ "type": "Feature", "properties": { "Title": "Keio Cycle Park Meidaimae", "placeList": "自転車駐輪場", "Note": null, "Latitude": 35.6687113, "Longitude": 139.6501557 }, "geometry": { "type": "Point", "coordinates": [ 139.6501557, 35.6687113 ] } },
{ "type": "Feature", "properties": { "Title": "Keio Cycle Park Shimokitazawa", "placeList": "自転車駐輪場", "Note": null, "Latitude": 35.6612021, "Longitude": 139.6695291 }, "geometry": { "type": "Point", "coordinates": [ 139.6695291, 35.6612021 ] } },
{ "type": "Feature", "properties": { "Title": "Koenji Higashikokashita Bicycle", "placeList": "自転車駐輪場", "Note": null, "Latitude": 35.7053574, "Longitude": 139.6521838 }, "geometry": { "type": "Point", "coordinates": [ 139.652183799999989, 35.7053574 ] } },
{ "type": "Feature", "properties": { "Title": "Meidaimae South Parking for Bicycles", "placeList": "自転車駐輪場", "Note": null, "Latitude": 35.6669247, "Longitude": 139.6510204 }, "geometry": { "type": "Point", "coordinates": [ 139.6510204, 35.6669247 ] } },
{ "type": "Feature", "properties": { "Title": "Shimokitazawa East Parking for Bicycles", "placeList": "自転車駐輪場", "Note": null, "Latitude": 35.6631421, "Longitude": 139.6698463 }, "geometry": { "type": "Point", "coordinates": [ 139.669846299999989, 35.6631421 ] } },
{ "type": "Feature", "properties": { "Title": "Shimotakaido North Parking for Bicycles", "placeList": "自転車駐輪場", "Note": null, "Latitude": 35.66632, "Longitude": 139.6430509 }, "geometry": { "type": "Point", "coordinates": [ 139.6430509, 35.66632 ] } },
{ "type": "Feature", "properties": { "Title": "Shinkoenji UnderGround Bicycle Locker", "placeList": "自転車駐輪場", "Note": null, "Latitude": 35.6971902, "Longitude": 139.6494219 }, "geometry": { "type": "Point", "coordinates": [ 139.6494219, 35.6971902 ] } },
{ "type": "Feature", "properties": { "Title": "Suginamiku Daitabashi Bike Bicycle Parking", "placeList": "自転車駐輪場", "Note": null, "Latitude": 35.6721268, "Longitude": 139.6581773 }, "geometry": { "type": "Point", "coordinates": [ 139.6581773, 35.6721268 ] } },
{ "type": "Feature", "properties": { "Title": "エコステーション２１ 幡ヶ谷高架下第１自転車等駐車場", "placeList": "自転車駐輪場", "Note": null, "Latitude": 35.67728, "Longitude": 139.6769474 }, "geometry": { "type": "Point", "coordinates": [ 139.676947399999989, 35.67728 ] } },
{ "type": "Feature", "properties": { "Title": "サイクルタイムズ西永福", "placeList": "自転車駐輪場", "Note": null, "Latitude": 35.67805, "Longitude": 139.635261 }, "geometry": { "type": "Point", "coordinates": [ 139.635261, 35.67805 ] } },
{ "type": "Feature", "properties": { "Title": "パーク浜田山駅前BC", "placeList": "自転車駐輪場", "Note": null, "Latitude": 35.6823539, "Longitude": 139.6263325 }, "geometry": { "type": "Point", "coordinates": [ 139.6263325, 35.6823539 ] } },
{ "type": "Feature", "properties": { "Title": "世田谷区立明大前高架下自転車等置場", "placeList": "自転車駐輪場", "Note": null, "Latitude": 35.6706123, "Longitude": 139.6527663 }, "geometry": { "type": "Point", "coordinates": [ 139.6527663, 35.6706123 ] } },
{ "type": "Feature", "properties": { "Title": "代々木上原駅自転車等駐車場", "placeList": "自転車駐輪場", "Note": null, "Latitude": 35.6684101, "Longitude": 139.6787237 }, "geometry": { "type": "Point", "coordinates": [ 139.6787237, 35.6684101 ] } },
{ "type": "Feature", "properties": { "Title": "駐輪場", "placeList": "自転車駐輪場", "Note": null, "Latitude": 35.6829466, "Longitude": 139.6271786 }, "geometry": { "type": "Point", "coordinates": [ 139.6271786, 35.6829466 ] } },
{ "type": "Feature", "properties": { "Title": "Oarai Port", "placeList": "船", "Note": null, "Latitude": 36.3093337, "Longitude": 140.5735184 }, "geometry": { "type": "Point", "coordinates": [ 140.573518400000012, 36.3093337 ] } },
{ "type": "Feature", "properties": { "Title": "Tokyo-Wan Ferry Kanaya Port Passenger Terminal", "placeList": "船", "Note": null, "Latitude": 35.1690582, "Longitude": 139.8176306 }, "geometry": { "type": "Point", "coordinates": [ 139.8176306, 35.1690582 ] } },
{ "type": "Feature", "properties": { "Title": "Tokyo-Wan Ferry Port Kurihama Passenger Terminal", "placeList": "船", "Note": null, "Latitude": 35.2201311, "Longitude": 139.7152894 }, "geometry": { "type": "Point", "coordinates": [ 139.715289399999989, 35.2201311 ] } },
{ "type": "Feature", "properties": { "Title": "Cocoro Shimokitazawa", "placeList": "行きたい店", "Note": null, "Latitude": 35.6634251, "Longitude": 139.6685077 }, "geometry": { "type": "Point", "coordinates": [ 139.6685077, 35.6634251 ] } },
{ "type": "Feature", "properties": { "Title": "Cosmos", "placeList": "行きたい店", "Note": null, "Latitude": 35.659238, "Longitude": 139.6676157 }, "geometry": { "type": "Point", "coordinates": [ 139.6676157, 35.659238 ] } },
{ "type": "Feature", "properties": { "Title": "Echigoya", "placeList": "行きたい店", "Note": null, "Latitude": 35.6894929, "Longitude": 139.6522436 }, "geometry": { "type": "Point", "coordinates": [ 139.6522436, 35.6894929 ] } },
{ "type": "Feature", "properties": { "Title": "Fatty's", "placeList": "行きたい店", "Note": null, "Latitude": 35.6802403, "Longitude": 139.6291362 }, "geometry": { "type": "Point", "coordinates": [ 139.6291362, 35.6802403 ] } },
{ "type": "Feature", "properties": { "Title": "HOPPERS", "placeList": "行きたい店", "Note": null, "Latitude": 35.6812057, "Longitude": 139.7781479 }, "geometry": { "type": "Point", "coordinates": [ 139.7781479, 35.6812057 ] } },
{ "type": "Feature", "properties": { "Title": "Imanari", "placeList": "行きたい店", "Note": null, "Latitude": 35.6631872, "Longitude": 139.669437 }, "geometry": { "type": "Point", "coordinates": [ 139.669437, 35.6631872 ] } },
{ "type": "Feature", "properties": { "Title": "Izakaya Akazaru", "placeList": "行きたい店", "Note": null, "Latitude": 38.2629779, "Longitude": 140.8682249 }, "geometry": { "type": "Point", "coordinates": [ 140.8682249, 38.2629779 ] } },
{ "type": "Feature", "properties": { "Title": "Kibi", "placeList": "行きたい店", "Note": null, "Latitude": 35.6687073, "Longitude": 139.6489787 }, "geometry": { "type": "Point", "coordinates": [ 139.648978699999986, 35.6687073 ] } },
{ "type": "Feature", "properties": { "Title": "Kyuyamutei Shimokita Sou", "placeList": "行きたい店", "Note": null, "Latitude": 35.6584183, "Longitude": 139.6670651 }, "geometry": { "type": "Point", "coordinates": [ 139.6670651, 35.6584183 ] } },
{ "type": "Feature", "properties": { "Title": "Musashiya Meidaimae", "placeList": "行きたい店", "Note": null, "Latitude": 35.6702641, "Longitude": 139.64974 }, "geometry": { "type": "Point", "coordinates": [ 139.64974, 35.6702641 ] } },
{ "type": "Feature", "properties": { "Title": "Nasu Oyaji", "placeList": "行きたい店", "Note": null, "Latitude": 35.6592719, "Longitude": 139.6668722 }, "geometry": { "type": "Point", "coordinates": [ 139.6668722, 35.6592719 ] } },
{ "type": "Feature", "properties": { "Title": "Oishii Curry", "placeList": "行きたい店", "Note": null, "Latitude": 35.6629117, "Longitude": 139.6660268 }, "geometry": { "type": "Point", "coordinates": [ 139.6660268, 35.6629117 ] } },
{ "type": "Feature", "properties": { "Title": "Robatayaki Hokkai", "placeList": "行きたい店", "Note": null, "Latitude": 35.9053738, "Longitude": 139.6259097 }, "geometry": { "type": "Point", "coordinates": [ 139.6259097, 35.9053738 ] } },
{ "type": "Feature", "properties": { "Title": "Tsuruko", "placeList": "行きたい店", "Note": null, "Latitude": 35.7022116, "Longitude": 139.7403706 }, "geometry": { "type": "Point", "coordinates": [ 139.7403706, 35.7022116 ] } },
{ "type": "Feature", "properties": { "Title": "Tōa Coffee Shop Matsubara", "placeList": "行きたい店", "Note": null, "Latitude": 35.6625326, "Longitude": 139.6550056 }, "geometry": { "type": "Point", "coordinates": [ 139.65500560000001, 35.6625326 ] } },
{ "type": "Feature", "properties": { "Title": "だしと麺 遊泳", "placeList": "行きたい店", "Note": null, "Latitude": 35.6981985, "Longitude": 139.6585402 }, "geometry": { "type": "Point", "coordinates": [ 139.6585402, 35.6981985 ] } },
{ "type": "Feature", "properties": { "Title": "（有）さらしな總本店北口店", "placeList": "行きたい店", "Note": null, "Latitude": 35.7082889, "Longitude": 139.6660201 }, "geometry": { "type": "Point", "coordinates": [ 139.6660201, 35.7082889 ] } },
{ "type": "Feature", "properties": { "Title": "1-chōme-17 Naritanishi", "placeList": "面白いもの", "Note": null, "Latitude": 35.6867653, "Longitude": 139.6331664 }, "geometry": { "type": "Point", "coordinates": [ 139.6331664, 35.6867653 ] } },
{ "type": "Feature", "properties": { "Title": "Godzilla Head", "placeList": "面白いもの", "Note": null, "Latitude": 35.6950521, "Longitude": 139.7019117 }, "geometry": { "type": "Point", "coordinates": [ 139.701911700000011, 35.6950521 ] } },
{ "type": "Feature", "properties": { "Title": "JMSDF Yokosuka District Headquarters", "placeList": "面白いもの", "Note": null, "Latitude": 35.2860378, "Longitude": 139.6539096 }, "geometry": { "type": "Point", "coordinates": [ 139.6539096, 35.2860378 ] } },
{ "type": "Feature", "properties": { "Title": "Keywords International Co., Ltd.", "placeList": "面白いもの", "Note": null, "Latitude": 35.67503, "Longitude": 139.6589999 }, "geometry": { "type": "Point", "coordinates": [ 139.6589999, 35.67503 ] } },
{ "type": "Feature", "properties": { "Title": "Mount Mitake", "placeList": "面白いもの", "Note": null, "Latitude": 35.7829411, "Longitude": 139.1495027 }, "geometry": { "type": "Point", "coordinates": [ 139.1495027, 35.7829411 ] } },
{ "type": "Feature", "properties": { "Title": "Nihonbashikabutocho", "placeList": "面白いもの", "Note": null, "Latitude": 35.6810639, "Longitude": 139.7775337 }, "geometry": { "type": "Point", "coordinates": [ 139.7775337, 35.6810639 ] } },
{ "type": "Feature", "properties": { "Title": "Omiya Bonsai Village", "placeList": "面白いもの", "Note": null, "Latitude": 35.9259111, "Longitude": 139.6313549 }, "geometry": { "type": "Point", "coordinates": [ 139.6313549, 35.9259111 ] } },
{ "type": "Feature", "properties": { "Title": "Taishōken Eifukuchō", "placeList": "面白いもの", "Note": null, "Latitude": 35.6762342, "Longitude": 139.6440062 }, "geometry": { "type": "Point", "coordinates": [ 139.6440062, 35.6762342 ] } },
{ "type": "Feature", "properties": { "Title": "Tsuzumi-mon Gate", "placeList": "面白いもの", "Note": null, "Latitude": 36.5778025, "Longitude": 136.6491445 }, "geometry": { "type": "Point", "coordinates": [ 136.6491445, 36.5778025 ] } },
{ "type": "Feature", "properties": { "Title": "Yokohama Red Brick Warehouse", "placeList": "面白いもの", "Note": null, "Latitude": 35.4526321, "Longitude": 139.6428944 }, "geometry": { "type": "Point", "coordinates": [ 139.642894399999989, 35.4526321 ] } },
{ "type": "Feature", "properties": { "Title": "〒640-8323 Wakayama, Ōda, 2-chōme−1−2 プレイザービル", "placeList": "面白いもの", "Note": null, "Latitude": 34.2293205, "Longitude": 135.1946071 }, "geometry": { "type": "Point", "coordinates": [ 135.194607100000013, 34.2293205 ] } },
{ "type": "Feature", "properties": { "Title": "株式会社オブザーバー", "placeList": "面白いもの", "Note": null, "Latitude": 35.7000425, "Longitude": 139.6975891 }, "geometry": { "type": "Point", "coordinates": [ 139.697589099999988, 35.7000425 ] } },
{ "type": "Feature", "properties": { "Title": "BAR GLIKO", "placeList": "飲み屋", "Note": null, "Latitude": 35.6483001, "Longitude": 139.6686474 }, "geometry": { "type": "Point", "coordinates": [ 139.6686474, 35.6483001 ] } },
{ "type": "Feature", "properties": { "Title": "Bar Mon", "placeList": "飲み屋", "Note": null, "Latitude": 35.6605423, "Longitude": 139.6981722 }, "geometry": { "type": "Point", "coordinates": [ 139.698172199999988, 35.6605423 ] } },
{ "type": "Feature", "properties": { "Title": "GUF TOKYO", "placeList": "飲み屋", "Note": null, "Latitude": 35.7008775, "Longitude": 139.7030623 }, "geometry": { "type": "Point", "coordinates": [ 139.7030623, 35.7008775 ] } },
{ "type": "Feature", "properties": { "Title": "Shibuya Oiran", "placeList": "飲み屋", "Note": null, "Latitude": 35.6596654, "Longitude": 139.6955415 }, "geometry": { "type": "Point", "coordinates": [ 139.6955415, 35.6596654 ] } },
{ "type": "Feature", "properties": { "Title": "Shinjuku Golden-Gai", "placeList": "飲み屋", "Note": null, "Latitude": 35.6941118, "Longitude": 139.7047611 }, "geometry": { "type": "Point", "coordinates": [ 139.704761100000013, 35.6941118 ] } },
{ "type": "Feature", "properties": { "Title": "TASUICHI", "placeList": "飲み屋", "Note": null, "Latitude": 35.6610051, "Longitude": 139.6970442 }, "geometry": { "type": "Point", "coordinates": [ 139.6970442, 35.6610051 ] } },
{ "type": "Feature", "properties": { "Title": "The Bar Alcazar", "placeList": "飲み屋", "Note": null, "Latitude": 35.9084428, "Longitude": 139.6252264 }, "geometry": { "type": "Point", "coordinates": [ 139.6252264, 35.9084428 ] } },
{ "type": "Feature", "properties": { "Title": "VENT Tokyo", "placeList": "飲み屋", "Note": null, "Latitude": 35.6651851, "Longitude": 139.7128548 }, "geometry": { "type": "Point", "coordinates": [ 139.7128548, 35.6651851 ] } },
{ "type": "Feature", "properties": { "Title": "バール・デ・美富味", "placeList": "飲み屋", "Note": null, "Latitude": 36.7009664, "Longitude": 137.2121781 }, "geometry": { "type": "Point", "coordinates": [ 137.212178099999988, 36.7009664 ] } },
{ "type": "Feature", "properties": { "Title": "TUTU", "placeList": "イタリア", "Note": null, "Latitude": 35.6273381, "Longitude": 139.6844329 }, "geometry": { "type": "Point", "coordinates": [ 139.6844329, 35.6273381 ] } },
{ "type": "Feature", "properties": { "Title": "Namaste Cafe Gotokuji", "placeList": "インド", "Note": null, "Latitude": 35.6539977, "Longitude": 139.6469381 }, "geometry": { "type": "Point", "coordinates": [ 139.6469381, 35.6539977 ] } },
{ "type": "Feature", "properties": { "Title": "CoCo Ichiban-ya Sasazuka", "placeList": "カレー", "Note": null, "Latitude": 35.6736792, "Longitude": 139.6655958 }, "geometry": { "type": "Point", "coordinates": [ 139.6655958, 35.6736792 ] } },
{ "type": "Feature", "properties": { "Title": "Daiso", "placeList": "スーパー", "Note": null, "Latitude": 35.6716991, "Longitude": 139.658587 }, "geometry": { "type": "Point", "coordinates": [ 139.658587, 35.6716991 ] } },
{ "type": "Feature", "properties": { "Title": "Frente Meidaimae", "placeList": "スーパー", "Note": null, "Latitude": 35.668922, "Longitude": 139.6502 }, "geometry": { "type": "Point", "coordinates": [ 139.6502, 35.668922 ] } },
{ "type": "Feature", "properties": { "Title": "アジアンレストラン Nhậu & karaoke THIÊN ĐƯỜNG 高田馬場", "placeList": "トンアシア", "Note": null, "Latitude": 35.7143991, "Longitude": 139.7035596 }, "geometry": { "type": "Point", "coordinates": [ 139.7035596, 35.7143991 ] } },
{ "type": "Feature", "properties": { "Title": "Makana Pizza", "placeList": "ピザ", "Note": null, "Latitude": 36.7480098, "Longitude": 137.0154005 }, "geometry": { "type": "Point", "coordinates": [ 137.0154005, 36.7480098 ] } },
{ "type": "Feature", "properties": { "Title": "Ebisu Bagel", "placeList": "ファスト", "Note": null, "Latitude": 35.6962462, "Longitude": 139.6465397 }, "geometry": { "type": "Point", "coordinates": [ 139.6465397, 35.6962462 ] } },
{ "type": "Feature", "properties": { "Title": "Mos Burger - Eifukucho", "placeList": "ファスト", "Note": null, "Latitude": 35.6774709, "Longitude": 139.6445218 }, "geometry": { "type": "Point", "coordinates": [ 139.6445218, 35.6774709 ] } },
{ "type": "Feature", "properties": { "Title": "bb.q Olive Chicken Café Sasazuka", "placeList": "ファスト", "Note": null, "Latitude": 35.6737459, "Longitude": 139.66699 }, "geometry": { "type": "Point", "coordinates": [ 139.66699, 35.6737459 ] } },
{ "type": "Feature", "properties": { "Title": "Iya Valley Hot Springs Hotel Hikyō-no-yu", "placeList": "ホテル", "Note": null, "Latitude": 33.8898219, "Longitude": 133.8128985 }, "geometry": { "type": "Point", "coordinates": [ 133.812898499999989, 33.8898219 ] } },
{ "type": "Feature", "properties": { "Title": "Karurusu Onsen", "placeList": "ホテル", "Note": null, "Latitude": 42.5187891, "Longitude": 141.1070976 }, "geometry": { "type": "Point", "coordinates": [ 141.1070976, 42.5187891 ] } },
{ "type": "Feature", "properties": { "Title": "Sunriver Oboke", "placeList": "ホテル", "Note": null, "Latitude": 33.9118576, "Longitude": 133.7585602 }, "geometry": { "type": "Point", "coordinates": [ 133.7585602, 33.9118576 ] } },
{ "type": "Feature", "properties": { "Title": "Gattsuri Ebisuko", "placeList": "ラーメン", "Note": null, "Latitude": 36.699686, "Longitude": 137.2133489 }, "geometry": { "type": "Point", "coordinates": [ 137.2133489, 36.699686 ] } },
{ "type": "Feature", "properties": { "Title": "Musashino Abura Gakkai Meidaimae", "placeList": "ラーメン", "Note": null, "Latitude": 35.6694019, "Longitude": 139.6504636 }, "geometry": { "type": "Point", "coordinates": [ 139.6504636, 35.6694019 ] } },
{ "type": "Feature", "properties": { "Title": "Tokushima Ramen Menoh Tokushima Ekimae Main Store", "placeList": "ラーメン", "Note": null, "Latitude": 34.0731055, "Longitude": 134.5515692 }, "geometry": { "type": "Point", "coordinates": [ 134.551569199999989, 34.0731055 ] } },
{ "type": "Feature", "properties": { "Title": "徳島ラーメン にし利", "placeList": "ラーメン", "Note": null, "Latitude": 33.90581, "Longitude": 133.7540442 }, "geometry": { "type": "Point", "coordinates": [ 133.75404420000001, 33.90581 ] } },
{ "type": "Feature", "properties": { "Title": "麺花らんまん", "placeList": "ラーメン", "Note": null, "Latitude": 36.3717199, "Longitude": 140.4752728 }, "geometry": { "type": "Point", "coordinates": [ 140.4752728, 36.3717199 ] } },
{ "type": "Feature", "properties": { "Title": "C-MEN-HAN.永福町店", "placeList": "中華", "Note": null, "Latitude": 35.6762952, "Longitude": 139.6441133 }, "geometry": { "type": "Point", "coordinates": [ 139.644113299999987, 35.6762952 ] } },
{ "type": "Feature", "properties": { "Title": "Hidakaya Sasazuka", "placeList": "中華", "Note": null, "Latitude": 35.673018, "Longitude": 139.6684978 }, "geometry": { "type": "Point", "coordinates": [ 139.668497800000011, 35.673018 ] } },
{ "type": "Feature", "properties": { "Title": "Event Plaza Of Yoyogi", "placeList": "公園", "Note": null, "Latitude": 35.6679403, "Longitude": 139.6968179 }, "geometry": { "type": "Point", "coordinates": [ 139.696817900000013, 35.6679403 ] } },
{ "type": "Feature", "properties": { "Title": "Hanegi Park", "placeList": "公園", "Note": null, "Latitude": 35.6588093, "Longitude": 139.6548336 }, "geometry": { "type": "Point", "coordinates": [ 139.654833599999989, 35.6588093 ] } },
{ "type": "Feature", "properties": { "Title": "Inokashira Park", "placeList": "公園", "Note": null, "Latitude": 35.6997476, "Longitude": 139.5737018 }, "geometry": { "type": "Point", "coordinates": [ 139.5737018, 35.6997476 ] } },
{ "type": "Feature", "properties": { "Title": "Kiba Park", "placeList": "公園", "Note": null, "Latitude": 35.676774, "Longitude": 139.8076561 }, "geometry": { "type": "Point", "coordinates": [ 139.8076561, 35.676774 ] } },
{ "type": "Feature", "properties": { "Title": "Meiji Jingu Gyoen", "placeList": "公園", "Note": null, "Latitude": 35.6739613, "Longitude": 139.7004851 }, "geometry": { "type": "Point", "coordinates": [ 139.7004851, 35.6739613 ] } },
{ "type": "Feature", "properties": { "Title": "Momijidani Teien Garden", "placeList": "公園", "Note": null, "Latitude": 34.2287101, "Longitude": 135.1707296 }, "geometry": { "type": "Point", "coordinates": [ 135.170729599999987, 34.2287101 ] } },
{ "type": "Feature", "properties": { "Title": "Nakajima Park", "placeList": "公園", "Note": null, "Latitude": 43.0444888, "Longitude": 141.3544147 }, "geometry": { "type": "Point", "coordinates": [ 141.3544147, 43.0444888 ] } },
{ "type": "Feature", "properties": { "Title": "Shiba Park", "placeList": "公園", "Note": null, "Latitude": 35.6551447, "Longitude": 139.7480122 }, "geometry": { "type": "Point", "coordinates": [ 139.7480122, 35.6551447 ] } },
{ "type": "Feature", "properties": { "Title": "Takaoka Old Castle Park", "placeList": "公園", "Note": null, "Latitude": 36.749028, "Longitude": 137.0209899 }, "geometry": { "type": "Point", "coordinates": [ 137.020989899999989, 36.749028 ] } },
{ "type": "Feature", "properties": { "Title": "Tokyo Garden Terrace Kioicho", "placeList": "公園", "Note": null, "Latitude": 35.6799926, "Longitude": 139.7379363 }, "geometry": { "type": "Point", "coordinates": [ 139.7379363, 35.6799926 ] } },
{ "type": "Feature", "properties": { "Title": "Ueno Park", "placeList": "公園", "Note": null, "Latitude": 35.7147557, "Longitude": 139.7734312 }, "geometry": { "type": "Point", "coordinates": [ 139.7734312, 35.7147557 ] } },
{ "type": "Feature", "properties": { "Title": "Wadabori Pond", "placeList": "公園", "Note": null, "Latitude": 35.6843707, "Longitude": 139.640188 }, "geometry": { "type": "Point", "coordinates": [ 139.640188, 35.6843707 ] } },
{ "type": "Feature", "properties": { "Title": "Yamagata Prefectural Museum", "placeList": "公園", "Note": null, "Latitude": 38.254348, "Longitude": 140.3296321 }, "geometry": { "type": "Point", "coordinates": [ 140.3296321, 38.254348 ] } },
{ "type": "Feature", "properties": { "Title": "Yoyogi Park", "placeList": "公園", "Note": null, "Latitude": 35.6700649, "Longitude": 139.6949656 }, "geometry": { "type": "Point", "coordinates": [ 139.694965599999989, 35.6700649 ] } },
{ "type": "Feature", "properties": { "Title": "Ando Museum", "placeList": "博物館", "Note": null, "Latitude": 34.4593678, "Longitude": 133.9969485 }, "geometry": { "type": "Point", "coordinates": [ 133.9969485, 34.4593678 ] } },
{ "type": "Feature", "properties": { "Title": "Art House Project: Go'o Shrine", "placeList": "博物館", "Note": null, "Latitude": 34.4597775, "Longitude": 133.9984809 }, "geometry": { "type": "Point", "coordinates": [ 133.9984809, 34.4597775 ] } },
{ "type": "Feature", "properties": { "Title": "Art House Project: Haisha", "placeList": "博物館", "Note": null, "Latitude": 34.4598765, "Longitude": 133.9944882 }, "geometry": { "type": "Point", "coordinates": [ 133.9944882, 34.4598765 ] } },
{ "type": "Feature", "properties": { "Title": "Art House Project: Ishibashi", "placeList": "博物館", "Note": null, "Latitude": 34.4621114, "Longitude": 133.9950423 }, "geometry": { "type": "Point", "coordinates": [ 133.9950423, 34.4621114 ] } },
{ "type": "Feature", "properties": { "Title": "Art House Project: Kadoya", "placeList": "博物館", "Note": null, "Latitude": 34.4602046, "Longitude": 133.9975159 }, "geometry": { "type": "Point", "coordinates": [ 133.9975159, 34.4602046 ] } },
{ "type": "Feature", "properties": { "Title": "Art House Project: Kinza", "placeList": "博物館", "Note": null, "Latitude": 34.4604718, "Longitude": 133.9966244 }, "geometry": { "type": "Point", "coordinates": [ 133.9966244, 34.4604718 ] } },
{ "type": "Feature", "properties": { "Title": "Art House Project: Minamidera", "placeList": "博物館", "Note": null, "Latitude": 34.4588568, "Longitude": 133.996982 }, "geometry": { "type": "Point", "coordinates": [ 133.996982, 34.4588568 ] } },
{ "type": "Feature", "properties": { "Title": "Benesse House Museum", "placeList": "博物館", "Note": null, "Latitude": 34.4452233, "Longitude": 133.990853 }, "geometry": { "type": "Point", "coordinates": [ 133.990853, 34.4452233 ] } },
{ "type": "Feature", "properties": { "Title": "Kadocho Soy Sauce Museum", "placeList": "博物館", "Note": null, "Latitude": 34.0369507, "Longitude": 135.1744023 }, "geometry": { "type": "Point", "coordinates": [ 135.1744023, 34.0369507 ] } },
{ "type": "Feature", "properties": { "Title": "Labyrinth of Cherry Blossoms", "placeList": "博物館", "Note": null, "Latitude": 34.4522524, "Longitude": 133.9891466 }, "geometry": { "type": "Point", "coordinates": [ 133.9891466, 34.4522524 ] } },
{ "type": "Feature", "properties": { "Title": "Museum of Contemporary Art Tokyo (MOT)", "placeList": "博物館", "Note": null, "Latitude": 35.6797467, "Longitude": 139.8081921 }, "geometry": { "type": "Point", "coordinates": [ 139.808192100000014, 35.6797467 ] } },
{ "type": "Feature", "properties": { "Title": "Red Pumpkin", "placeList": "博物館", "Note": null, "Latitude": 34.4559716, "Longitude": 133.9738053 }, "geometry": { "type": "Point", "coordinates": [ 133.9738053, 34.4559716 ] } },
{ "type": "Feature", "properties": { "Title": "Sapporo Olympic Museum", "placeList": "博物館", "Note": null, "Latitude": 43.0518127, "Longitude": 141.2910103 }, "geometry": { "type": "Point", "coordinates": [ 141.291010300000011, 43.0518127 ] } },
{ "type": "Feature", "properties": { "Title": "Stained Glass Museum", "placeList": "博物館", "Note": null, "Latitude": 43.1980873, "Longitude": 141.0022429 }, "geometry": { "type": "Point", "coordinates": [ 141.0022429, 43.1980873 ] } },
{ "type": "Feature", "properties": { "Title": "Wakayama Historical Museum", "placeList": "博物館", "Note": null, "Latitude": 34.229457, "Longitude": 135.1701403 }, "geometry": { "type": "Point", "coordinates": [ 135.170140300000014, 34.229457 ] } },
{ "type": "Feature", "properties": { "Title": "Francoile", "placeList": "喫茶店", "Note": null, "Latitude": 34.4604928, "Longitude": 133.9957283 }, "geometry": { "type": "Point", "coordinates": [ 133.9957283, 34.4604928 ] } },
{ "type": "Feature", "properties": { "Title": "GOLDCOFFEE", "placeList": "喫茶店", "Note": null, "Latitude": 34.1844254, "Longitude": 135.1885166 }, "geometry": { "type": "Point", "coordinates": [ 135.188516600000014, 34.1844254 ] } },
{ "type": "Feature", "properties": { "Title": "JANAI COFFEE", "placeList": "喫茶店", "Note": null, "Latitude": 35.6455592, "Longitude": 139.7073496 }, "geometry": { "type": "Point", "coordinates": [ 139.707349599999986, 35.6455592 ] } },
{ "type": "Feature", "properties": { "Title": "Miharetei", "placeList": "喫茶店", "Note": null, "Latitude": 33.6696264, "Longitude": 135.8894321 }, "geometry": { "type": "Point", "coordinates": [ 135.8894321, 33.6696264 ] } },
{ "type": "Feature", "properties": { "Title": "Musashi-no-mori Coffee", "placeList": "喫茶店", "Note": null, "Latitude": 35.6842191, "Longitude": 139.6276343 }, "geometry": { "type": "Point", "coordinates": [ 139.627634300000011, 35.6842191 ] } },
{ "type": "Feature", "properties": { "Title": "Saunter coffee", "placeList": "喫茶店", "Note": null, "Latitude": 35.643047, "Longitude": 139.6694048 }, "geometry": { "type": "Point", "coordinates": [ 139.6694048, 35.643047 ] } },
{ "type": "Feature", "properties": { "Title": "TEA & TREATS", "placeList": "喫茶店", "Note": null, "Latitude": 35.6596947, "Longitude": 139.6414728 }, "geometry": { "type": "Point", "coordinates": [ 139.6414728, 35.6596947 ] } },
{ "type": "Feature", "properties": { "Title": "TsukiCoffee", "placeList": "喫茶店", "Note": null, "Latitude": 38.3104896, "Longitude": 140.4347959 }, "geometry": { "type": "Point", "coordinates": [ 140.434795900000012, 38.3104896 ] } },
{ "type": "Feature", "properties": { "Title": "Urn Chai & Tea | Ebisu", "placeList": "喫茶店", "Note": null, "Latitude": 35.6464037, "Longitude": 139.7131646 }, "geometry": { "type": "Point", "coordinates": [ 139.7131646, 35.6464037 ] } },
{ "type": "Feature", "properties": { "Title": "WIRED CAFE Frente Meidaimae", "placeList": "喫茶店", "Note": null, "Latitude": 35.6689409, "Longitude": 139.650191 }, "geometry": { "type": "Point", "coordinates": [ 139.650191, 35.6689409 ] } },
{ "type": "Feature", "properties": { "Title": "aisou", "placeList": "喫茶店", "Note": null, "Latitude": 35.6568792, "Longitude": 139.6451096 }, "geometry": { "type": "Point", "coordinates": [ 139.645109600000012, 35.6568792 ] } },
{ "type": "Feature", "properties": { "Title": "パン酵房ナチュール＋cafe", "placeList": "喫茶店", "Note": null, "Latitude": 43.7545965, "Longitude": 142.3594956 }, "geometry": { "type": "Point", "coordinates": [ 142.3594956, 43.7545965 ] } },
{ "type": "Feature", "properties": { "Title": "住恵２", "placeList": "喫茶店", "Note": null, "Latitude": 34.4613362, "Longitude": 133.9970566 }, "geometry": { "type": "Point", "coordinates": [ 133.9970566, 34.4613362 ] } },
{ "type": "Feature", "properties": { "Title": "Kogane Seimensyo - Aeon Mall Takamatsu", "placeList": "定食", "Note": null, "Latitude": 34.3519221, "Longitude": 134.0049568 }, "geometry": { "type": "Point", "coordinates": [ 134.0049568, 34.3519221 ] } },
{ "type": "Feature", "properties": { "Title": "Kompira udon", "placeList": "定食", "Note": null, "Latitude": 34.1869918, "Longitude": 133.8179121 }, "geometry": { "type": "Point", "coordinates": [ 133.8179121, 34.1869918 ] } },
{ "type": "Feature", "properties": { "Title": "Matsuya Meidaimae", "placeList": "定食", "Note": null, "Latitude": 35.668648, "Longitude": 139.650819 }, "geometry": { "type": "Point", "coordinates": [ 139.650819, 35.668648 ] } },
{ "type": "Feature", "properties": { "Title": "Obon de Gohan", "placeList": "定食", "Note": null, "Latitude": 35.7121678, "Longitude": 139.774647 }, "geometry": { "type": "Point", "coordinates": [ 139.774647, 35.7121678 ] } },
{ "type": "Feature", "properties": { "Title": "Yabuhan Soba", "placeList": "定食", "Note": null, "Latitude": 43.1965111, "Longitude": 140.9958367 }, "geometry": { "type": "Point", "coordinates": [ 140.995836700000012, 43.1965111 ] } },
{ "type": "Feature", "properties": { "Title": "Yoshinoya", "placeList": "定食", "Note": null, "Latitude": 35.6687531, "Longitude": 139.6507574 }, "geometry": { "type": "Point", "coordinates": [ 139.6507574, 35.6687531 ] } },
{ "type": "Feature", "properties": { "Title": "runobiki-an", "placeList": "定食", "Note": null, "Latitude": 35.6748042, "Longitude": 139.6549132 }, "geometry": { "type": "Point", "coordinates": [ 139.65491320000001, 35.6748042 ] } },
{ "type": "Feature", "properties": { "Title": "手打ちそば 大井三ツ又 吉田家", "placeList": "定食", "Note": null, "Latitude": 35.6027177, "Longitude": 139.7318247 }, "geometry": { "type": "Point", "coordinates": [ 139.7318247, 35.6027177 ] } },
{ "type": "Feature", "properties": { "Title": "湯浅米醤", "placeList": "定食", "Note": null, "Latitude": 34.0318909, "Longitude": 135.1795195 }, "geometry": { "type": "Point", "coordinates": [ 135.1795195, 34.0318909 ] } },
{ "type": "Feature", "properties": { "Title": "Kaiten Sushi Misaki Sangenjaya Tokyu Store", "placeList": "寿司", "Note": null, "Latitude": 35.6438875, "Longitude": 139.6695712 }, "geometry": { "type": "Point", "coordinates": [ 139.6695712, 35.6438875 ] } },
{ "type": "Feature", "properties": { "Title": "Katsuura Gyoko Nigiwai-Ichiba", "placeList": "寿司", "Note": null, "Latitude": 33.626552, "Longitude": 135.9439719 }, "geometry": { "type": "Point", "coordinates": [ 135.9439719, 33.626552 ] } },
{ "type": "Feature", "properties": { "Title": "Matsushima Fish Market", "placeList": "寿司", "Note": null, "Latitude": 38.3719493, "Longitude": 141.0651699 }, "geometry": { "type": "Point", "coordinates": [ 141.0651699, 38.3719493 ] } },
{ "type": "Feature", "properties": { "Title": "Soyogi", "placeList": "居酒屋", "Note": null, "Latitude": 35.6586984, "Longitude": 139.6487987 }, "geometry": { "type": "Point", "coordinates": [ 139.648798699999986, 35.6586984 ] } },
{ "type": "Feature", "properties": { "Title": "Yokihi", "placeList": "居酒屋", "Note": null, "Latitude": 34.072038, "Longitude": 134.5525647 }, "geometry": { "type": "Point", "coordinates": [ 134.5525647, 34.072038 ] } },
{ "type": "Feature", "properties": { "Title": "Mount Fuji", "placeList": "山", "Note": null, "Latitude": 35.360625, "Longitude": 138.7273634 }, "geometry": { "type": "Point", "coordinates": [ 138.7273634, 35.360625 ] } },
{ "type": "Feature", "properties": { "Title": "Mount Takao", "placeList": "山", "Note": null, "Latitude": 35.6254121, "Longitude": 139.2437385 }, "geometry": { "type": "Point", "coordinates": [ 139.2437385, 35.6254121 ] } },
{ "type": "Feature", "properties": { "Title": "HANDS Shinjuku Store", "placeList": "店", "Note": null, "Latitude": 35.6870825, "Longitude": 139.7022161 }, "geometry": { "type": "Point", "coordinates": [ 139.702216099999987, 35.6870825 ] } },
{ "type": "Feature", "properties": { "Title": "Kadocho - Soy Sauce Factory", "placeList": "店", "Note": null, "Latitude": 34.037136, "Longitude": 135.1741062 }, "geometry": { "type": "Point", "coordinates": [ 135.174106200000011, 34.037136 ] } },
{ "type": "Feature", "properties": { "Title": "Little Trip to Heaven Koenji", "placeList": "店", "Note": null, "Latitude": 35.7037114, "Longitude": 139.6488121 }, "geometry": { "type": "Point", "coordinates": [ 139.648812099999986, 35.7037114 ] } },
{ "type": "Feature", "properties": { "Title": "MUJI com フレンテ笹塚", "placeList": "店", "Note": null, "Latitude": 35.673477, "Longitude": 139.66778 }, "geometry": { "type": "Point", "coordinates": [ 139.66778, 35.673477 ] } },
{ "type": "Feature", "properties": { "Title": "Nakano Broadway", "placeList": "店", "Note": null, "Latitude": 35.7092475, "Longitude": 139.6656524 }, "geometry": { "type": "Point", "coordinates": [ 139.6656524, 35.7092475 ] } },
{ "type": "Feature", "properties": { "Title": "Nitori Deco Home Sasazuka Ekimae", "placeList": "店", "Note": null, "Latitude": 35.6736383, "Longitude": 139.669111 }, "geometry": { "type": "Point", "coordinates": [ 139.669111, 35.6736383 ] } },
{ "type": "Feature", "properties": { "Title": "Takinami Donburi Restaurant — Donburi of Otaru North", "placeList": "店", "Note": null, "Latitude": 43.1989179, "Longitude": 140.993902 }, "geometry": { "type": "Point", "coordinates": [ 140.993902, 43.1989179 ] } },
{ "type": "Feature", "properties": { "Title": "UNIQLO", "placeList": "店", "Note": null, "Latitude": 34.3530807, "Longitude": 134.006117 }, "geometry": { "type": "Point", "coordinates": [ 134.006117, 34.3530807 ] } },
{ "type": "Feature", "properties": { "Title": "Watt's Sasazuka ¥100 (Former Meets Sasazuka)", "placeList": "店", "Note": null, "Latitude": 35.6732188, "Longitude": 139.6690299 }, "geometry": { "type": "Point", "coordinates": [ 139.6690299, 35.6732188 ] } },
{ "type": "Feature", "properties": { "Title": "〒070-0032 Hokkaido, Asahikawa, 2 Jōdōri, 7-chōme−227-1 マルカツ 1階", "placeList": "店", "Note": null, "Latitude": 43.7664155, "Longitude": 142.3592977 }, "geometry": { "type": "Point", "coordinates": [ 142.359297700000013, 43.7664155 ] } },
{ "type": "Feature", "properties": { "Title": "Music&Bar さんかく", "placeList": "横丁", "Note": null, "Latitude": 35.6711254, "Longitude": 139.6586063 }, "geometry": { "type": "Point", "coordinates": [ 139.6586063, 35.6711254 ] } },
{ "type": "Feature", "properties": { "Title": "Omoide Yokocho Memory Lane", "placeList": "横丁", "Note": null, "Latitude": 35.6929614, "Longitude": 139.6995724 }, "geometry": { "type": "Point", "coordinates": [ 139.6995724, 35.6929614 ] } },
{ "type": "Feature", "properties": { "Title": "Sangenjaya Sankaku Chitai", "placeList": "横丁", "Note": null, "Latitude": 35.6430358, "Longitude": 139.6698528 }, "geometry": { "type": "Point", "coordinates": [ 139.6698528, 35.6430358 ] } },
{ "type": "Feature", "properties": { "Title": "Ueno Ameyoko Shopping Street", "placeList": "横丁", "Note": null, "Latitude": 35.7100581, "Longitude": 139.7745474 }, "geometry": { "type": "Point", "coordinates": [ 139.774547399999989, 35.7100581 ] } },
{ "type": "Feature", "properties": { "Title": "居酒屋ゆう", "placeList": "横丁", "Note": null, "Latitude": 35.6725712, "Longitude": 139.6584137 }, "geometry": { "type": "Point", "coordinates": [ 139.658413700000011, 35.6725712 ] } },
{ "type": "Feature", "properties": { "Title": "1-chōme-2-7 Kagura 5 Jō", "placeList": "歴史の場所", "Note": null, "Latitude": 43.7650643, "Longitude": 142.3416897 }, "geometry": { "type": "Point", "coordinates": [ 142.341689699999989, 43.7650643 ] } },
{ "type": "Feature", "properties": { "Title": "Doraemon Walking Trail", "placeList": "歴史の場所", "Note": null, "Latitude": 36.7424169, "Longitude": 137.0145527 }, "geometry": { "type": "Point", "coordinates": [ 137.0145527, 36.7424169 ] } },
{ "type": "Feature", "properties": { "Title": "Genpei Yashima Historic Battlefield", "placeList": "歴史の場所", "Note": null, "Latitude": 34.36291, "Longitude": 134.1052402 }, "geometry": { "type": "Point", "coordinates": [ 134.1052402, 34.36291 ] } },
{ "type": "Feature", "properties": { "Title": "Konpira Grand Theater (Kabuki)", "placeList": "歴史の場所", "Note": null, "Latitude": 34.1847132, "Longitude": 133.8179854 }, "geometry": { "type": "Point", "coordinates": [ 133.8179854, 34.1847132 ] } },
{ "type": "Feature", "properties": { "Title": "Kumano Kodo - Nakahechi Daimon-saka Pilgrim Route", "placeList": "歴史の場所", "Note": null, "Latitude": 33.6713059, "Longitude": 135.8975905 }, "geometry": { "type": "Point", "coordinates": [ 135.8975905, 33.6713059 ] } },
{ "type": "Feature", "properties": { "Title": "Matsumoto Station", "placeList": "歴史の場所", "Note": null, "Latitude": 36.2307615, "Longitude": 137.9644196 }, "geometry": { "type": "Point", "coordinates": [ 137.964419600000014, 36.2307615 ] } },
{ "type": "Feature", "properties": { "Title": "Naritasan Omotesando", "placeList": "歴史の場所", "Note": null, "Latitude": 35.7845166, "Longitude": 140.317873 }, "geometry": { "type": "Point", "coordinates": [ 140.317873, 35.7845166 ] } },
{ "type": "Feature", "properties": { "Title": "Otaru Canal", "placeList": "歴史の場所", "Note": null, "Latitude": 43.199041, "Longitude": 141.0021176 }, "geometry": { "type": "Point", "coordinates": [ 141.0021176, 43.199041 ] } },
{ "type": "Feature", "properties": { "Title": "Otaru Canal Promenade", "placeList": "歴史の場所", "Note": null, "Latitude": 43.2015517, "Longitude": 141.0006353 }, "geometry": { "type": "Point", "coordinates": [ 141.0006353, 43.2015517 ] } },
{ "type": "Feature", "properties": { "Title": "Sapporo TV Tower", "placeList": "歴史の場所", "Note": null, "Latitude": 43.0611047, "Longitude": 141.3564246 }, "geometry": { "type": "Point", "coordinates": [ 141.3564246, 43.0611047 ] } },
{ "type": "Feature", "properties": { "Title": "Seven Rocks", "placeList": "歴史の場所", "Note": null, "Latitude": 38.3159491, "Longitude": 140.443274 }, "geometry": { "type": "Point", "coordinates": [ 140.443274, 38.3159491 ] } },
{ "type": "Feature", "properties": { "Title": "やきとり家すみれ 渋谷道玄坂店", "placeList": "焼き鳥", "Note": null, "Latitude": 35.6590565, "Longitude": 139.6974195 }, "geometry": { "type": "Point", "coordinates": [ 139.6974195, 35.6590565 ] } },
{ "type": "Feature", "properties": { "Title": "新大久保 soban 韓国創作料理", "placeList": "焼肉", "Note": null, "Latitude": 35.7007724, "Longitude": 139.7032677 }, "geometry": { "type": "Point", "coordinates": [ 139.7032677, 35.7007724 ] } },
{ "type": "Feature", "properties": { "Title": "Noboribetsu Jigokudani Valley", "placeList": "登山", "Note": null, "Latitude": 42.4976231, "Longitude": 141.1486602 }, "geometry": { "type": "Point", "coordinates": [ 141.1486602, 42.4976231 ] } },
{ "type": "Feature", "properties": { "Title": "Route 6", "placeList": "登山", "Note": null, "Latitude": 35.6268693, "Longitude": 139.2550805 }, "geometry": { "type": "Point", "coordinates": [ 139.2550805, 35.6268693 ] } },
{ "type": "Feature", "properties": { "Title": "天狗岩(天華岩)", "placeList": "登山", "Note": null, "Latitude": 38.3166673, "Longitude": 140.4418273 }, "geometry": { "type": "Point", "coordinates": [ 140.4418273, 38.3166673 ] } },
{ "type": "Feature", "properties": { "Title": "高尾山 1号路", "placeList": "登山", "Note": null, "Latitude": 35.6295935, "Longitude": 139.252757 }, "geometry": { "type": "Point", "coordinates": [ 139.252757, 35.6295935 ] } },
{ "type": "Feature", "properties": { "Title": "高尾山 4号路", "placeList": "登山", "Note": null, "Latitude": 35.6256352, "Longitude": 139.244332 }, "geometry": { "type": "Point", "coordinates": [ 139.244332, 35.6256352 ] } },
{ "type": "Feature", "properties": { "Title": "Bentensha", "placeList": "神社とお寺", "Note": null, "Latitude": 35.6772946, "Longitude": 139.6542415 }, "geometry": { "type": "Point", "coordinates": [ 139.654241500000012, 35.6772946 ] } },
{ "type": "Feature", "properties": { "Title": "Daibutsuden, Rissyakuji", "placeList": "神社とお寺", "Note": null, "Latitude": 38.3155308, "Longitude": 140.4346085 }, "geometry": { "type": "Point", "coordinates": [ 140.4346085, 38.3155308 ] } },
{ "type": "Feature", "properties": { "Title": "Godaidō (Pavilion of the Five Masters)", "placeList": "神社とお寺", "Note": null, "Latitude": 38.3136091, "Longitude": 140.4345762 }, "geometry": { "type": "Point", "coordinates": [ 140.4345762, 38.3136091 ] } },
{ "type": "Feature", "properties": { "Title": "Gokurakuji Temple", "placeList": "神社とお寺", "Note": null, "Latitude": 34.459174, "Longitude": 133.9975212 }, "geometry": { "type": "Point", "coordinates": [ 133.9975212, 34.459174 ] } },
{ "type": "Feature", "properties": { "Title": "Kamikawa-jinja Shrine", "placeList": "神社とお寺", "Note": null, "Latitude": 43.7521943, "Longitude": 142.3646858 }, "geometry": { "type": "Point", "coordinates": [ 142.3646858, 43.7521943 ] } },
{ "type": "Feature", "properties": { "Title": "Kimiiderabutsuden", "placeList": "神社とお寺", "Note": null, "Latitude": 34.1841846, "Longitude": 135.1898883 }, "geometry": { "type": "Point", "coordinates": [ 135.1898883, 34.1841846 ] } },
{ "type": "Feature", "properties": { "Title": "Kotohiragu", "placeList": "神社とお寺", "Note": null, "Latitude": 34.1839981, "Longitude": 133.8095371 }, "geometry": { "type": "Point", "coordinates": [ 133.8095371, 34.1839981 ] } },
{ "type": "Feature", "properties": { "Title": "Kumanosanshoo Shrine", "placeList": "神社とお寺", "Note": null, "Latitude": 33.6448705, "Longitude": 135.9345727 }, "geometry": { "type": "Point", "coordinates": [ 135.9345727, 33.6448705 ] } },
{ "type": "Feature", "properties": { "Title": "Meiji Jingu", "placeList": "神社とお寺", "Note": null, "Latitude": 35.6763976, "Longitude": 139.6993259 }, "geometry": { "type": "Point", "coordinates": [ 139.6993259, 35.6763976 ] } },
{ "type": "Feature", "properties": { "Title": "Nihon-ji Temple Nioh-Mon Gate", "placeList": "神社とお寺", "Note": null, "Latitude": 35.1556541, "Longitude": 139.8331663 }, "geometry": { "type": "Point", "coordinates": [ 139.833166299999988, 35.1556541 ] } },
{ "type": "Feature", "properties": { "Title": "No.85 Yakuri Temple", "placeList": "神社とお寺", "Note": null, "Latitude": 34.3599239, "Longitude": 134.139874 }, "geometry": { "type": "Point", "coordinates": [ 134.139874, 34.3599239 ] } },
{ "type": "Feature", "properties": { "Title": "Seiganto-ji", "placeList": "神社とお寺", "Note": null, "Latitude": 33.6691482, "Longitude": 135.889849 }, "geometry": { "type": "Point", "coordinates": [ 135.889849, 33.6691482 ] } },
{ "type": "Feature", "properties": { "Title": "Seiganto-ji Temple Sanjuno-to 3-Storied Pagoda", "placeList": "神社とお寺", "Note": null, "Latitude": 33.6710383, "Longitude": 135.8888742 }, "geometry": { "type": "Point", "coordinates": [ 135.8888742, 33.6710383 ] } },
{ "type": "Feature", "properties": { "Title": "Sensō-ji", "placeList": "神社とお寺", "Note": null, "Latitude": 35.7147651, "Longitude": 139.7966553 }, "geometry": { "type": "Point", "coordinates": [ 139.7966553, 35.7147651 ] } },
{ "type": "Feature", "properties": { "Title": "Shiramine Shrine", "placeList": "神社とお寺", "Note": null, "Latitude": 34.1862212, "Longitude": 133.8068922 }, "geometry": { "type": "Point", "coordinates": [ 133.8068922, 34.1862212 ] } },
{ "type": "Feature", "properties": { "Title": "Takaosan Yakuōin Yukiji Temple", "placeList": "神社とお寺", "Note": null, "Latitude": 35.6259039, "Longitude": 139.2502861 }, "geometry": { "type": "Point", "coordinates": [ 139.250286100000011, 35.6259039 ] } },
{ "type": "Feature", "properties": { "Title": "Tennōji Temple", "placeList": "神社とお寺", "Note": null, "Latitude": 35.7267151, "Longitude": 139.7713085 }, "geometry": { "type": "Point", "coordinates": [ 139.7713085, 35.7267151 ] } },
{ "type": "Feature", "properties": { "Title": "Tokiwa Shrine", "placeList": "神社とお寺", "Note": null, "Latitude": 36.3749418, "Longitude": 140.4557027 }, "geometry": { "type": "Point", "coordinates": [ 140.455702699999989, 36.3749418 ] } },
{ "type": "Feature", "properties": { "Title": "Yakushi Shrine", "placeList": "神社とお寺", "Note": null, "Latitude": 42.5176244, "Longitude": 141.1091068 }, "geometry": { "type": "Point", "coordinates": [ 141.1091068, 42.5176244 ] } },
{ "type": "Feature", "properties": { "Title": "Yashima Shrine", "placeList": "神社とお寺", "Note": null, "Latitude": 34.3456854, "Longitude": 134.1077902 }, "geometry": { "type": "Point", "coordinates": [ 134.107790200000011, 34.3456854 ] } },
{ "type": "Feature", "properties": { "Title": "Zenkōji temple", "placeList": "神社とお寺", "Note": null, "Latitude": 36.6615752, "Longitude": 138.1877028 }, "geometry": { "type": "Point", "coordinates": [ 138.187702800000011, 36.6615752 ] } },
{ "type": "Feature", "properties": { "Title": "正法寺(浄土真宗本願寺派) 西", "placeList": "神社とお寺", "Note": null, "Latitude": 35.6643642, "Longitude": 139.6519023 }, "geometry": { "type": "Point", "coordinates": [ 139.651902299999989, 35.6643642 ] } },
{ "type": "Feature", "properties": { "Title": "Fukuurajima", "placeList": "自然", "Note": null, "Latitude": 38.3666908, "Longitude": 141.0711404 }, "geometry": { "type": "Point", "coordinates": [ 141.0711404, 38.3666908 ] } },
{ "type": "Feature", "properties": { "Title": "Inaridaimyojin", "placeList": "自然", "Note": null, "Latitude": 38.3176577, "Longitude": 140.4430114 }, "geometry": { "type": "Point", "coordinates": [ 140.443011399999989, 38.3176577 ] } },
{ "type": "Feature", "properties": { "Title": "Kamikōchi", "placeList": "自然", "Note": null, "Latitude": 36.2487537, "Longitude": 137.6380649 }, "geometry": { "type": "Point", "coordinates": [ 137.638064899999989, 36.2487537 ] } },
{ "type": "Feature", "properties": { "Title": "Kanejima Island", "placeList": "自然", "Note": null, "Latitude": 38.3308817, "Longitude": 141.0794473 }, "geometry": { "type": "Point", "coordinates": [ 141.0794473, 38.3308817 ] } },
{ "type": "Feature", "properties": { "Title": "Kaya-no-saki", "placeList": "自然", "Note": null, "Latitude": 38.3687447, "Longitude": 141.0701464 }, "geometry": { "type": "Point", "coordinates": [ 141.0701464, 38.3687447 ] } },
{ "type": "Feature", "properties": { "Title": "Komen Bridge", "placeList": "自然", "Note": null, "Latitude": 36.8080099, "Longitude": 137.5916927 }, "geometry": { "type": "Point", "coordinates": [ 137.59169270000001, 36.8080099 ] } },
{ "type": "Feature", "properties": { "Title": "Miharashidai", "placeList": "自然", "Note": null, "Latitude": 38.3655934, "Longitude": 141.0729298 }, "geometry": { "type": "Point", "coordinates": [ 141.0729298, 38.3655934 ] } },
{ "type": "Feature", "properties": { "Title": "Mizushima", "placeList": "自然", "Note": null, "Latitude": 38.3209121, "Longitude": 141.1016925 }, "geometry": { "type": "Point", "coordinates": [ 141.101692500000013, 38.3209121 ] } },
{ "type": "Feature", "properties": { "Title": "Mt. Takao Trail 6 (Biwa Falls Course)", "placeList": "自然", "Note": null, "Latitude": 35.6305864, "Longitude": 139.2622802 }, "geometry": { "type": "Point", "coordinates": [ 139.2622802, 35.6305864 ] } },
{ "type": "Feature", "properties": { "Title": "Nioh-jima", "placeList": "自然", "Note": null, "Latitude": 38.328124, "Longitude": 141.0868352 }, "geometry": { "type": "Point", "coordinates": [ 141.0868352, 38.328124 ] } },
{ "type": "Feature", "properties": { "Title": "Ononuma Park", "placeList": "自然", "Note": null, "Latitude": 36.7973261, "Longitude": 137.5873363 }, "geometry": { "type": "Point", "coordinates": [ 137.5873363, 36.7973261 ] } },
{ "type": "Feature", "properties": { "Title": "Otaru Port Cruise Terminal #3 Pier", "placeList": "自然", "Note": null, "Latitude": 43.2029879, "Longitude": 141.0075698 }, "geometry": { "type": "Point", "coordinates": [ 141.0075698, 43.2029879 ] } },
{ "type": "Feature", "properties": { "Title": "Oyokogawa Promenade Kawazu Sakura", "placeList": "自然", "Note": null, "Latitude": 35.6719369, "Longitude": 139.8095096 }, "geometry": { "type": "Point", "coordinates": [ 139.809509600000013, 35.6719369 ] } },
{ "type": "Feature", "properties": { "Title": "Raiken Monument", "placeList": "自然", "Note": null, "Latitude": 38.3644282, "Longitude": 141.0627893 }, "geometry": { "type": "Point", "coordinates": [ 141.0627893, 38.3644282 ] } },
{ "type": "Feature", "properties": { "Title": "Tenjinsaki", "placeList": "自然", "Note": null, "Latitude": 38.3683107, "Longitude": 141.0719127 }, "geometry": { "type": "Point", "coordinates": [ 141.071912700000013, 38.3683107 ] } },
{ "type": "Feature", "properties": { "Title": "ねずみ返しの岩壁", "placeList": "自然", "Note": null, "Latitude": 36.7513483, "Longitude": 137.6374342 }, "geometry": { "type": "Point", "coordinates": [ 137.6374342, 36.7513483 ] } },
{ "type": "Feature", "properties": { "Title": "魚見台 南西側", "placeList": "自然", "Note": null, "Latitude": 34.3670655, "Longitude": 134.1015217 }, "geometry": { "type": "Point", "coordinates": [ 134.1015217, 34.3670655 ] } },
{ "type": "Feature", "properties": { "Title": "Heartland Ferry Wakkanai Port", "placeList": "船", "Note": null, "Latitude": 45.4153617, "Longitude": 141.6830253 }, "geometry": { "type": "Point", "coordinates": [ 141.6830253, 45.4153617 ] } },
{ "type": "Feature", "properties": { "Title": "Marine station \"Naoshima\"", "placeList": "船", "Note": null, "Latitude": 34.4570045, "Longitude": 133.9746094 }, "geometry": { "type": "Point", "coordinates": [ 133.9746094, 34.4570045 ] } },
{ "type": "Feature", "properties": { "Title": "Takamatsu Port", "placeList": "船", "Note": null, "Latitude": 34.3541501, "Longitude": 134.0487144 }, "geometry": { "type": "Point", "coordinates": [ 134.0487144, 34.3541501 ] } },
{ "type": "Feature", "properties": { "Title": "Tomakomai West Port Ferry Terminal", "placeList": "船", "Note": null, "Latitude": 42.6384443, "Longitude": 141.6349687 }, "geometry": { "type": "Point", "coordinates": [ 141.6349687, 42.6384443 ] } },
{ "type": "Feature", "properties": { "Title": "かふかこう Ferry Terminal", "placeList": "船", "Note": null, "Latitude": 45.2983914, "Longitude": 141.0461038 }, "geometry": { "type": "Point", "coordinates": [ 141.0461038, 45.2983914 ] } },
{ "type": "Feature", "properties": { "Title": "Shabuzen Shibuya", "placeList": "鍋", "Note": null, "Latitude": 35.6632645, "Longitude": 139.6947118 }, "geometry": { "type": "Point", "coordinates": [ 139.6947118, 35.6632645 ] } },
{ "type": "Feature", "properties": { "Title": "Asahikawa Winter Festival Venue", "placeList": "面白いもの", "Note": null, "Latitude": 43.7775301, "Longitude": 142.358664 }, "geometry": { "type": "Point", "coordinates": [ 142.358664, 43.7775301 ] } },
{ "type": "Feature", "properties": { "Title": "Carrot Tower", "placeList": "面白いもの", "Note": null, "Latitude": 35.6436933, "Longitude": 139.669292 }, "geometry": { "type": "Point", "coordinates": [ 139.669292, 35.6436933 ] } },
{ "type": "Feature", "properties": { "Title": "Mt Takao Monkey Park & Wildflower Garden", "placeList": "面白いもの", "Note": null, "Latitude": 35.62995, "Longitude": 139.2551495 }, "geometry": { "type": "Point", "coordinates": [ 139.255149499999987, 35.62995 ] } },
{ "type": "Feature", "properties": { "Title": "Shibuya Scramble Crossing", "placeList": "面白いもの", "Note": null, "Latitude": 35.659482, "Longitude": 139.7005596 }, "geometry": { "type": "Point", "coordinates": [ 139.7005596, 35.659482 ] } },
{ "type": "Feature", "properties": { "Title": "Suspension bridge for monkeys", "placeList": "面白いもの", "Note": null, "Latitude": 36.7938543, "Longitude": 137.5954689 }, "geometry": { "type": "Point", "coordinates": [ 137.595468899999986, 36.7938543 ] } },
{ "type": "Feature", "properties": { "Title": "Tokyo Tower", "placeList": "面白いもの", "Note": null, "Latitude": 35.6585805, "Longitude": 139.7454329 }, "geometry": { "type": "Point", "coordinates": [ 139.7454329, 35.6585805 ] } },
{ "type": "Feature", "properties": { "Title": "Bar 何となく", "placeList": "飲み屋", "Note": null, "Latitude": 35.6941911, "Longitude": 139.7044595 }, "geometry": { "type": "Point", "coordinates": [ 139.704459500000013, 35.6941911 ] } },
{ "type": "Feature", "properties": { "Title": "Beer Club Popeye", "placeList": "飲み屋", "Note": null, "Latitude": 35.6950976, "Longitude": 139.7926987 }, "geometry": { "type": "Point", "coordinates": [ 139.792698699999988, 35.6950976 ] } },
{ "type": "Feature", "properties": { "Title": "FLAT BAR", "placeList": "飲み屋", "Note": null, "Latitude": 35.643072, "Longitude": 139.6701463 }, "geometry": { "type": "Point", "coordinates": [ 139.6701463, 35.643072 ] } },
{ "type": "Feature", "properties": { "Title": "MEIMEI", "placeList": "飲み屋", "Note": null, "Latitude": 35.6633371, "Longitude": 139.6687569 }, "geometry": { "type": "Point", "coordinates": [ 139.6687569, 35.6633371 ] } },
{ "type": "Feature", "properties": { "Title": "Mikkeller Tokyo", "placeList": "飲み屋", "Note": null, "Latitude": 35.6594638, "Longitude": 139.6960234 }, "geometry": { "type": "Point", "coordinates": [ 139.6960234, 35.6594638 ] } },
{ "type": "Feature", "properties": { "Title": "Sai", "placeList": "飲み屋", "Note": null, "Latitude": 35.6429968, "Longitude": 139.6702965 }, "geometry": { "type": "Point", "coordinates": [ 139.6702965, 35.6429968 ] } },
{ "type": "Feature", "properties": { "Title": "Xanadu", "placeList": "飲み屋", "Note": null, "Latitude": 35.6432794, "Longitude": 139.6701235 }, "geometry": { "type": "Point", "coordinates": [ 139.670123499999988, 35.6432794 ] } },
{ "type": "Feature", "properties": { "Title": "nomuno Akasakahonten", "placeList": "飲み屋", "Note": null, "Latitude": 35.6759849, "Longitude": 139.7364381 }, "geometry": { "type": "Point", "coordinates": [ 139.736438099999987, 35.6759849 ] } },
{ "type": "Feature", "properties": { "Title": "和食処 松井", "placeList": "飲み屋", "Note": null, "Latitude": 43.769265, "Longitude": 142.358705 }, "geometry": { "type": "Point", "coordinates": [ 142.358705, 43.769265 ] } },
{ "type": "Feature", "properties": { "Title": "Akihabara Station", "placeList": "駅", "Note": null, "Latitude": 35.6979438, "Longitude": 139.7744106 }, "geometry": { "type": "Point", "coordinates": [ 139.77441060000001, 35.6979438 ] } },
{ "type": "Feature", "properties": { "Title": "Asagaya Station", "placeList": "駅", "Note": null, "Latitude": 35.7049247, "Longitude": 139.6361231 }, "geometry": { "type": "Point", "coordinates": [ 139.6361231, 35.7049247 ] } },
{ "type": "Feature", "properties": { "Title": "Asahikawa Station", "placeList": "駅", "Note": null, "Latitude": 43.7627619, "Longitude": 142.3585105 }, "geometry": { "type": "Point", "coordinates": [ 142.3585105, 43.7627619 ] } },
{ "type": "Feature", "properties": { "Title": "Asakusa Sta.", "placeList": "駅", "Note": null, "Latitude": 35.7137953, "Longitude": 139.7923968 }, "geometry": { "type": "Point", "coordinates": [ 139.7923968, 35.7137953 ] } },
{ "type": "Feature", "properties": { "Title": "Chiba Station", "placeList": "駅", "Note": null, "Latitude": 35.6131339, "Longitude": 140.1133591 }, "geometry": { "type": "Point", "coordinates": [ 140.1133591, 35.6131339 ] } },
{ "type": "Feature", "properties": { "Title": "Daitabashi Station", "placeList": "駅", "Note": null, "Latitude": 35.6709889, "Longitude": 139.6587686 }, "geometry": { "type": "Point", "coordinates": [ 139.6587686, 35.6709889 ] } },
{ "type": "Feature", "properties": { "Title": "Edogawabashi Sta.", "placeList": "駅", "Note": null, "Latitude": 35.7097251, "Longitude": 139.7329826 }, "geometry": { "type": "Point", "coordinates": [ 139.732982600000014, 35.7097251 ] } },
{ "type": "Feature", "properties": { "Title": "Eifukuchō Station", "placeList": "駅", "Note": null, "Latitude": 35.676272, "Longitude": 139.6426236 }, "geometry": { "type": "Point", "coordinates": [ 139.6426236, 35.676272 ] } },
{ "type": "Feature", "properties": { "Title": "Fukui Station", "placeList": "駅", "Note": null, "Latitude": 36.0621772, "Longitude": 136.2233784 }, "geometry": { "type": "Point", "coordinates": [ 136.2233784, 36.0621772 ] } },
{ "type": "Feature", "properties": { "Title": "Ginza Station", "placeList": "駅", "Note": null, "Latitude": 35.6717279, "Longitude": 139.7644425 }, "geometry": { "type": "Point", "coordinates": [ 139.7644425, 35.6717279 ] } },
{ "type": "Feature", "properties": { "Title": "Grand Plaza-Mae Station", "placeList": "駅", "Note": null, "Latitude": 36.6889328, "Longitude": 137.2134662 }, "geometry": { "type": "Point", "coordinates": [ 137.2134662, 36.6889328 ] } },
{ "type": "Feature", "properties": { "Title": "Hamadayama Station", "placeList": "駅", "Note": null, "Latitude": 35.681636, "Longitude": 139.6275022 }, "geometry": { "type": "Point", "coordinates": [ 139.6275022, 35.681636 ] } },
{ "type": "Feature", "properties": { "Title": "Hanzomon Station", "placeList": "駅", "Note": null, "Latitude": 35.6856667, "Longitude": 139.7416475 }, "geometry": { "type": "Point", "coordinates": [ 139.7416475, 35.6856667 ] } },
{ "type": "Feature", "properties": { "Title": "Hayashimichi Station", "placeList": "駅", "Note": null, "Latitude": 34.323389, "Longitude": 134.073208 }, "geometry": { "type": "Point", "coordinates": [ 134.073208, 34.323389 ] } },
{ "type": "Feature", "properties": { "Title": "Honancho Station", "placeList": "駅", "Note": null, "Latitude": 35.6834707, "Longitude": 139.6574453 }, "geometry": { "type": "Point", "coordinates": [ 139.6574453, 35.6834707 ] } },
{ "type": "Feature", "properties": { "Title": "Ichigaya Station", "placeList": "駅", "Note": null, "Latitude": 35.6910121, "Longitude": 139.7355674 }, "geometry": { "type": "Point", "coordinates": [ 139.7355674, 35.6910121 ] } },
{ "type": "Feature", "properties": { "Title": "Iidabashi Station", "placeList": "駅", "Note": null, "Latitude": 35.7020837, "Longitude": 139.7450232 }, "geometry": { "type": "Point", "coordinates": [ 139.7450232, 35.7020837 ] } },
{ "type": "Feature", "properties": { "Title": "Ikebukuro Station", "placeList": "駅", "Note": null, "Latitude": 35.7295028, "Longitude": 139.7109001 }, "geometry": { "type": "Point", "coordinates": [ 139.7109001, 35.7295028 ] } },
{ "type": "Feature", "properties": { "Title": "Kagurazaka Sta.", "placeList": "駅", "Note": null, "Latitude": 35.703869, "Longitude": 139.7344316 }, "geometry": { "type": "Point", "coordinates": [ 139.7344316, 35.703869 ] } },
{ "type": "Feature", "properties": { "Title": "Kamimachi Station", "placeList": "駅", "Note": null, "Latitude": 35.6433787, "Longitude": 139.6467074 }, "geometry": { "type": "Point", "coordinates": [ 139.6467074, 35.6433787 ] } },
{ "type": "Feature", "properties": { "Title": "Kamiyachō Sta.", "placeList": "駅", "Note": null, "Latitude": 35.6631176, "Longitude": 139.7451826 }, "geometry": { "type": "Point", "coordinates": [ 139.7451826, 35.6631176 ] } },
{ "type": "Feature", "properties": { "Title": "Kanazawa Station", "placeList": "駅", "Note": null, "Latitude": 36.5780443, "Longitude": 136.6481714 }, "geometry": { "type": "Point", "coordinates": [ 136.6481714, 36.5780443 ] } },
{ "type": "Feature", "properties": { "Title": "Kataharamachi Station", "placeList": "駅", "Note": null, "Latitude": 34.3458074, "Longitude": 134.0542598 }, "geometry": { "type": "Point", "coordinates": [ 134.054259800000011, 34.3458074 ] } },
{ "type": "Feature", "properties": { "Title": "Kawagoe 川越", "placeList": "駅", "Note": null, "Latitude": 35.9070457, "Longitude": 139.4827537 }, "geometry": { "type": "Point", "coordinates": [ 139.482753699999989, 35.9070457 ] } },
{ "type": "Feature", "properties": { "Title": "Kawaramachi Station", "placeList": "駅", "Note": null, "Latitude": 34.3389612, "Longitude": 134.0525581 }, "geometry": { "type": "Point", "coordinates": [ 134.0525581, 34.3389612 ] } },
{ "type": "Feature", "properties": { "Title": "Keisei-Narita Station", "placeList": "駅", "Note": null, "Latitude": 35.7767266, "Longitude": 140.3156532 }, "geometry": { "type": "Point", "coordinates": [ 140.315653200000014, 35.7767266 ] } },
{ "type": "Feature", "properties": { "Title": "Keisei-Sakura Station", "placeList": "駅", "Note": null, "Latitude": 35.725188, "Longitude": 140.22972 }, "geometry": { "type": "Point", "coordinates": [ 140.22972, 35.725188 ] } },
{ "type": "Feature", "properties": { "Title": "Kiba Sta. 木場", "placeList": "駅", "Note": null, "Latitude": 35.6693678, "Longitude": 139.8067878 }, "geometry": { "type": "Point", "coordinates": [ 139.8067878, 35.6693678 ] } },
{ "type": "Feature", "properties": { "Title": "Kichijōji Station", "placeList": "駅", "Note": null, "Latitude": 35.7031485, "Longitude": 139.5798087 }, "geometry": { "type": "Point", "coordinates": [ 139.5798087, 35.7031485 ] } },
{ "type": "Feature", "properties": { "Title": "Kii-Katsuura Station", "placeList": "駅", "Note": null, "Latitude": 33.6281521, "Longitude": 135.9414177 }, "geometry": { "type": "Point", "coordinates": [ 135.941417699999988, 33.6281521 ] } },
{ "type": "Feature", "properties": { "Title": "Kimiidera Station", "placeList": "駅", "Note": null, "Latitude": 34.1881934, "Longitude": 135.1876217 }, "geometry": { "type": "Point", "coordinates": [ 135.1876217, 34.1881934 ] } },
{ "type": "Feature", "properties": { "Title": "Kinshichō Station", "placeList": "駅", "Note": null, "Latitude": 35.696779, "Longitude": 139.8139718 }, "geometry": { "type": "Point", "coordinates": [ 139.8139718, 35.696779 ] } },
{ "type": "Feature", "properties": { "Title": "Kitachō 木太町", "placeList": "駅", "Note": null, "Latitude": 34.3318915, "Longitude": 134.0799934 }, "geometry": { "type": "Point", "coordinates": [ 134.0799934, 34.3318915 ] } },
{ "type": "Feature", "properties": { "Title": "Komagome Station", "placeList": "駅", "Note": null, "Latitude": 35.7365665, "Longitude": 139.7470098 }, "geometry": { "type": "Point", "coordinates": [ 139.7470098, 35.7365665 ] } },
{ "type": "Feature", "properties": { "Title": "Korakuen Sta.", "placeList": "駅", "Note": null, "Latitude": 35.7084859, "Longitude": 139.7518216 }, "geometry": { "type": "Point", "coordinates": [ 139.7518216, 35.7084859 ] } },
{ "type": "Feature", "properties": { "Title": "Kotoni Station", "placeList": "駅", "Note": null, "Latitude": 43.0755475, "Longitude": 141.3042342 }, "geometry": { "type": "Point", "coordinates": [ 141.3042342, 43.0755475 ] } },
{ "type": "Feature", "properties": { "Title": "Kurihama 久里浜", "placeList": "駅", "Note": null, "Latitude": 35.2331101, "Longitude": 139.7013339 }, "geometry": { "type": "Point", "coordinates": [ 139.7013339, 35.2331101 ] } },
{ "type": "Feature", "properties": { "Title": "Kurobe-Unazukionsen Station", "placeList": "駅", "Note": null, "Latitude": 36.8742374, "Longitude": 137.4814155 }, "geometry": { "type": "Point", "coordinates": [ 137.4814155, 36.8742374 ] } },
{ "type": "Feature", "properties": { "Title": "Kōenji Station", "placeList": "駅", "Note": null, "Latitude": 35.7053168, "Longitude": 139.6496915 }, "geometry": { "type": "Point", "coordinates": [ 139.649691499999989, 35.7053168 ] } },
{ "type": "Feature", "properties": { "Title": "Matsubara Station", "placeList": "駅", "Note": null, "Latitude": 35.6601171, "Longitude": 139.6419699 }, "geometry": { "type": "Point", "coordinates": [ 139.6419699, 35.6601171 ] } },
{ "type": "Feature", "properties": { "Title": "Meguro Station", "placeList": "駅", "Note": null, "Latitude": 35.6340929, "Longitude": 139.7158331 }, "geometry": { "type": "Point", "coordinates": [ 139.7158331, 35.6340929 ] } },
{ "type": "Feature", "properties": { "Title": "Meidaimae Station", "placeList": "駅", "Note": null, "Latitude": 35.6684407, "Longitude": 139.6504908 }, "geometry": { "type": "Point", "coordinates": [ 139.6504908, 35.6684407 ] } },
{ "type": "Feature", "properties": { "Title": "Mejiro Station", "placeList": "駅", "Note": null, "Latitude": 35.7212199, "Longitude": 139.7066115 }, "geometry": { "type": "Point", "coordinates": [ 139.7066115, 35.7212199 ] } },
{ "type": "Feature", "properties": { "Title": "Minami-Otaru Station", "placeList": "駅", "Note": null, "Latitude": 43.1867017, "Longitude": 141.0077824 }, "geometry": { "type": "Point", "coordinates": [ 141.0077824, 43.1867017 ] } },
{ "type": "Feature", "properties": { "Title": "Mitake Station", "placeList": "駅", "Note": null, "Latitude": 35.8014448, "Longitude": 139.1829606 }, "geometry": { "type": "Point", "coordinates": [ 139.1829606, 35.8014448 ] } },
{ "type": "Feature", "properties": { "Title": "Mito Station", "placeList": "駅", "Note": null, "Latitude": 36.3707326, "Longitude": 140.4762789 }, "geometry": { "type": "Point", "coordinates": [ 140.476278900000011, 36.3707326 ] } },
{ "type": "Feature", "properties": { "Title": "Miyanosaka Station", "placeList": "駅", "Note": null, "Latitude": 35.6478292, "Longitude": 139.6449316 }, "geometry": { "type": "Point", "coordinates": [ 139.6449316, 35.6478292 ] } },
{ "type": "Feature", "properties": { "Title": "Monzen-nakacho 門前仲町", "placeList": "駅", "Note": null, "Latitude": 35.6720326, "Longitude": 139.7956907 }, "geometry": { "type": "Point", "coordinates": [ 139.7956907, 35.6720326 ] } },
{ "type": "Feature", "properties": { "Title": "Nagatachō Station", "placeList": "駅", "Note": null, "Latitude": 35.6786011, "Longitude": 139.7402861 }, "geometry": { "type": "Point", "coordinates": [ 139.7402861, 35.6786011 ] } },
{ "type": "Feature", "properties": { "Title": "Nakajimakoen Station", "placeList": "駅", "Note": null, "Latitude": 43.0484332, "Longitude": 141.3551586 }, "geometry": { "type": "Point", "coordinates": [ 141.35515860000001, 43.0484332 ] } },
{ "type": "Feature", "properties": { "Title": "Nakano Station", "placeList": "駅", "Note": null, "Latitude": 35.7057972, "Longitude": 139.6657777 }, "geometry": { "type": "Point", "coordinates": [ 139.6657777, 35.7057972 ] } },
{ "type": "Feature", "properties": { "Title": "Nekomata Station", "placeList": "駅", "Note": null, "Latitude": 36.7494782, "Longitude": 137.6415731 }, "geometry": { "type": "Point", "coordinates": [ 137.641573099999988, 36.7494782 ] } },
{ "type": "Feature", "properties": { "Title": "New Chitose Airport Station", "placeList": "駅", "Note": null, "Latitude": 42.7876478, "Longitude": 141.6811348 }, "geometry": { "type": "Point", "coordinates": [ 141.6811348, 42.7876478 ] } },
{ "type": "Feature", "properties": { "Title": "Nihombashi Station", "placeList": "駅", "Note": null, "Latitude": 35.6821193, "Longitude": 139.7747086 }, "geometry": { "type": "Point", "coordinates": [ 139.7747086, 35.6821193 ] } },
{ "type": "Feature", "properties": { "Title": "Niigata Station", "placeList": "駅", "Note": null, "Latitude": 37.9120388, "Longitude": 139.061775 }, "geometry": { "type": "Point", "coordinates": [ 139.061775, 37.9120388 ] } },
{ "type": "Feature", "properties": { "Title": "Nishi-Nippori Station", "placeList": "駅", "Note": null, "Latitude": 35.7328473, "Longitude": 139.7676078 }, "geometry": { "type": "Point", "coordinates": [ 139.7676078, 35.7328473 ] } },
{ "type": "Feature", "properties": { "Title": "Noboribetsu Station", "placeList": "駅", "Note": null, "Latitude": 42.4520638, "Longitude": 141.180381 }, "geometry": { "type": "Point", "coordinates": [ 141.180381, 42.4520638 ] } },
{ "type": "Feature", "properties": { "Title": "Okudachugakko-Mae Station", "placeList": "駅", "Note": null, "Latitude": 36.7035829, "Longitude": 137.2235281 }, "geometry": { "type": "Point", "coordinates": [ 137.22352810000001, 36.7035829 ] } },
{ "type": "Feature", "properties": { "Title": "Omote-Sando Station", "placeList": "駅", "Note": null, "Latitude": 35.6652511, "Longitude": 139.7120921 }, "geometry": { "type": "Point", "coordinates": [ 139.7120921, 35.6652511 ] } },
{ "type": "Feature", "properties": { "Title": "Oshiage Sta.(SKYTREE)", "placeList": "駅", "Note": null, "Latitude": 35.710332, "Longitude": 139.8132971 }, "geometry": { "type": "Point", "coordinates": [ 139.8132971, 35.710332 ] } },
{ "type": "Feature", "properties": { "Title": "Otaru Station", "placeList": "駅", "Note": null, "Latitude": 43.1976982, "Longitude": 140.9936905 }, "geometry": { "type": "Point", "coordinates": [ 140.993690500000014, 43.1976982 ] } },
{ "type": "Feature", "properties": { "Title": "Sakura Station", "placeList": "駅", "Note": null, "Latitude": 35.7097115, "Longitude": 140.2260837 }, "geometry": { "type": "Point", "coordinates": [ 140.2260837, 35.7097115 ] } },
{ "type": "Feature", "properties": { "Title": "Sangenjaya Station", "placeList": "駅", "Note": null, "Latitude": 35.6436566, "Longitude": 139.6700403 }, "geometry": { "type": "Point", "coordinates": [ 139.670040300000011, 35.6436566 ] } },
{ "type": "Feature", "properties": { "Title": "Sapporo Station", "placeList": "駅", "Note": null, "Latitude": 43.0657901, "Longitude": 141.3523723 }, "geometry": { "type": "Point", "coordinates": [ 141.352372300000013, 43.0657901 ] } },
{ "type": "Feature", "properties": { "Title": "Sasazuka Station", "placeList": "駅", "Note": null, "Latitude": 35.6737709, "Longitude": 139.6672855 }, "geometry": { "type": "Point", "coordinates": [ 139.6672855, 35.6737709 ] } },
{ "type": "Feature", "properties": { "Title": "Setagaya Station", "placeList": "駅", "Note": null, "Latitude": 35.6434634, "Longitude": 139.6507137 }, "geometry": { "type": "Point", "coordinates": [ 139.650713700000011, 35.6434634 ] } },
{ "type": "Feature", "properties": { "Title": "Shibuya Station", "placeList": "駅", "Note": null, "Latitude": 35.6580339, "Longitude": 139.7016358 }, "geometry": { "type": "Point", "coordinates": [ 139.7016358, 35.6580339 ] } },
{ "type": "Feature", "properties": { "Title": "Shimbashi Station", "placeList": "駅", "Note": null, "Latitude": 35.666379, "Longitude": 139.7583398 }, "geometry": { "type": "Point", "coordinates": [ 139.758339799999987, 35.666379 ] } },
{ "type": "Feature", "properties": { "Title": "Shimo-takaido Station", "placeList": "駅", "Note": null, "Latitude": 35.6661402, "Longitude": 139.6414073 }, "geometry": { "type": "Point", "coordinates": [ 139.6414073, 35.6661402 ] } },
{ "type": "Feature", "properties": { "Title": "Shin-Kurobe Station", "placeList": "駅", "Note": null, "Latitude": 36.8732343, "Longitude": 137.4809056 }, "geometry": { "type": "Point", "coordinates": [ 137.4809056, 36.8732343 ] } },
{ "type": "Feature", "properties": { "Title": "Shin-Osaka Station", "placeList": "駅", "Note": null, "Latitude": 34.7334658, "Longitude": 135.5002547 }, "geometry": { "type": "Point", "coordinates": [ 135.5002547, 34.7334658 ] } },
{ "type": "Feature", "properties": { "Title": "Shin-Ōkubo Station", "placeList": "駅", "Note": null, "Latitude": 35.7012459, "Longitude": 139.7002258 }, "geometry": { "type": "Point", "coordinates": [ 139.7002258, 35.7012459 ] } },
{ "type": "Feature", "properties": { "Title": "Shinjuku Station", "placeList": "駅", "Note": null, "Latitude": 35.6905539, "Longitude": 139.6995499 }, "geometry": { "type": "Point", "coordinates": [ 139.6995499, 35.6905539 ] } },
{ "type": "Feature", "properties": { "Title": "Sugamo Station", "placeList": "駅", "Note": null, "Latitude": 35.7334192, "Longitude": 139.7392848 }, "geometry": { "type": "Point", "coordinates": [ 139.7392848, 35.7334192 ] } },
{ "type": "Feature", "properties": { "Title": "Susukino Station", "placeList": "駅", "Note": null, "Latitude": 43.0554512, "Longitude": 141.3533139 }, "geometry": { "type": "Point", "coordinates": [ 141.353313899999989, 43.0554512 ] } },
{ "type": "Feature", "properties": { "Title": "TOYAMA STATION", "placeList": "駅", "Note": null, "Latitude": 36.7018268, "Longitude": 137.2126258 }, "geometry": { "type": "Point", "coordinates": [ 137.212625800000012, 36.7018268 ] } },
{ "type": "Feature", "properties": { "Title": "Takadanobaba Station", "placeList": "駅", "Note": null, "Latitude": 35.7125654, "Longitude": 139.7038615 }, "geometry": { "type": "Point", "coordinates": [ 139.703861499999988, 35.7125654 ] } },
{ "type": "Feature", "properties": { "Title": "Takamatsu-chikko", "placeList": "駅", "Note": null, "Latitude": 34.350781, "Longitude": 134.0494761 }, "geometry": { "type": "Point", "coordinates": [ 134.0494761, 34.350781 ] } },
{ "type": "Feature", "properties": { "Title": "Takaosanguchi Station", "placeList": "駅", "Note": null, "Latitude": 35.6322997, "Longitude": 139.270024 }, "geometry": { "type": "Point", "coordinates": [ 139.270024, 35.6322997 ] } },
{ "type": "Feature", "properties": { "Title": "Tawaramachi Station", "placeList": "駅", "Note": null, "Latitude": 35.7098833, "Longitude": 139.7907335 }, "geometry": { "type": "Point", "coordinates": [ 139.790733499999988, 35.7098833 ] } },
{ "type": "Feature", "properties": { "Title": "Togoshi Sta.", "placeList": "駅", "Note": null, "Latitude": 35.6145248, "Longitude": 139.7163324 }, "geometry": { "type": "Point", "coordinates": [ 139.7163324, 35.6145248 ] } },
{ "type": "Feature", "properties": { "Title": "Togoshi-kōen Station", "placeList": "駅", "Note": null, "Latitude": 35.6089128, "Longitude": 139.718384 }, "geometry": { "type": "Point", "coordinates": [ 139.718384, 35.6089128 ] } },
{ "type": "Feature", "properties": { "Title": "Tokyo Station", "placeList": "駅", "Note": null, "Latitude": 35.6812996, "Longitude": 139.7670658 }, "geometry": { "type": "Point", "coordinates": [ 139.767065800000012, 35.6812996 ] } },
{ "type": "Feature", "properties": { "Title": "Tomakomai Station", "placeList": "駅", "Note": null, "Latitude": 42.6397391, "Longitude": 141.5967887 }, "geometry": { "type": "Point", "coordinates": [ 141.5967887, 42.6397391 ] } },
{ "type": "Feature", "properties": { "Title": "Tsukuda Station", "placeList": "駅", "Note": null, "Latitude": 34.0325411, "Longitude": 133.8572249 }, "geometry": { "type": "Point", "coordinates": [ 133.8572249, 34.0325411 ] } },
{ "type": "Feature", "properties": { "Title": "Ueno Station", "placeList": "駅", "Note": null, "Latitude": 35.7141672, "Longitude": 139.7774091 }, "geometry": { "type": "Point", "coordinates": [ 139.7774091, 35.7141672 ] } },
{ "type": "Feature", "properties": { "Title": "Unazuki Station", "placeList": "駅", "Note": null, "Latitude": 36.8150247, "Longitude": 137.5859364 }, "geometry": { "type": "Point", "coordinates": [ 137.5859364, 36.8150247 ] } },
{ "type": "Feature", "properties": { "Title": "Unazukionsen Station", "placeList": "駅", "Note": null, "Latitude": 36.8157746, "Longitude": 137.5836311 }, "geometry": { "type": "Point", "coordinates": [ 137.5836311, 36.8157746 ] } },
{ "type": "Feature", "properties": { "Title": "Ushigome-kagurazaka Sta.", "placeList": "駅", "Note": null, "Latitude": 35.7008576, "Longitude": 139.7358743 }, "geometry": { "type": "Point", "coordinates": [ 139.7358743, 35.7008576 ] } },
{ "type": "Feature", "properties": { "Title": "Wakayama Station", "placeList": "駅", "Note": null, "Latitude": 34.2320507, "Longitude": 135.1911112 }, "geometry": { "type": "Point", "coordinates": [ 135.1911112, 34.2320507 ] } },
{ "type": "Feature", "properties": { "Title": "Wakkanai Station", "placeList": "駅", "Note": null, "Latitude": 45.4171406, "Longitude": 141.6771213 }, "geometry": { "type": "Point", "coordinates": [ 141.67712130000001, 45.4171406 ] } },
{ "type": "Feature", "properties": { "Title": "Waseda Station", "placeList": "駅", "Note": null, "Latitude": 35.7058216, "Longitude": 139.7212004 }, "geometry": { "type": "Point", "coordinates": [ 139.721200399999987, 35.7058216 ] } },
{ "type": "Feature", "properties": { "Title": "Yamadera Station", "placeList": "駅", "Note": null, "Latitude": 38.309597, "Longitude": 140.4347331 }, "geometry": { "type": "Point", "coordinates": [ 140.434733099999988, 38.309597 ] } },
{ "type": "Feature", "properties": { "Title": "Yamagata Station", "placeList": "駅", "Note": null, "Latitude": 38.248568, "Longitude": 140.3274751 }, "geometry": { "type": "Point", "coordinates": [ 140.327475099999987, 38.248568 ] } },
{ "type": "Feature", "properties": { "Title": "Yamashita Station", "placeList": "駅", "Note": null, "Latitude": 35.6539428, "Longitude": 139.6465895 }, "geometry": { "type": "Point", "coordinates": [ 139.6465895, 35.6539428 ] } },
{ "type": "Feature", "properties": { "Title": "Yokohama Station", "placeList": "駅", "Note": null, "Latitude": 35.4656638, "Longitude": 139.6229037 }, "geometry": { "type": "Point", "coordinates": [ 139.6229037, 35.4656638 ] } },
{ "type": "Feature", "properties": { "Title": "Yokosuka Station", "placeList": "駅", "Note": null, "Latitude": 35.284198, "Longitude": 139.654875 }, "geometry": { "type": "Point", "coordinates": [ 139.654875, 35.284198 ] } },
{ "type": "Feature", "properties": { "Title": "Yurakucho Station", "placeList": "駅", "Note": null, "Latitude": 35.6758059, "Longitude": 139.7628031 }, "geometry": { "type": "Point", "coordinates": [ 139.762803100000014, 35.6758059 ] } },
{ "type": "Feature", "properties": { "Title": "Ōimachi Station", "placeList": "駅", "Note": null, "Latitude": 35.6076153, "Longitude": 139.7346592 }, "geometry": { "type": "Point", "coordinates": [ 139.73465920000001, 35.6076153 ] } },
{ "type": "Feature", "properties": { "Title": "Ōmiya Station", "placeList": "駅", "Note": null, "Latitude": 35.9060296, "Longitude": 139.6240123 }, "geometry": { "type": "Point", "coordinates": [ 139.6240123, 35.9060296 ] } },
{ "type": "Feature", "properties": { "Title": "Ōmori Station", "placeList": "駅", "Note": null, "Latitude": 35.5884467, "Longitude": 139.7278683 }, "geometry": { "type": "Point", "coordinates": [ 139.727868300000011, 35.5884467 ] } },
{ "type": "Feature", "properties": { "Title": "Ōtsuka Station", "placeList": "駅", "Note": null, "Latitude": 35.7318105, "Longitude": 139.7282482 }, "geometry": { "type": "Point", "coordinates": [ 139.7282482, 35.7318105 ] } },
{ "type": "Feature", "properties": { "Title": "八栗ケーブル", "placeList": "駅", "Note": null, "Latitude": 34.3551328, "Longitude": 134.1336543 }, "geometry": { "type": "Point", "coordinates": [ 134.133654299999989, 34.3551328 ] } }
]
}
